order_id,customer_id,product_id,quantity,amount_cents,currency,order_ts,status,channel
o000001,c00425,SKU0288,3,1413,USD,2026-03-02T01:43:57,completed,web
o000002,c00953,SKU0328,1,1502,USD,2026-03-15T16:34:10,completed,web
o000003,c00856,SKU0093,4,2216,USD,2026-03-26T13:54:08,cancelled,mobile
o000004,c00354,SKU0184,2,2912,USD,2026-01-27T21:09:41,completed,web
o000005,c00864,SKU0386,1,1908,USD,2025-11-22T08:49:05,completed,mobile
o000006,c00833,SKU0428,5,7465,USD,2026-01-21T05:54:13,completed,api
o000007,c00246,SKU0468,3,2214,USD,2026-04-19T11:17:36,cancelled,web
o000008,c00267,SKU0458,2,2314,USD,2026-04-08T22:33:53,completed,marketplace
o000009,c00859,SKU0199,1,1153,USD,2026-02-19T15:54:25,shipped,web
o000010,c00152,SKU0029,1,991,USD,2026-03-24T04:41:19,completed,mobile
o000011,c00956,SKU0300,1,11228,USD,2026-02-13T14:56:03,completed,web
o000012,c00162,SKU0484,1,1657,USD,2026-04-18T03:13:26,completed,marketplace
o000013,c00572,SKU0310,1,2775,USD,2026-02-27T20:25:53,completed,web
o000014,c00242,SKU0413,1,5541,USD,2026-04-15T04:16:56,cancelled,mobile
o000015,c00969,SKU0110,3,5502,USD,2026-01-02T07:17:15,completed,web
o000016,c00889,SKU0240,2,3490,USD,2026-02-19T20:20:31,completed,web
o000017,c00347,SKU0077,1,2877,USD,2026-03-02T07:53:18,refunded,marketplace
o000018,c00766,SKU0240,1,1745,USD,2026-04-04T19:04:32,completed,web
o000019,c00558,SKU0397,2,6048,USD,2026-03-03T20:26:26,refunded,web
o000020,c00164,SKU0134,2,4118,USD,2026-04-20T18:16:42,shipped,web
o000021,c00950,SKU0380,1,2803,USD,2026-02-16T15:04:10,completed,mobile
o000022,c00548,SKU0146,2,2556,USD,2026-04-02T03:18:12,completed,mobile
o000023,c00552,SKU0237,1,2864,USD,2026-02-27T09:14:46,completed,mobile
o000024,c00161,SKU0360,1,2885,USD,2026-03-17T10:30:25,cancelled,mobile
o000025,c00634,SKU0496,1,4695,USD,2026-04-23T10:08:02,completed,web
o000026,c00836,SKU0378,1,4682,USD,2026-04-06T18:05:10,completed,marketplace
o000027,c00376,SKU0022,1,890,USD,2026-04-25T03:05:11,cancelled,api
o000028,c00628,SKU0446,3,8553,USD,2026-04-09T20:03:39,refunded,web
o000029,c00345,SKU0029,1,991,USD,2026-01-15T19:28:12,completed,mobile
o000030,c00752,SKU0004,1,3346,USD,2026-03-17T20:34:16,completed,mobile
o000031,c00472,SKU0109,2,4384,USD,2026-01-29T23:59:40,completed,mobile
o000032,c00530,SKU0277,1,1657,USD,2026-01-26T21:29:52,cancelled,mobile
o000033,c00367,SKU0432,1,4370,USD,2026-02-23T00:28:52,completed,web
o000034,c00745,SKU0154,1,1745,USD,2026-01-26T16:07:55,completed,mobile
o000035,c00158,SKU0333,5,9065,USD,2026-04-03T23:01:42,completed,web
o000036,c00021,SKU0315,2,5496,USD,2026-01-25T22:19:22,completed,web
o000037,c00566,SKU0358,2,9778,USD,2026-04-13T15:09:45,cancelled,mobile
o000038,c00057,SKU0298,1,877,USD,2026-04-23T13:59:03,refunded,web
o000039,c00923,SKU0475,1,681,USD,2025-12-15T16:44:34,completed,web
o000040,c00879,SKU0314,1,4489,USD,2026-03-27T18:58:24,shipped,web
o000041,c00463,SKU0290,3,5781,USD,2026-03-04T08:29:29,shipped,mobile
o000042,c00434,SKU0435,1,2480,USD,2026-02-12T10:05:37,completed,mobile
o000043,c00240,SKU0120,2,3748,USD,2026-02-09T19:48:35,completed,web
o000044,c00446,SKU0302,1,1627,USD,2026-02-11T12:12:30,refunded,web
o000045,c00940,SKU0010,2,2184,USD,2026-01-12T23:14:13,completed,mobile
o000046,c00835,SKU0073,1,5362,USD,2026-03-31T00:29:03,refunded,web
o000047,c00633,SKU0454,1,1572,USD,2026-04-02T16:44:45,completed,web
o000048,c00983,SKU0017,1,1460,USD,2026-04-21T13:42:00,completed,web
o000049,c00153,SKU0166,2,2706,USD,2026-02-14T02:50:07,completed,mobile
o000050,c00742,SKU0233,3,7719,USD,2026-04-12T15:51:15,refunded,web
o000051,c00802,SKU0316,2,2568,USD,2026-01-19T00:58:33,completed,marketplace
o000052,c00567,SKU0369,1,3586,USD,2026-04-05T05:55:36,completed,mobile
o000053,c00562,SKU0020,3,18426,USD,2026-04-07T14:03:54,cancelled,mobile
o000054,c00447,SKU0421,2,1116,USD,2025-12-19T09:43:55,completed,web
o000055,c00273,SKU0297,1,1196,USD,2026-01-29T22:18:06,completed,web
o000056,c00038,SKU0063,2,3678,USD,2026-03-10T07:58:41,completed,web
o000057,c00060,SKU0378,2,9364,USD,2026-03-15T05:48:29,shipped,web
o000058,c00247,SKU0469,1,1863,USD,2026-04-16T00:50:24,refunded,web
o000059,c00958,SKU0013,3,14352,USD,2026-04-18T03:39:55,cancelled,web
o000060,c00719,SKU0427,2,6996,USD,2026-03-26T20:50:29,completed,mobile
o000061,c00563,SKU0391,2,12518,USD,2026-01-05T20:12:48,completed,web
o000062,c00559,SKU0182,1,1302,USD,2025-12-09T20:12:32,completed,web
o000063,c00560,SKU0232,1,1604,USD,2026-03-11T09:42:55,completed,web
o000064,c00967,SKU0118,1,1789,USD,2026-03-05T03:53:24,shipped,web
o000065,c00933,SKU0160,1,1091,USD,2026-04-05T06:49:04,completed,mobile
o000066,c00065,SKU0270,1,671,USD,2026-04-04T13:39:47,refunded,web
o000067,c00859,SKU0185,1,2209,USD,2026-03-11T06:05:22,refunded,web
o000068,c00525,SKU0319,1,2261,USD,2026-04-07T21:38:14,shipped,mobile
o000069,c00674,SKU0092,3,2772,USD,2026-04-10T19:27:35,refunded,web
o000070,c00102,SKU0371,1,2100,USD,2025-12-23T19:02:10,completed,mobile
o000071,c00158,SKU0242,1,1211,USD,2025-12-29T18:34:53,completed,mobile
o000072,c00756,SKU0487,1,4417,USD,2026-02-01T07:12:06,completed,web
o000073,c00470,SKU0248,2,2356,USD,2025-12-23T20:41:42,completed,mobile
o000074,c00021,SKU0014,2,4486,USD,2026-05-04T04:44:57,completed,mobile
o000075,c00263,SKU0069,1,3981,USD,2026-03-11T21:08:59,completed,marketplace
o000076,c00349,SKU0254,5,5930,USD,2026-03-07T05:40:06,cancelled,web
o000077,c00657,SKU0437,1,458,USD,2026-03-12T02:28:32,completed,web
o000078,c00062,SKU0155,2,1366,USD,2026-02-27T20:50:26,shipped,web
o000079,c00389,SKU0079,2,2292,USD,2026-02-15T22:26:13,completed,mobile
o000080,c00444,SKU0492,2,2016,USD,2026-02-26T21:23:10,refunded,web
o000081,c00852,SKU0221,1,1253,USD,2026-04-06T17:24:28,completed,mobile
o000082,c00475,SKU0186,2,5450,USD,2025-12-30T17:58:43,shipped,web
o000083,c00636,SKU0492,1,1008,USD,2026-03-21T18:26:51,completed,mobile
o000084,c00138,SKU0116,2,5342,USD,2026-04-12T00:44:34,completed,web
o000085,c00234,SKU0486,1,932,USD,2026-01-29T09:33:56,shipped,mobile
o000086,c00536,SKU0005,1,2106,USD,2026-03-11T21:48:09,refunded,web
o000087,c00452,SKU0198,3,3690,USD,2026-04-12T14:35:52,shipped,web
o000088,c00052,SKU0181,1,895,USD,2026-02-03T18:13:10,completed,web
o000089,c00948,SKU0341,1,1378,USD,2026-03-04T17:41:00,completed,web
o000090,c00725,SKU0016,2,1402,USD,2025-12-25T12:28:27,refunded,web
o000091,c00464,SKU0076,1,1047,USD,2026-05-07T23:03:18,completed,web
o000092,c00877,SKU0307,1,1096,USD,2026-02-23T13:13:52,completed,web
o000093,c00648,SKU0127,4,14156,USD,2025-12-02T02:36:52,refunded,mobile
o000094,c00829,SKU0020,1,6142,USD,2025-12-26T02:24:53,completed,mobile
o000095,c00965,SKU0105,2,2934,USD,2026-04-05T11:51:27,completed,web
o000096,c00842,SKU0191,1,338,USD,2026-02-23T16:46:54,completed,web
o000097,c00042,SKU0166,3,4059,USD,2025-12-30T11:50:41,completed,web
o000098,c00936,SKU0069,2,7962,USD,2026-02-02T03:39:34,completed,web
o000099,c00852,SKU0482,2,2074,USD,2026-04-07T10:19:41,cancelled,web
o000100,c00858,SKU0217,1,2530,USD,2026-04-13T20:46:53,completed,web
o000101,c00640,SKU0489,1,2358,USD,2026-03-26T21:41:42,completed,mobile
o000102,c00720,SKU0136,1,704,USD,2026-04-12T04:06:29,cancelled,web
o000103,c00744,SKU0163,3,2181,USD,2025-12-08T10:01:14,cancelled,mobile
o000104,c00434,SKU0385,1,1577,USD,2026-01-15T18:48:39,completed,mobile
o000105,c00643,SKU0026,1,1628,USD,2026-01-23T18:59:06,completed,web
o000106,c00833,SKU0208,1,1259,USD,2026-02-17T06:37:42,completed,web
o000107,c00356,SKU0156,1,671,USD,2026-04-06T23:47:46,completed,mobile
o000108,c00665,SKU0123,1,3451,USD,2026-04-21T18:47:06,completed,web
o000109,c00271,SKU0130,1,2599,USD,2026-04-01T05:31:20,cancelled,web
o000110,c00665,SKU0238,4,2660,USD,2026-03-23T10:57:42,completed,web
o000111,c00033,SKU0316,1,1284,USD,2026-02-20T00:18:42,completed,web
o000112,c00549,SKU0464,2,3964,USD,2026-03-18T04:07:38,shipped,mobile
o000113,c00055,SKU0091,1,1316,USD,2026-02-03T05:13:55,completed,mobile
o000114,c00477,SKU0392,2,3680,USD,2026-03-21T08:37:34,shipped,web
o000115,c00271,SKU0382,2,6148,USD,2026-01-01T07:26:47,shipped,marketplace
o000116,c00552,SKU0335,1,1527,USD,2025-12-12T02:36:47,refunded,mobile
o000117,c00553,SKU0254,2,2372,USD,2025-11-26T15:32:57,completed,web
o000118,c00450,SKU0138,1,1820,USD,2026-01-06T22:30:16,completed,web
o000119,c00222,SKU0378,2,9364,USD,2026-05-09T09:22:05,completed,web
o000120,c00742,SKU0253,1,1021,USD,2026-04-29T19:25:25,completed,web
o000121,c00745,SKU0173,2,1424,USD,2026-03-04T08:42:00,completed,api
o000122,c00455,SKU0398,2,6952,USD,2026-03-15T01:36:44,completed,web
o000123,c00548,SKU0196,3,3720,USD,2026-02-10T12:24:46,completed,mobile
o000124,c00123,SKU0146,3,3834,USD,2026-03-16T04:53:41,refunded,web
o000125,c00747,SKU0063,5,9195,USD,2026-01-17T08:20:55,completed,mobile
o000126,c00553,SKU0339,1,701,USD,2026-04-22T07:29:47,completed,web
o000127,c00072,SKU0144,3,1413,USD,2026-03-26T10:57:13,completed,web
o000128,c00063,SKU0076,2,2094,USD,2026-02-04T02:42:48,completed,web
o000129,c00640,SKU0452,1,2546,USD,2026-04-25T09:46:30,completed,mobile
o000130,c00350,SKU0226,1,1523,USD,2026-01-30T18:06:29,refunded,web
o000131,c00351,SKU0217,1,2530,USD,2026-03-06T11:08:07,completed,mobile
o000132,c00625,SKU0032,2,2446,USD,2026-03-06T14:41:22,completed,mobile
o000133,c00755,SKU0141,1,4650,USD,2026-03-13T12:47:43,completed,web
o000134,c00352,SKU0454,1,1572,USD,2026-03-14T04:12:13,shipped,web
o000135,c00374,SKU0368,2,2846,USD,2026-02-08T09:58:53,completed,mobile
o000136,c00439,SKU0262,1,698,USD,2026-01-20T08:40:43,completed,web
o000137,c00867,SKU0112,2,2264,USD,2026-02-02T13:38:48,completed,mobile
o000138,c00643,SKU0404,1,2548,USD,2026-03-16T10:21:37,completed,mobile
o000139,c00743,SKU0226,1,1523,USD,2026-01-07T16:00:10,completed,web
o000140,c00458,SKU0400,2,3562,USD,2026-03-22T23:08:35,cancelled,web
o000141,c00275,SKU0424,1,2800,USD,2026-04-29T23:43:28,completed,mobile
o000142,c00724,SKU0215,1,2296,USD,2026-02-06T14:30:20,cancelled,web
o000143,c00182,SKU0084,5,3930,USD,2026-03-21T17:54:21,cancelled,web
o000144,c00233,SKU0436,1,6595,USD,2026-04-18T05:36:34,cancelled,web
o000145,c00741,SKU0388,1,2098,USD,2026-01-09T06:13:46,cancelled,web
o000146,c00879,SKU0171,2,2300,USD,2026-05-01T12:06:47,completed,mobile
o000147,c00526,SKU0060,3,12525,USD,2026-04-01T12:56:42,cancelled,web
o000148,c00670,SKU0428,1,1493,USD,2026-02-21T20:22:18,completed,web
o000149,c00162,SKU0189,1,1538,USD,2025-12-12T10:54:11,completed,web
o000150,c00531,SKU0193,1,1684,USD,2026-02-09T22:36:04,completed,web
o000151,c00882,SKU0059,2,2420,USD,2026-01-21T03:38:48,completed,web
o000152,c00337,SKU0012,1,541,USD,2026-04-23T22:06:24,shipped,marketplace
o000153,c00474,SKU0252,1,598,USD,2026-02-26T20:42:11,cancelled,mobile
o000154,c00053,SKU0231,1,4542,USD,2026-02-08T12:14:25,completed,mobile
o000155,c00542,SKU0336,1,634,USD,2026-01-17T02:22:25,cancelled,web
o000156,c00748,SKU0023,3,7845,USD,2026-04-14T03:42:01,refunded,api
o000157,c00619,SKU0375,4,11716,USD,2025-12-14T23:41:47,completed,mobile
o000158,c00473,SKU0372,1,1174,USD,2026-03-19T02:32:10,cancelled,web
o000159,c00329,SKU0143,1,1386,USD,2026-04-19T08:35:36,cancelled,mobile
o000160,c00026,SKU0489,3,7074,USD,2026-05-04T11:49:41,completed,mobile
o000161,c00744,SKU0268,1,1657,USD,2026-03-11T09:54:44,shipped,mobile
o000162,c00259,SKU0420,1,660,USD,2026-03-09T02:46:50,refunded,mobile
o000163,c00753,SKU0015,1,3301,USD,2026-03-22T14:17:45,completed,mobile
o000164,c00741,SKU0197,2,2914,USD,2026-03-04T04:40:40,shipped,web
o000165,c00528,SKU0338,1,3496,USD,2026-03-11T02:20:15,completed,web
o000166,c00864,SKU0159,1,1000,USD,2026-01-06T12:05:58,completed,web
o000167,c00627,SKU0222,1,1102,USD,2026-02-15T05:39:38,completed,web
o000168,c00155,SKU0169,3,4047,USD,2026-03-28T10:14:04,cancelled,web
o000169,c00236,SKU0345,1,2586,USD,2026-03-26T15:49:28,shipped,mobile
o000170,c00665,SKU0295,5,7530,USD,2026-05-08T12:51:33,shipped,web
o000171,c00739,SKU0397,1,3024,USD,2026-04-13T01:25:09,completed,web
o000172,c00663,SKU0431,1,1233,USD,2026-03-29T15:16:44,completed,web
o000173,c00538,SKU0236,1,1853,USD,2026-03-30T21:54:33,completed,web
o000174,c00941,SKU0032,1,1223,USD,2026-04-11T23:24:26,refunded,web
o000175,c00277,SKU0458,1,1157,USD,2025-12-25T15:52:50,completed,web
o000176,c00555,SKU0112,1,1132,USD,2026-04-25T05:53:41,completed,web
o000177,c00934,SKU0150,5,3675,USD,2026-02-22T22:13:04,completed,web
o000178,c00551,SKU0430,1,6918,USD,2025-12-18T15:38:58,completed,web
o000179,c00629,SKU0374,1,1350,USD,2026-03-28T21:57:23,completed,web
o000180,c00527,SKU0045,2,3408,USD,2026-05-03T23:13:41,shipped,web
o000181,c00442,SKU0102,1,2017,USD,2026-03-10T21:34:13,completed,mobile
o000182,c00035,SKU0492,1,1008,USD,2026-01-19T15:24:51,completed,web
o000183,c00773,SKU0235,1,245,USD,2026-01-11T20:15:13,completed,web
o000184,c00754,SKU0492,4,4032,USD,2026-03-08T12:58:00,completed,web
o000185,c00957,SKU0208,1,1259,USD,2026-04-03T05:18:03,shipped,mobile
o000186,c00161,SKU0044,2,4964,USD,2026-03-09T09:51:12,cancelled,web
o000187,c00037,SKU0354,2,5348,USD,2026-02-17T18:31:18,completed,web
o000188,c00556,SKU0104,1,1762,USD,2026-03-29T19:00:02,completed,web
o000189,c00052,SKU0175,1,1402,USD,2026-04-13T05:46:01,completed,marketplace
o000190,c00279,SKU0191,1,338,USD,2026-02-04T16:45:12,refunded,web
o000191,c00251,SKU0381,2,10128,USD,2025-12-28T17:18:31,cancelled,web
o000192,c00068,SKU0437,1,458,USD,2026-04-09T04:59:21,completed,web
o000193,c00660,SKU0164,1,2416,USD,2025-12-14T02:59:33,cancelled,web
o000194,c00851,SKU0232,1,1604,USD,2026-04-05T21:26:09,refunded,mobile
o000195,c00464,SKU0042,1,2480,USD,2026-01-15T12:53:53,completed,web
o000196,c00116,SKU0198,2,2460,USD,2026-05-09T14:15:12,refunded,web
o000197,c00150,SKU0003,1,581,USD,2026-01-13T09:12:05,completed,web
o000198,c00962,SKU0275,1,1309,USD,2026-05-07T08:39:40,completed,web
o000199,c00138,SKU0292,1,1752,USD,2025-12-10T20:36:06,shipped,web
o000200,c00925,SKU0217,1,2530,USD,2026-02-23T21:47:02,completed,web
o000201,c00751,SKU0042,1,2480,USD,2026-04-09T16:50:20,cancelled,marketplace
o000202,c00857,SKU0325,2,4822,USD,2026-05-12T14:11:16,shipped,web
o000203,c00019,SKU0100,1,1431,USD,2026-02-10T18:04:34,cancelled,mobile
o000204,c00061,SKU0442,1,1767,USD,2026-02-24T10:45:12,refunded,mobile
o000205,c00380,SKU0217,1,2530,USD,2026-02-15T18:16:25,refunded,mobile
o000206,c00036,SKU0328,3,4506,USD,2026-04-12T05:10:54,completed,mobile
o000207,c00426,SKU0297,1,1196,USD,2026-03-15T13:43:21,completed,mobile
o000208,c00022,SKU0083,2,1982,USD,2026-01-22T00:09:15,completed,mobile
o000209,c00246,SKU0353,2,3446,USD,2026-01-31T11:15:54,completed,web
o000210,c00358,SKU0477,1,874,USD,2026-04-09T15:34:38,cancelled,web
o000211,c00459,SKU0294,5,10890,USD,2026-04-03T15:52:54,cancelled,web
o000212,c00761,SKU0366,1,1478,USD,2026-02-12T13:54:13,refunded,web
o000213,c00039,SKU0295,1,1506,USD,2026-03-29T00:00:34,completed,mobile
o000214,c00354,SKU0276,1,1601,USD,2026-04-08T23:44:32,completed,web
o000215,c00059,SKU0359,1,2743,USD,2026-05-01T12:22:59,refunded,web
o000216,c00846,SKU0232,2,3208,USD,2026-04-24T01:02:32,refunded,web
o000217,c00875,SKU0433,2,6068,USD,2026-03-12T22:52:19,completed,mobile
o000218,c00255,SKU0031,2,2662,USD,2026-01-01T19:53:11,completed,web
o000219,c00418,SKU0086,1,1247,USD,2026-02-08T04:32:25,completed,web
o000220,c00378,SKU0057,1,518,USD,2026-02-23T10:06:12,completed,web
o000221,c00825,SKU0092,2,1848,USD,2026-04-03T18:21:40,completed,web
o000222,c00051,SKU0195,1,2224,USD,2026-03-30T02:21:09,completed,mobile
o000223,c00471,SKU0118,1,1789,USD,2026-04-27T00:23:25,cancelled,mobile
o000224,c00902,SKU0197,1,1457,USD,2026-03-28T00:55:28,cancelled,mobile
o000225,c00665,SKU0252,1,598,USD,2026-04-27T14:51:23,completed,web
o000226,c00448,SKU0045,1,1704,USD,2026-03-25T19:55:52,completed,web
o000227,c00766,SKU0257,1,5564,USD,2026-01-09T18:33:57,shipped,web
o000228,c00045,SKU0185,1,2209,USD,2026-05-08T12:06:56,completed,mobile
o000229,c00431,SKU0061,5,17335,USD,2026-03-19T03:05:19,completed,mobile
o000230,c00653,SKU0333,2,3626,USD,2026-02-09T05:39:47,completed,mobile
o000231,c00928,SKU0277,1,1657,USD,2026-04-20T05:48:36,cancelled,web
o000232,c00859,SKU0090,1,610,USD,2026-05-06T08:10:08,completed,web
o000233,c00257,SKU0193,1,1684,USD,2026-03-20T02:47:16,refunded,web
o000234,c00474,SKU0367,1,1192,USD,2026-04-23T14:51:59,completed,marketplace
o000235,c00331,SKU0111,2,5184,USD,2026-02-09T22:25:10,refunded,web
o000236,c00351,SKU0050,2,10130,USD,2026-03-15T15:48:37,cancelled,web
o000237,c00633,SKU0095,1,2196,USD,2026-03-05T10:23:44,refunded,mobile
o000238,c00641,SKU0373,4,3128,USD,2026-05-08T01:10:10,cancelled,web
o000239,c00761,SKU0265,2,4546,USD,2026-03-29T07:51:13,cancelled,web
o000240,c00645,SKU0355,1,1097,USD,2026-04-26T19:45:17,shipped,web
o000241,c00761,SKU0288,1,471,USD,2026-03-25T09:37:42,completed,web
o000242,c00737,SKU0357,1,625,USD,2026-04-06T09:43:29,refunded,mobile
o000243,c00565,SKU0446,1,2851,USD,2026-04-16T09:56:38,completed,mobile
o000244,c00882,SKU0092,2,1848,USD,2026-04-20T03:18:35,completed,web
o000245,c00561,SKU0217,1,2530,USD,2026-03-06T00:46:54,refunded,web
o000246,c00060,SKU0091,3,3948,USD,2026-03-04T13:13:56,completed,web
o000247,c00953,SKU0042,3,7440,USD,2026-02-12T12:21:54,shipped,web
o000248,c00306,SKU0395,1,2169,USD,2026-03-03T10:52:31,refunded,web
o000249,c00869,SKU0238,1,665,USD,2026-05-03T14:29:48,refunded,mobile
o000250,c00071,SKU0311,1,1905,USD,2026-04-17T01:13:24,completed,web
o000251,c00916,SKU0241,1,770,USD,2026-04-19T09:55:48,completed,web
o000252,c00253,SKU0193,1,1684,USD,2026-01-16T22:49:22,completed,web
o000253,c00565,SKU0234,1,1499,USD,2025-12-01T05:45:21,completed,web
o000254,c00566,SKU0002,2,3962,USD,2026-04-06T19:24:29,completed,web
o000255,c00768,SKU0295,1,1506,USD,2026-02-14T18:15:25,completed,web
o000256,c00665,SKU0360,3,8655,USD,2026-03-09T16:42:19,shipped,mobile
o000257,c00172,SKU0233,2,5146,USD,2026-04-17T11:40:28,refunded,marketplace
o000258,c00744,SKU0352,1,2939,USD,2026-02-25T22:33:23,refunded,mobile
o000259,c00732,SKU0161,1,1717,USD,2026-01-21T15:58:45,cancelled,marketplace
o000260,c00018,SKU0155,1,683,USD,2026-02-03T02:26:04,completed,marketplace
o000261,c00941,SKU0387,1,671,USD,2026-05-05T22:44:19,cancelled,web
o000262,c00966,SKU0209,5,13460,USD,2026-01-26T17:32:43,refunded,web
o000263,c00831,SKU0038,5,2820,USD,2026-05-02T07:06:01,shipped,web
o000264,c00262,SKU0322,1,574,USD,2026-04-18T16:49:08,completed,web
o000265,c00350,SKU0353,2,3446,USD,2026-03-29T22:26:57,completed,api
o000266,c00165,SKU0276,2,3202,USD,2026-02-13T00:56:12,completed,mobile
o000267,c00389,SKU0322,2,1148,USD,2026-04-21T00:24:24,cancelled,web
o000268,c00825,SKU0500,1,1641,USD,2026-02-17T14:34:28,completed,web
o000269,c00051,SKU0135,2,5148,USD,2026-04-20T18:54:27,cancelled,mobile
o000270,c00477,SKU0422,2,2068,USD,2026-03-03T08:48:00,cancelled,marketplace
o000271,c00778,SKU0319,1,2261,USD,2026-02-03T19:38:12,shipped,web
o000272,c00622,SKU0383,4,6136,USD,2026-04-29T23:27:24,cancelled,web
o000273,c00345,SKU0113,2,2420,USD,2026-03-15T03:20:44,refunded,mobile
o000274,c00263,SKU0001,1,741,USD,2026-03-18T01:41:39,completed,web
o000275,c00652,SKU0115,2,5832,USD,2026-04-10T10:59:35,refunded,mobile
o000276,c00721,SKU0225,1,1553,USD,2026-05-10T15:52:28,cancelled,api
o000277,c00655,SKU0234,1,1499,USD,2026-03-25T06:45:31,completed,mobile
o000278,c00551,SKU0417,1,1442,USD,2026-02-14T22:26:21,completed,web
o000279,c00761,SKU0388,1,2098,USD,2026-03-27T10:45:19,completed,web
o000280,c00540,SKU0459,2,4156,USD,2026-04-05T06:49:29,completed,mobile
o000281,c00258,SKU0127,2,7078,USD,2026-02-16T22:33:08,refunded,web
o000282,c00530,SKU0331,4,5812,USD,2026-02-07T00:06:41,cancelled,marketplace
o000283,c00463,SKU0124,3,7374,USD,2026-04-10T06:01:23,completed,mobile
o000284,c00027,SKU0266,1,2362,USD,2026-03-30T09:07:11,refunded,mobile
o000285,c00554,SKU0341,2,2756,USD,2026-03-29T02:24:47,shipped,web
o000286,c00751,SKU0273,2,2764,USD,2025-12-30T12:32:34,completed,web
o000287,c00120,SKU0216,1,2606,USD,2026-02-20T12:59:43,refunded,marketplace
o000288,c00460,SKU0412,1,1429,USD,2025-12-25T14:06:28,completed,marketplace
o000289,c00139,SKU0494,1,832,USD,2026-02-21T14:46:18,refunded,mobile
o000290,c00841,SKU0277,4,6628,USD,2026-03-19T14:28:10,completed,mobile
o000291,c00775,SKU0040,3,2091,USD,2026-02-26T23:32:59,cancelled,web
o000292,c00644,SKU0477,1,874,USD,2026-03-10T11:52:37,completed,web
o000293,c00635,SKU0331,1,1453,USD,2026-04-05T16:05:47,refunded,web
o000294,c00851,SKU0488,2,4002,USD,2026-03-10T15:46:06,completed,web
o000295,c00547,SKU0256,3,4437,USD,2026-04-25T10:57:09,completed,web
o000296,c00362,SKU0461,2,6228,USD,2026-02-01T23:13:11,completed,mobile
o000297,c00140,SKU0412,4,5716,USD,2026-01-25T21:51:22,refunded,web
o000298,c00273,SKU0019,1,2039,USD,2026-04-03T22:48:28,refunded,web
o000299,c00151,SKU0478,4,5092,USD,2026-02-24T12:00:35,completed,marketplace
o000300,c00783,SKU0114,2,5918,USD,2026-03-11T23:37:40,cancelled,web
o000301,c00074,SKU0142,4,4708,USD,2026-03-17T22:50:52,shipped,web
o000302,c00167,SKU0082,1,769,USD,2026-04-02T01:38:51,completed,mobile
o000303,c00386,SKU0474,2,1954,USD,2026-05-14T06:05:20,completed,mobile
o000304,c00666,SKU0420,1,660,USD,2025-12-04T13:01:11,completed,mobile
o000305,c00143,SKU0164,1,2416,USD,2026-04-15T10:06:48,completed,web
o000306,c00148,SKU0014,1,2243,USD,2026-04-16T13:33:19,completed,mobile
o000307,c00786,SKU0415,3,5382,USD,2026-01-19T09:16:22,completed,marketplace
o000308,c00559,SKU0421,3,1674,USD,2026-04-19T05:39:01,completed,web
o000309,c00127,SKU0037,1,1890,USD,2026-04-24T04:05:51,completed,marketplace
o000310,c00254,SKU0485,1,2721,USD,2026-02-20T22:51:22,shipped,web
o000311,c00658,SKU0367,1,1192,USD,2025-12-06T12:25:44,completed,mobile
o000312,c00552,SKU0088,2,2814,USD,2026-03-03T09:51:25,completed,web
o000313,c00854,SKU0443,2,1946,USD,2026-01-14T03:34:49,completed,web
o000314,c00448,SKU0336,4,2536,USD,2026-03-05T23:15:34,cancelled,web
o000315,c00659,SKU0492,4,4032,USD,2026-02-25T20:47:31,cancelled,mobile
o000316,c00262,SKU0212,1,1375,USD,2026-01-18T15:29:59,cancelled,mobile
o000317,c00131,SKU0096,2,1422,USD,2026-03-05T21:53:17,completed,web
o000318,c00240,SKU0117,2,3804,USD,2026-03-30T09:51:42,cancelled,marketplace
o000319,c00427,SKU0374,2,2700,USD,2026-01-04T18:22:30,completed,web
o000320,c00955,SKU0272,2,3138,USD,2025-12-19T04:07:29,completed,web
o000321,c00345,SKU0429,1,428,USD,2026-04-17T06:23:48,refunded,mobile
o000322,c00562,SKU0087,1,3000,USD,2026-03-23T20:40:49,completed,mobile
o000323,c00452,SKU0299,2,4180,USD,2026-03-09T23:40:25,shipped,web
o000324,c00637,SKU0295,2,3012,USD,2026-02-15T09:45:42,completed,mobile
o000325,c00049,SKU0223,1,3828,USD,2026-03-09T05:40:55,shipped,mobile
o000326,c00654,SKU0164,2,4832,USD,2026-03-26T03:50:50,completed,mobile
o000327,c00321,SKU0099,1,454,USD,2026-04-16T04:42:22,refunded,web
o000328,c00951,SKU0206,1,906,USD,2026-04-16T02:17:43,shipped,web
o000329,c00972,SKU0228,1,1142,USD,2026-04-07T19:07:41,refunded,web
o000330,c00443,SKU0287,1,741,USD,2026-05-05T15:06:05,shipped,web
o000331,c00960,SKU0192,2,2964,USD,2026-02-01T13:11:34,shipped,web
o000332,c00826,SKU0374,1,1350,USD,2026-03-07T02:37:22,completed,web
o000333,c00647,SKU0462,2,2448,USD,2026-03-21T05:14:38,completed,web
o000334,c00855,SKU0417,5,7210,USD,2026-03-12T10:01:44,shipped,web
o000335,c00144,SKU0134,1,2059,USD,2026-03-25T02:24:12,refunded,web
o000336,c00366,SKU0414,1,3365,USD,2026-02-20T16:41:32,refunded,api
o000337,c00236,SKU0139,1,965,USD,2026-01-06T18:36:08,shipped,web
o000338,c00044,SKU0050,2,10130,USD,2026-05-10T21:54:51,refunded,web
o000339,c00042,SKU0274,1,3293,USD,2026-02-28T20:00:04,shipped,web
o000340,c00144,SKU0207,1,5675,USD,2026-04-09T01:54:23,refunded,web
o000341,c00970,SKU0188,2,3338,USD,2026-05-04T15:11:05,cancelled,web
o000342,c00834,SKU0061,2,6934,USD,2026-03-09T07:52:28,completed,mobile
o000343,c00136,SKU0257,3,16692,USD,2026-04-23T19:37:05,shipped,web
o000344,c00961,SKU0444,3,2574,USD,2025-12-14T01:22:00,completed,api
o000345,c00054,SKU0051,1,380,USD,2026-05-07T10:36:47,cancelled,web
o000346,c00348,SKU0468,1,738,USD,2026-03-29T06:34:58,completed,api
o000347,c00044,SKU0455,1,426,USD,2026-01-08T23:54:06,completed,web
o000348,c00339,SKU0218,3,1203,USD,2026-03-22T08:40:42,completed,mobile
o000349,c00273,SKU0283,1,1525,USD,2026-04-23T21:24:06,completed,mobile
o000350,c00641,SKU0432,1,4370,USD,2026-03-23T03:32:30,refunded,marketplace
o000351,c00908,SKU0445,4,11448,USD,2026-03-05T12:02:31,completed,web
o000352,c00767,SKU0106,2,9864,USD,2026-01-25T14:29:44,completed,web
o000353,c00752,SKU0090,1,610,USD,2026-03-11T05:04:47,cancelled,web
o000354,c00865,SKU0096,2,1422,USD,2025-12-18T05:29:14,refunded,mobile
o000355,c00761,SKU0497,1,896,USD,2026-03-07T15:23:31,completed,mobile
o000356,c00043,SKU0001,1,741,USD,2026-01-02T16:26:10,refunded,mobile
o000357,c00185,SKU0288,2,942,USD,2026-04-12T10:55:16,completed,web
o000358,c00764,SKU0477,1,874,USD,2026-05-03T05:22:40,completed,web
o000359,c00468,SKU0114,1,2959,USD,2026-02-10T03:56:41,completed,web
o000360,c00817,SKU0151,1,3420,USD,2026-05-04T17:31:02,completed,web
o000361,c00823,SKU0073,1,5362,USD,2025-12-08T11:24:54,cancelled,mobile
o000362,c00742,SKU0359,1,2743,USD,2026-04-07T19:05:57,refunded,mobile
o000363,c00849,SKU0343,2,4496,USD,2026-01-28T14:44:23,completed,web
o000364,c00429,SKU0282,1,1147,USD,2026-02-09T21:24:28,completed,mobile
o000365,c00894,SKU0157,2,2912,USD,2025-12-25T18:57:56,refunded,mobile
o000366,c00333,SKU0246,1,2288,USD,2026-03-18T06:12:15,refunded,mobile
o000367,c00885,SKU0459,5,10390,USD,2026-01-13T04:09:25,shipped,marketplace
o000368,c00558,SKU0443,2,1946,USD,2026-03-27T21:52:02,completed,web
o000369,c00549,SKU0195,1,2224,USD,2026-01-14T19:13:35,completed,web
o000370,c00578,SKU0329,1,3345,USD,2026-02-26T00:41:59,completed,web
o000371,c00746,SKU0244,2,16720,USD,2026-01-15T04:58:02,shipped,mobile
o000372,c00967,SKU0251,1,2725,USD,2026-04-19T16:25:35,completed,web
o000373,c00146,SKU0161,1,1717,USD,2026-05-06T22:46:31,completed,api
o000374,c00351,SKU0263,1,1223,USD,2026-01-06T01:51:08,completed,mobile
o000375,c00254,SKU0426,2,1736,USD,2026-04-23T06:02:07,completed,mobile
o000376,c00249,SKU0491,2,1540,USD,2026-01-09T01:15:48,completed,web
o000377,c00067,SKU0048,3,3801,USD,2026-01-19T04:23:59,completed,mobile
o000378,c00059,SKU0034,1,1736,USD,2025-11-24T13:05:41,cancelled,web
o000379,c00257,SKU0180,1,2228,USD,2026-04-10T14:24:30,cancelled,mobile
o000380,c00056,SKU0046,4,3352,USD,2026-03-30T12:29:50,completed,web
o000381,c00636,SKU0300,3,33684,USD,2026-04-20T06:58:06,completed,marketplace
o000382,c00655,SKU0079,2,2292,USD,2026-02-07T04:29:08,refunded,web
o000383,c00152,SKU0297,1,1196,USD,2026-02-02T04:53:00,completed,web
o000384,c00252,SKU0337,1,533,USD,2026-03-30T19:33:25,completed,mobile
o000385,c00876,SKU0168,1,1809,USD,2026-03-31T03:26:34,refunded,marketplace
o000386,c00934,SKU0215,1,2296,USD,2026-01-20T01:18:51,completed,web
o000387,c00560,SKU0414,1,3365,USD,2026-02-22T17:42:25,completed,mobile
o000388,c00149,SKU0325,3,7233,USD,2026-03-09T00:30:14,completed,web
o000389,c00088,SKU0106,2,9864,USD,2026-03-11T20:04:09,completed,web
o000390,c00675,SKU0175,1,1402,USD,2026-03-21T15:53:15,shipped,api
o000391,c00965,SKU0023,1,2615,USD,2026-03-02T01:36:15,refunded,web
o000392,c00050,SKU0025,1,951,USD,2026-04-22T03:18:39,completed,mobile
o000393,c00137,SKU0312,1,1317,USD,2026-02-18T08:19:45,completed,web
o000394,c00065,SKU0367,1,1192,USD,2025-12-09T21:17:00,shipped,web
o000395,c00444,SKU0160,1,1091,USD,2026-04-15T12:29:36,cancelled,mobile
o000396,c00845,SKU0026,1,1628,USD,2026-02-08T04:11:45,completed,web
o000397,c00263,SKU0227,1,1005,USD,2026-02-05T08:19:50,completed,mobile
o000398,c00428,SKU0313,3,9036,USD,2026-03-02T17:13:44,refunded,mobile
o000399,c00070,SKU0333,2,3626,USD,2026-03-04T06:25:18,cancelled,mobile
o000400,c00244,SKU0473,1,582,USD,2026-03-08T07:29:27,completed,web
o000401,c00862,SKU0135,2,5148,USD,2026-04-27T04:59:45,shipped,api
o000402,c00050,SKU0069,4,15924,USD,2026-02-11T07:38:07,refunded,web
o000403,c00338,SKU0024,1,1584,USD,2026-04-09T17:08:04,completed,web
o000404,c00858,SKU0270,2,1342,USD,2026-03-21T17:51:50,completed,web
o000405,c00049,SKU0376,1,1624,USD,2026-02-28T06:32:20,shipped,web
o000406,c00944,SKU0472,1,562,USD,2026-04-15T20:48:26,completed,web
o000407,c00370,SKU0299,1,2090,USD,2026-02-13T13:32:25,shipped,web
o000408,c00572,SKU0446,2,5702,USD,2026-02-27T08:42:42,completed,web
o000409,c00373,SKU0389,2,832,USD,2026-04-20T12:54:02,refunded,web
o000410,c00356,SKU0228,2,2284,USD,2026-03-23T08:32:56,completed,web
o000411,c00318,SKU0469,1,1863,USD,2026-04-05T12:49:59,completed,web
o000412,c00634,SKU0243,2,3788,USD,2026-05-07T20:00:08,completed,web
o000413,c00942,SKU0343,3,6744,USD,2026-03-11T13:40:03,completed,mobile
o000414,c00653,SKU0077,2,5754,USD,2026-04-03T21:22:54,completed,mobile
o000415,c00541,SKU0242,1,1211,USD,2026-01-17T12:41:25,completed,web
o000416,c00147,SKU0100,1,1431,USD,2026-04-25T14:37:14,completed,web
o000417,c00437,SKU0040,1,697,USD,2026-03-03T04:29:51,completed,web
o000418,c00050,SKU0015,2,6602,USD,2026-03-01T05:54:04,completed,web
o000419,c00564,SKU0163,1,727,USD,2026-03-06T00:56:52,cancelled,mobile
o000420,c00346,SKU0077,1,2877,USD,2026-03-08T06:33:02,completed,web
o000421,c00350,SKU0351,3,7377,USD,2025-12-28T20:30:00,cancelled,web
o000422,c00266,SKU0153,3,7506,USD,2026-03-14T23:38:49,completed,web
o000423,c00041,SKU0034,5,8680,USD,2026-04-11T22:39:50,completed,web
o000424,c00416,SKU0242,1,1211,USD,2026-05-04T15:40:00,completed,mobile
o000425,c00323,SKU0244,2,16720,USD,2026-02-28T07:46:20,completed,web
o000426,c00374,SKU0162,4,5104,USD,2026-03-13T15:45:33,completed,web
o000427,c00468,SKU0335,1,1527,USD,2026-02-02T19:50:51,completed,web
o000428,c00355,SKU0143,2,2772,USD,2026-02-23T21:56:38,completed,web
o000429,c00255,SKU0189,1,1538,USD,2026-01-27T06:08:00,refunded,mobile
o000430,c00854,SKU0015,1,3301,USD,2026-04-16T02:48:04,completed,marketplace
o000431,c00035,SKU0446,1,2851,USD,2026-04-02T08:09:54,shipped,web
o000432,c00821,SKU0153,5,12510,USD,2025-12-20T06:57:42,shipped,web
o000433,c00922,SKU0446,2,5702,USD,2026-03-10T21:39:38,completed,web
o000434,c00474,SKU0291,1,1561,USD,2026-04-11T20:59:15,refunded,marketplace
o000435,c00816,SKU0141,2,9300,USD,2026-04-27T13:58:14,completed,web
o000436,c00843,SKU0445,1,2862,USD,2026-01-19T03:47:44,completed,web
o000437,c00171,SKU0352,1,2939,USD,2026-04-14T16:25:39,shipped,mobile
o000438,c00147,SKU0324,1,596,USD,2025-12-10T02:01:29,completed,mobile
o000439,c00477,SKU0114,2,5918,USD,2026-04-11T11:02:40,completed,mobile
o000440,c00363,SKU0379,2,3896,USD,2026-03-27T09:34:03,completed,mobile
o000441,c00461,SKU0485,2,5442,USD,2025-12-16T11:49:07,refunded,web
o000442,c00723,SKU0001,1,741,USD,2026-01-17T04:37:21,completed,marketplace
o000443,c00659,SKU0147,1,1012,USD,2026-04-11T06:11:44,shipped,mobile
o000444,c00252,SKU0002,1,1981,USD,2026-04-12T09:07:48,refunded,web
o000445,c00543,SKU0134,1,2059,USD,2026-05-13T00:42:15,cancelled,web
o000446,c00152,SKU0425,1,3532,USD,2026-03-14T00:20:05,completed,web
o000447,c00558,SKU0300,1,11228,USD,2026-04-21T08:53:10,cancelled,web
o000448,c00973,SKU0486,2,1864,USD,2026-04-25T05:25:22,completed,web
o000449,c00574,SKU0024,2,3168,USD,2026-03-06T08:49:58,completed,api
o000450,c00461,SKU0134,1,2059,USD,2026-01-14T12:37:25,cancelled,mobile
o000451,c00733,SKU0191,2,676,USD,2026-03-11T02:58:06,completed,mobile
o000452,c00632,SKU0496,1,4695,USD,2026-03-14T18:18:06,completed,mobile
o000453,c00467,SKU0283,1,1525,USD,2026-03-17T18:08:56,cancelled,mobile
o000454,c00830,SKU0433,3,9102,USD,2026-02-18T04:01:11,shipped,web
o000455,c00648,SKU0022,1,890,USD,2025-12-12T12:51:48,completed,web
o000456,c00061,SKU0280,1,1202,USD,2026-03-23T12:35:11,completed,mobile
o000457,c00530,SKU0348,1,3302,USD,2025-11-23T17:31:22,completed,web
o000458,c00748,SKU0205,2,3660,USD,2026-01-04T20:36:52,shipped,web
o000459,c00871,SKU0404,1,2548,USD,2026-04-03T08:37:18,completed,web
o000460,c00669,SKU0187,2,1692,USD,2026-02-10T03:21:49,shipped,mobile
o000461,c00253,SKU0458,1,1157,USD,2026-04-03T00:55:14,completed,web
o000462,c00528,SKU0224,1,6151,USD,2026-01-12T20:25:35,cancelled,mobile
o000463,c00231,SKU0034,5,8680,USD,2026-04-13T14:39:42,completed,marketplace
o000464,c00355,SKU0149,3,1038,USD,2026-03-24T10:04:51,cancelled,web
o000465,c00837,SKU0456,3,5274,USD,2026-04-01T07:15:31,completed,web
o000466,c00838,SKU0237,3,8592,USD,2026-04-15T08:49:00,completed,web
o000467,c00659,SKU0383,1,1534,USD,2026-01-21T04:58:33,cancelled,web
o000468,c00367,SKU0493,2,1646,USD,2026-03-14T21:10:51,completed,web
o000469,c00737,SKU0302,2,3254,USD,2026-03-23T23:27:09,completed,web
o000470,c00638,SKU0014,1,2243,USD,2026-03-17T03:14:07,completed,web
o000471,c00185,SKU0371,1,2100,USD,2026-03-12T15:26:29,completed,web
o000472,c00653,SKU0090,1,610,USD,2026-03-17T18:15:34,completed,web
o000473,c00341,SKU0435,1,2480,USD,2025-12-31T22:48:21,completed,mobile
o000474,c00672,SKU0039,1,3312,USD,2026-03-10T20:51:08,shipped,marketplace
o000475,c00633,SKU0333,1,1813,USD,2025-12-19T16:05:18,shipped,web
o000476,c00356,SKU0413,1,5541,USD,2026-04-24T11:09:27,cancelled,web
o000477,c00070,SKU0126,1,3264,USD,2026-01-16T05:54:17,completed,mobile
o000478,c00256,SKU0172,1,6055,USD,2025-12-22T01:05:54,shipped,web
o000479,c00941,SKU0186,3,8175,USD,2026-03-23T01:47:34,completed,marketplace
o000480,c00732,SKU0110,5,9170,USD,2026-02-11T15:27:44,refunded,mobile
o000481,c00275,SKU0468,1,738,USD,2026-02-10T09:59:31,completed,web
o000482,c00042,SKU0309,2,4204,USD,2026-04-11T07:43:06,shipped,marketplace
o000483,c00240,SKU0424,1,2800,USD,2025-12-26T01:56:03,cancelled,web
o000484,c00349,SKU0069,3,11943,USD,2026-04-26T10:44:49,completed,mobile
o000485,c00138,SKU0289,1,1029,USD,2025-12-16T12:50:19,completed,web
o000486,c00952,SKU0014,2,4486,USD,2025-12-31T23:43:46,refunded,mobile
o000487,c00956,SKU0458,2,2314,USD,2026-04-18T11:09:50,shipped,mobile
o000488,c00051,SKU0286,3,7641,USD,2026-03-29T11:57:14,refunded,mobile
o000489,c00336,SKU0140,2,5814,USD,2026-03-27T09:03:44,completed,mobile
o000490,c00470,SKU0290,1,1927,USD,2026-02-06T00:40:49,completed,mobile
o000491,c00844,SKU0130,1,2599,USD,2026-01-16T10:43:42,shipped,web
o000492,c00524,SKU0044,2,4964,USD,2026-03-28T10:24:07,completed,web
o000493,c00353,SKU0216,1,2606,USD,2026-04-24T12:20:50,completed,mobile
o000494,c00839,SKU0476,2,3102,USD,2026-03-24T11:26:59,completed,mobile
o000495,c00967,SKU0335,1,1527,USD,2026-02-25T14:14:08,cancelled,marketplace
o000496,c00255,SKU0196,1,1240,USD,2026-04-06T07:40:38,cancelled,web
o000497,c00558,SKU0081,1,2195,USD,2026-03-09T21:56:25,completed,mobile
o000498,c00751,SKU0424,3,8400,USD,2026-02-14T16:04:57,shipped,web
o000499,c00848,SKU0449,1,1054,USD,2026-02-12T18:20:28,completed,web
o000500,c00217,SKU0010,2,2184,USD,2026-04-03T14:05:08,shipped,web
o000501,c00077,SKU0185,1,2209,USD,2026-04-23T13:09:04,completed,web
o000502,c00737,SKU0410,5,7085,USD,2026-03-09T02:21:36,shipped,web
o000503,c00532,SKU0039,1,3312,USD,2026-03-08T10:26:24,refunded,web
o000504,c00257,SKU0021,2,1462,USD,2025-12-08T10:47:58,refunded,web
o000505,c00839,SKU0321,1,1053,USD,2026-02-18T11:54:51,refunded,web
o000506,c00639,SKU0202,1,700,USD,2025-12-30T05:06:44,completed,mobile
o000507,c00466,SKU0089,2,3672,USD,2025-12-26T22:35:57,refunded,web
o000508,c00968,SKU0500,2,3282,USD,2026-02-25T15:50:08,refunded,web
o000509,c00463,SKU0456,1,1758,USD,2026-03-26T18:57:53,shipped,web
o000510,c00417,SKU0144,5,2355,USD,2026-03-21T09:09:14,refunded,web
o000511,c00654,SKU0121,1,969,USD,2026-04-19T16:30:55,completed,web
o000512,c00437,SKU0469,1,1863,USD,2026-01-11T13:28:21,completed,web
o000513,c00258,SKU0491,2,1540,USD,2026-02-02T14:02:24,completed,web
o000514,c00554,SKU0180,1,2228,USD,2026-04-07T08:21:37,completed,web
o000515,c00856,SKU0103,1,380,USD,2026-01-05T04:32:48,cancelled,web
o000516,c00133,SKU0002,5,9905,USD,2026-05-05T21:10:51,completed,mobile
o000517,c00431,SKU0165,1,424,USD,2026-04-27T03:09:08,completed,marketplace
o000518,c00754,SKU0128,3,8379,USD,2026-02-11T20:49:15,completed,mobile
o000519,c00547,SKU0140,4,11628,USD,2026-02-08T00:10:48,completed,web
o000520,c00036,SKU0054,1,2172,USD,2026-03-11T17:46:55,completed,api
o000521,c00469,SKU0417,3,4326,USD,2025-12-28T07:37:47,refunded,mobile
o000522,c00562,SKU0086,3,3741,USD,2026-04-23T23:21:02,completed,mobile
o000523,c00730,SKU0126,3,9792,USD,2026-01-31T21:23:20,shipped,mobile
o000524,c00070,SKU0043,3,8940,USD,2026-01-11T17:46:15,refunded,marketplace
o000525,c00836,SKU0023,2,5230,USD,2026-04-14T05:53:07,refunded,web
o000526,c00042,SKU0319,1,2261,USD,2026-03-18T14:44:55,completed,web
o000527,c00366,SKU0432,1,4370,USD,2026-03-30T05:25:08,completed,web
o000528,c00750,SKU0241,2,1540,USD,2026-04-07T23:13:47,cancelled,web
o000529,c00676,SKU0059,5,6050,USD,2026-04-08T20:20:02,completed,web
o000530,c00062,SKU0106,1,4932,USD,2026-02-27T08:53:09,refunded,web
o000531,c00532,SKU0033,1,981,USD,2026-04-08T12:34:44,completed,mobile
o000532,c00938,SKU0076,3,3141,USD,2026-04-20T05:17:20,completed,mobile
o000533,c00775,SKU0270,1,671,USD,2026-02-27T16:54:01,completed,web
o000534,c00336,SKU0406,2,3880,USD,2026-02-28T09:36:42,cancelled,web
o000535,c00744,SKU0051,2,760,USD,2026-01-22T23:49:31,shipped,web
o000536,c00317,SKU0425,1,3532,USD,2026-03-12T05:16:58,completed,web
o000537,c00444,SKU0089,4,7344,USD,2026-03-20T20:38:15,refunded,mobile
o000538,c00453,SKU0466,2,4698,USD,2026-02-06T19:06:28,completed,web
o000539,c00942,SKU0236,2,3706,USD,2026-03-25T23:09:06,shipped,mobile
o000540,c00124,SKU0308,3,1617,USD,2026-01-15T23:24:28,completed,mobile
o000541,c00238,SKU0097,1,4465,USD,2025-12-08T23:17:19,shipped,web
o000542,c00565,SKU0108,1,4019,USD,2026-04-08T16:33:25,completed,marketplace
o000543,c00252,SKU0436,1,6595,USD,2026-05-12T17:48:04,refunded,mobile
o000544,c00125,SKU0255,1,3512,USD,2026-04-01T17:56:53,completed,api
o000545,c00326,SKU0489,4,9432,USD,2026-01-24T11:36:24,shipped,web
o000546,c00244,SKU0390,4,7324,USD,2025-12-08T22:19:16,shipped,web
o000547,c00449,SKU0420,1,660,USD,2026-04-22T10:55:22,completed,web
o000548,c00733,SKU0056,2,1540,USD,2026-05-11T03:48:03,completed,web
o000549,c00631,SKU0022,1,890,USD,2026-04-12T01:53:18,shipped,web
o000550,c00048,SKU0039,1,3312,USD,2025-12-24T09:06:23,completed,web
o000551,c00964,SKU0047,2,3470,USD,2026-04-18T13:40:47,completed,mobile
o000552,c00274,SKU0339,1,701,USD,2026-01-08T03:28:06,completed,mobile
o000553,c00255,SKU0265,1,2273,USD,2026-03-17T12:33:01,completed,web
o000554,c00369,SKU0400,3,5343,USD,2026-03-31T17:47:08,shipped,api
o000555,c00442,SKU0076,1,1047,USD,2026-01-30T07:06:12,shipped,web
o000556,c00724,SKU0258,2,2732,USD,2026-04-23T07:13:00,shipped,marketplace
o000557,c00542,SKU0170,4,7644,USD,2026-04-18T17:41:42,completed,mobile
o000558,c00833,SKU0133,2,4510,USD,2026-01-12T19:18:18,completed,web
o000559,c00264,SKU0239,1,1011,USD,2026-03-19T19:32:51,completed,api
o000560,c00834,SKU0491,1,770,USD,2026-02-21T07:27:15,shipped,web
o000561,c00861,SKU0488,2,4002,USD,2026-03-17T11:31:33,completed,web
o000562,c00837,SKU0371,1,2100,USD,2026-01-16T17:04:40,shipped,mobile
o000563,c00565,SKU0362,4,6960,USD,2026-01-23T00:13:35,completed,mobile
o000564,c00419,SKU0270,1,671,USD,2026-02-25T17:38:24,shipped,api
o000565,c00875,SKU0259,2,3966,USD,2025-12-31T11:00:40,completed,mobile
o000566,c00062,SKU0235,1,245,USD,2026-02-03T09:17:52,completed,web
o000567,c00218,SKU0240,1,1745,USD,2026-02-24T11:20:01,cancelled,web
o000568,c00063,SKU0451,1,2349,USD,2026-05-09T14:39:09,completed,web
o000569,c00526,SKU0139,1,965,USD,2026-03-28T20:14:56,completed,web
o000570,c00932,SKU0102,1,2017,USD,2026-02-19T02:23:10,cancelled,web
o000571,c00161,SKU0049,2,2806,USD,2026-02-06T18:58:41,refunded,web
o000572,c00451,SKU0229,3,3825,USD,2026-04-15T04:30:49,completed,web
o000573,c00042,SKU0315,2,5496,USD,2026-03-25T18:00:58,shipped,web
o000574,c00642,SKU0374,1,1350,USD,2026-01-03T11:14:09,completed,web
o000575,c00564,SKU0266,1,2362,USD,2026-03-05T14:47:13,shipped,mobile
o000576,c00558,SKU0413,1,5541,USD,2026-02-12T20:16:55,completed,mobile
o000577,c00045,SKU0471,1,796,USD,2026-01-13T11:44:18,refunded,api
o000578,c00546,SKU0317,1,5905,USD,2026-04-18T03:06:06,shipped,mobile
o000579,c00943,SKU0415,1,1794,USD,2026-04-16T14:56:26,shipped,marketplace
o000580,c00926,SKU0225,3,4659,USD,2026-04-07T18:51:53,completed,mobile
o000581,c00962,SKU0297,2,2392,USD,2026-03-07T10:09:24,completed,mobile
o000582,c00846,SKU0392,1,1840,USD,2025-12-22T11:05:02,completed,mobile
o000583,c00836,SKU0448,2,1070,USD,2026-02-27T06:35:43,refunded,mobile
o000584,c00972,SKU0427,1,3498,USD,2026-04-03T14:28:11,completed,web
o000585,c00001,SKU0246,1,2288,USD,2026-02-09T15:47:10,completed,web
o000586,c00745,SKU0034,2,3472,USD,2026-03-02T16:10:49,shipped,marketplace
o000587,c00052,SKU0301,1,616,USD,2026-04-18T12:09:23,shipped,web
o000588,c00370,SKU0143,2,2772,USD,2026-01-28T01:19:00,refunded,web
o000589,c00619,SKU0156,2,1342,USD,2026-04-11T06:29:21,shipped,mobile
o000590,c00947,SKU0380,1,2803,USD,2026-02-03T15:24:01,completed,web
o000591,c00341,SKU0438,2,3570,USD,2025-12-10T04:45:05,completed,api
o000592,c00713,SKU0338,2,6992,USD,2026-01-21T05:51:46,shipped,mobile
o000593,c00741,SKU0331,5,7265,USD,2026-02-28T14:20:26,completed,web
o000594,c00737,SKU0048,1,1267,USD,2026-03-16T07:35:54,completed,web
o000595,c00085,SKU0031,1,1331,USD,2026-01-13T10:48:16,completed,web
o000596,c00863,SKU0224,1,6151,USD,2026-03-05T12:27:33,completed,mobile
o000597,c00843,SKU0311,5,9525,USD,2026-04-04T12:22:53,completed,web
o000598,c00624,SKU0194,1,1743,USD,2026-04-12T21:07:39,completed,mobile
o000599,c00136,SKU0140,2,5814,USD,2026-04-26T01:26:44,cancelled,web
o000600,c00078,SKU0107,1,1345,USD,2026-04-03T19:02:11,completed,mobile
o000601,c00476,SKU0109,1,2192,USD,2026-03-17T03:02:21,completed,web
o000602,c00770,SKU0398,3,10428,USD,2025-12-06T04:45:22,shipped,marketplace
o000603,c00062,SKU0467,1,1461,USD,2026-03-05T21:01:58,completed,mobile
o000604,c00647,SKU0318,1,2809,USD,2026-04-01T08:01:49,shipped,marketplace
o000605,c00966,SKU0338,1,3496,USD,2026-05-10T19:39:25,completed,web
o000606,c00282,SKU0447,5,25795,USD,2026-03-08T10:48:47,refunded,web
o000607,c00746,SKU0180,1,2228,USD,2026-04-16T17:22:14,cancelled,web
o000608,c00666,SKU0034,1,1736,USD,2026-04-02T03:15:29,completed,web
o000609,c00757,SKU0265,1,2273,USD,2026-02-15T01:51:44,completed,web
o000610,c00938,SKU0397,1,3024,USD,2026-04-02T13:51:18,refunded,mobile
o000611,c00370,SKU0185,1,2209,USD,2026-01-19T23:46:24,completed,mobile
o000612,c00383,SKU0248,2,2356,USD,2025-12-02T23:18:49,completed,web
o000613,c00231,SKU0193,1,1684,USD,2026-03-16T19:42:34,completed,web
o000614,c00846,SKU0065,1,949,USD,2026-04-12T05:33:53,completed,mobile
o000615,c00929,SKU0468,2,1476,USD,2026-02-06T17:01:06,completed,web
o000616,c00856,SKU0029,1,991,USD,2026-03-18T03:14:06,completed,mobile
o000617,c00750,SKU0300,2,22456,USD,2026-04-13T07:23:01,completed,web
o000618,c00657,SKU0177,1,8166,USD,2026-02-28T06:30:31,refunded,web
o000619,c00843,SKU0034,1,1736,USD,2026-04-24T09:31:45,completed,mobile
o000620,c00143,SKU0149,1,346,USD,2026-01-22T08:29:30,completed,web
o000621,c00047,SKU0252,3,1794,USD,2026-04-06T07:56:42,cancelled,web
o000622,c00444,SKU0362,1,1740,USD,2026-01-29T23:06:29,completed,mobile
o000623,c00453,SKU0478,2,2546,USD,2026-03-09T20:53:22,refunded,web
o000624,c00764,SKU0137,2,3544,USD,2026-03-05T08:21:47,shipped,web
o000625,c00040,SKU0489,1,2358,USD,2026-04-06T19:00:39,completed,web
o000626,c00651,SKU0178,1,2459,USD,2026-03-27T09:44:20,cancelled,web
o000627,c00453,SKU0327,2,1062,USD,2026-02-20T06:14:52,refunded,web
o000628,c00162,SKU0485,1,2721,USD,2026-04-23T14:45:05,completed,web
o000629,c00756,SKU0410,1,1417,USD,2026-02-22T15:19:41,shipped,web
o000630,c00743,SKU0216,2,5212,USD,2025-12-01T00:26:40,completed,web
o000631,c00443,SKU0094,2,1912,USD,2026-02-02T00:00:18,cancelled,web
o000632,c00569,SKU0462,2,2448,USD,2026-03-30T01:14:36,completed,marketplace
o000633,c00769,SKU0389,1,416,USD,2026-04-18T04:52:13,completed,mobile
o000634,c00335,SKU0409,1,3307,USD,2026-02-06T04:22:14,refunded,web
o000635,c00075,SKU0427,1,3498,USD,2026-04-13T00:41:19,shipped,mobile
o000636,c00956,SKU0348,1,3302,USD,2026-04-27T23:20:26,completed,web
o000637,c00951,SKU0041,2,5680,USD,2026-02-05T20:56:26,cancelled,web
o000638,c00439,SKU0070,4,5404,USD,2026-03-18T04:03:31,completed,web
o000639,c00977,SKU0326,1,1576,USD,2026-03-15T23:07:10,cancelled,mobile
o000640,c00447,SKU0419,2,2608,USD,2026-04-17T04:11:39,completed,mobile
o000641,c00081,SKU0353,1,1723,USD,2026-04-17T21:58:44,completed,marketplace
o000642,c00345,SKU0327,1,531,USD,2026-04-04T10:02:53,refunded,web
o000643,c00152,SKU0268,3,4971,USD,2025-12-23T11:59:33,completed,web
o000644,c00357,SKU0139,1,965,USD,2025-12-07T22:38:19,completed,web
o000645,c00456,SKU0197,1,1457,USD,2026-01-18T11:46:29,completed,api
o000646,c00348,SKU0121,1,969,USD,2026-02-24T15:21:14,cancelled,web
o000647,c00257,SKU0472,1,562,USD,2026-04-18T03:48:11,shipped,web
o000648,c00833,SKU0083,1,991,USD,2026-01-25T23:44:27,completed,web
o000649,c00037,SKU0059,3,3630,USD,2026-04-07T03:45:10,shipped,marketplace
o000650,c00756,SKU0175,3,4206,USD,2025-12-12T03:39:43,shipped,marketplace
o000651,c00658,SKU0043,3,8940,USD,2026-03-02T00:27:25,completed,mobile
o000652,c00634,SKU0062,2,7308,USD,2026-03-20T20:43:03,completed,web
o000653,c00348,SKU0038,3,1692,USD,2026-01-10T09:52:54,refunded,mobile
o000654,c00541,SKU0299,2,4180,USD,2026-04-17T09:30:07,refunded,mobile
o000655,c00943,SKU0282,3,3441,USD,2026-03-06T15:13:04,completed,web
o000656,c00047,SKU0262,2,1396,USD,2026-03-26T23:38:03,completed,web
o000657,c00963,SKU0038,2,1128,USD,2026-04-03T13:05:33,completed,web
o000658,c00066,SKU0421,1,558,USD,2026-04-04T21:55:56,shipped,mobile
o000659,c00538,SKU0252,1,598,USD,2026-04-26T02:29:18,completed,web
o000660,c00987,SKU0496,1,4695,USD,2026-04-03T06:11:49,cancelled,mobile
o000661,c00034,SKU0250,1,1834,USD,2026-05-11T18:10:26,cancelled,marketplace
o000662,c00832,SKU0233,3,7719,USD,2026-02-05T07:30:23,cancelled,web
o000663,c00969,SKU0133,1,2255,USD,2026-03-01T17:13:40,refunded,web
o000664,c00353,SKU0050,1,5065,USD,2026-04-27T01:38:56,completed,web
o000665,c00755,SKU0463,1,2100,USD,2026-04-18T08:56:12,shipped,web
o000666,c00046,SKU0359,3,8229,USD,2026-04-21T02:16:17,completed,mobile
o000667,c00823,SKU0307,1,1096,USD,2026-02-17T14:48:19,cancelled,marketplace
o000668,c00649,SKU0287,1,741,USD,2026-02-07T14:31:07,cancelled,marketplace
o000669,c00515,SKU0081,1,2195,USD,2026-04-23T10:55:39,completed,web
o000670,c00927,SKU0007,1,619,USD,2026-04-12T11:04:26,refunded,web
o000671,c00948,SKU0058,1,3744,USD,2026-03-13T08:07:03,completed,web
o000672,c00076,SKU0376,3,4872,USD,2026-04-07T16:30:28,refunded,mobile
o000673,c00771,SKU0072,4,3996,USD,2026-04-24T02:39:19,shipped,web
o000674,c00801,SKU0125,2,12508,USD,2026-02-23T20:44:47,refunded,web
o000675,c00651,SKU0120,1,1874,USD,2026-04-01T10:31:20,completed,mobile
o000676,c00832,SKU0211,2,2104,USD,2026-03-15T18:02:21,completed,web
o000677,c00740,SKU0013,1,4784,USD,2026-03-23T05:53:40,completed,web
o000678,c00930,SKU0220,1,1024,USD,2026-02-24T16:20:50,completed,web
o000679,c00823,SKU0124,1,2458,USD,2026-03-16T19:11:00,completed,mobile
o000680,c00891,SKU0079,1,1146,USD,2026-02-20T12:05:28,refunded,web
o000681,c00438,SKU0240,1,1745,USD,2026-02-11T06:32:24,refunded,web
o000682,c00379,SKU0232,1,1604,USD,2026-03-26T16:19:36,cancelled,mobile
o000683,c00251,SKU0167,2,3652,USD,2026-01-25T11:39:22,completed,web
o000684,c00545,SKU0236,1,1853,USD,2026-02-07T06:28:56,refunded,mobile
o000685,c00251,SKU0422,1,1034,USD,2025-12-18T06:01:50,completed,web
o000686,c00213,SKU0416,1,456,USD,2026-02-02T16:45:15,completed,web
o000687,c00073,SKU0267,2,4676,USD,2026-03-28T05:12:27,refunded,web
o000688,c00054,SKU0125,1,6254,USD,2026-03-26T17:42:23,completed,web
o000689,c00750,SKU0375,2,5858,USD,2026-02-21T22:31:53,shipped,web
o000690,c00652,SKU0427,1,3498,USD,2026-04-20T23:49:20,cancelled,mobile
o000691,c00662,SKU0373,3,2346,USD,2026-03-08T03:19:54,refunded,web
o000692,c00722,SKU0115,1,2916,USD,2026-01-15T21:48:12,completed,api
o000693,c00976,SKU0091,3,3948,USD,2026-04-22T10:17:45,completed,api
o000694,c00959,SKU0385,2,3154,USD,2026-03-11T21:37:22,shipped,marketplace
o000695,c00153,SKU0233,1,2573,USD,2026-04-29T06:13:26,completed,web
o000696,c00658,SKU0255,5,17560,USD,2026-02-15T04:49:42,completed,mobile
o000697,c00425,SKU0408,1,695,USD,2026-01-18T20:19:23,refunded,web
o000698,c00064,SKU0489,1,2358,USD,2026-01-19T17:47:07,cancelled,web
o000699,c00547,SKU0453,1,2197,USD,2026-02-23T08:17:04,completed,web
o000700,c00951,SKU0463,2,4200,USD,2026-04-01T14:24:44,completed,api
o000701,c00230,SKU0351,2,4918,USD,2026-03-19T05:38:21,completed,mobile
o000702,c00246,SKU0170,1,1911,USD,2026-03-02T17:57:56,completed,web
o000703,c00269,SKU0033,1,981,USD,2026-04-21T21:53:09,completed,web
o000704,c00923,SKU0242,1,1211,USD,2026-01-07T04:17:00,completed,mobile
o000705,c00968,SKU0231,2,9084,USD,2025-12-16T13:26:20,refunded,web
o000706,c00130,SKU0274,4,13172,USD,2026-02-02T04:37:05,completed,marketplace
o000707,c00437,SKU0082,4,3076,USD,2026-03-24T02:49:33,completed,mobile
o000708,c00874,SKU0300,1,11228,USD,2026-02-03T09:06:11,refunded,marketplace
o000709,c00366,SKU0034,2,3472,USD,2026-03-16T19:29:20,shipped,mobile
o000710,c00657,SKU0472,1,562,USD,2026-04-14T16:41:17,completed,web
o000711,c00830,SKU0266,1,2362,USD,2026-03-30T06:30:00,shipped,web
o000712,c00771,SKU0222,1,1102,USD,2026-03-23T16:30:21,completed,web
o000713,c00050,SKU0076,5,5235,USD,2025-12-03T11:32:02,completed,mobile
o000714,c00560,SKU0228,1,1142,USD,2026-03-30T10:29:53,completed,web
o000715,c00767,SKU0032,1,1223,USD,2026-03-28T09:18:33,completed,mobile
o000716,c00197,SKU0081,1,2195,USD,2026-04-20T17:06:50,completed,marketplace
o000717,c00557,SKU0150,1,735,USD,2026-04-01T03:00:22,completed,marketplace
o000718,c00356,SKU0244,1,8360,USD,2026-04-09T15:36:34,completed,web
o000719,c00957,SKU0126,2,6528,USD,2026-04-01T18:07:31,cancelled,web
o000720,c00034,SKU0135,2,5148,USD,2026-02-18T03:09:58,cancelled,web
o000721,c00306,SKU0153,1,2502,USD,2026-02-19T21:05:16,completed,marketplace
o000722,c00651,SKU0368,4,5692,USD,2026-04-15T10:36:56,completed,web
o000723,c00759,SKU0086,2,2494,USD,2026-02-12T18:14:47,shipped,api
o000724,c00273,SKU0184,1,1456,USD,2026-04-24T13:04:20,completed,marketplace
o000725,c00820,SKU0098,1,657,USD,2026-03-16T01:52:10,completed,web
o000726,c00967,SKU0100,2,2862,USD,2026-01-14T00:42:12,completed,web
o000727,c00742,SKU0128,2,5586,USD,2026-03-31T10:03:08,completed,web
o000728,c00571,SKU0166,2,2706,USD,2026-03-22T09:49:48,cancelled,marketplace
o000729,c00746,SKU0324,1,596,USD,2026-01-22T19:38:16,completed,web
o000730,c00233,SKU0307,2,2192,USD,2026-02-12T09:28:23,shipped,mobile
o000731,c00246,SKU0046,1,838,USD,2026-03-26T13:20:38,shipped,web
o000732,c00245,SKU0449,1,1054,USD,2026-02-20T00:48:54,cancelled,mobile
o000733,c00935,SKU0308,1,539,USD,2026-01-23T13:52:23,shipped,web
o000734,c00685,SKU0112,1,1132,USD,2026-02-17T03:09:34,refunded,mobile
o000735,c00152,SKU0084,1,786,USD,2026-01-29T01:18:41,completed,web
o000736,c00850,SKU0466,1,2349,USD,2026-04-17T06:56:41,completed,web
o000737,c00859,SKU0353,1,1723,USD,2026-04-08T10:10:24,refunded,web
o000738,c00751,SKU0027,5,4630,USD,2026-04-17T01:39:49,cancelled,web
o000739,c00369,SKU0473,1,582,USD,2025-12-28T04:21:00,completed,web
o000740,c00444,SKU0197,1,1457,USD,2026-04-14T07:35:15,refunded,mobile
o000741,c00323,SKU0110,1,1834,USD,2026-01-06T15:03:38,completed,marketplace
o000742,c00257,SKU0301,3,1848,USD,2026-03-27T00:02:49,completed,mobile
o000743,c00555,SKU0232,3,4812,USD,2025-12-12T04:21:16,completed,web
o000744,c00562,SKU0360,1,2885,USD,2026-05-03T08:29:00,refunded,web
o000745,c00952,SKU0411,1,4422,USD,2025-12-30T04:41:31,cancelled,mobile
o000746,c00353,SKU0067,2,5158,USD,2026-03-03T19:04:35,refunded,web
o000747,c00522,SKU0181,2,1790,USD,2026-02-09T21:02:26,cancelled,web
o000748,c00361,SKU0409,1,3307,USD,2026-03-08T07:15:10,completed,web
o000749,c00266,SKU0360,1,2885,USD,2026-01-26T08:18:58,completed,marketplace
o000750,c00843,SKU0300,2,22456,USD,2026-02-14T07:00:12,shipped,web
o000751,c00739,SKU0252,1,598,USD,2026-04-06T07:18:34,completed,web
o000752,c00665,SKU0454,1,1572,USD,2026-02-07T15:17:34,shipped,web
o000753,c00636,SKU0043,1,2980,USD,2026-04-10T05:06:38,cancelled,web
o000754,c00951,SKU0250,1,1834,USD,2026-01-11T13:50:02,shipped,marketplace
o000755,c00968,SKU0378,2,9364,USD,2026-01-05T00:19:25,refunded,web
o000756,c00862,SKU0329,1,3345,USD,2026-04-18T23:39:13,completed,mobile
o000757,c00039,SKU0122,2,1062,USD,2026-05-09T00:06:36,completed,web
o000758,c00937,SKU0059,1,1210,USD,2026-03-27T04:53:50,completed,mobile
o000759,c00268,SKU0431,1,1233,USD,2026-03-28T00:42:25,completed,web
o000760,c00032,SKU0038,2,1128,USD,2026-04-15T02:34:20,completed,marketplace
o000761,c00149,SKU0216,1,2606,USD,2026-02-27T06:35:19,completed,mobile
o000762,c00764,SKU0116,2,5342,USD,2026-02-12T15:28:57,shipped,mobile
o000763,c00574,SKU0034,1,1736,USD,2026-01-25T16:49:17,completed,api
o000764,c00245,SKU0088,1,1407,USD,2025-12-15T17:05:56,completed,web
o000765,c00982,SKU0080,1,2672,USD,2026-04-29T08:57:44,shipped,mobile
o000766,c00229,SKU0311,1,1905,USD,2026-03-12T16:36:21,refunded,web
o000767,c00839,SKU0404,1,2548,USD,2026-04-24T04:01:26,completed,mobile
o000768,c00020,SKU0246,2,4576,USD,2026-01-16T18:04:26,completed,web
o000769,c00739,SKU0018,1,1937,USD,2026-01-24T04:32:45,completed,web
o000770,c00668,SKU0481,1,918,USD,2026-02-13T07:19:14,shipped,web
o000771,c00372,SKU0161,1,1717,USD,2026-04-11T09:47:00,completed,web
o000772,c00048,SKU0435,3,7440,USD,2026-03-27T06:17:38,completed,mobile
o000773,c00147,SKU0473,2,1164,USD,2026-03-23T13:00:03,refunded,web
o000774,c00977,SKU0071,1,1302,USD,2026-01-25T14:51:26,completed,web
o000775,c00533,SKU0300,1,11228,USD,2026-04-17T20:50:34,completed,web
o000776,c00551,SKU0495,3,6150,USD,2026-01-21T05:16:36,completed,web
o000777,c00351,SKU0442,1,1767,USD,2026-03-13T00:39:42,refunded,mobile
o000778,c00058,SKU0095,1,2196,USD,2026-02-13T02:57:23,cancelled,mobile
o000779,c00856,SKU0457,3,2358,USD,2026-02-24T21:52:48,shipped,marketplace
o000780,c00345,SKU0270,1,671,USD,2026-01-04T09:08:17,completed,web
o000781,c00938,SKU0211,1,1052,USD,2026-04-20T19:04:08,shipped,mobile
o000782,c00639,SKU0336,1,634,USD,2026-04-11T05:12:34,completed,mobile
o000783,c00753,SKU0102,1,2017,USD,2026-03-28T09:19:15,shipped,web
o000784,c00151,SKU0237,1,2864,USD,2026-02-06T07:26:26,cancelled,mobile
o000785,c00454,SKU0480,1,1020,USD,2026-05-02T02:11:28,completed,mobile
o000786,c00157,SKU0103,1,380,USD,2026-04-03T21:24:32,shipped,mobile
o000787,c00846,SKU0460,2,812,USD,2026-03-26T00:24:50,completed,web
o000788,c00083,SKU0354,1,2674,USD,2026-01-17T22:26:20,completed,web
o000789,c00057,SKU0281,2,3410,USD,2026-01-30T22:17:17,completed,web
o000790,c00645,SKU0062,1,3654,USD,2026-03-30T16:38:13,completed,marketplace
o000791,c00445,SKU0487,3,13251,USD,2026-04-02T23:16:06,shipped,web
o000792,c00753,SKU0035,1,539,USD,2026-03-20T10:18:20,shipped,api
o000793,c00153,SKU0421,3,1674,USD,2026-03-21T03:38:47,completed,mobile
o000794,c00481,SKU0006,2,2346,USD,2026-02-12T08:55:19,completed,mobile
o000795,c00780,SKU0016,2,1402,USD,2026-04-13T06:20:53,cancelled,web
o000796,c00653,SKU0283,5,7625,USD,2026-05-02T09:35:10,completed,web
o000797,c00685,SKU0300,4,44912,USD,2026-04-09T10:33:44,cancelled,web
o000798,c00544,SKU0495,1,2050,USD,2026-02-24T14:17:11,completed,web
o000799,c00669,SKU0276,1,1601,USD,2026-02-27T13:47:12,shipped,web
o000800,c00635,SKU0205,2,3660,USD,2026-02-24T17:40:37,completed,web
o000801,c00535,SKU0410,1,1417,USD,2026-04-02T17:40:03,completed,mobile
o000802,c00763,SKU0316,1,1284,USD,2026-04-21T14:07:05,cancelled,web
o000803,c00251,SKU0240,1,1745,USD,2026-03-04T09:46:33,cancelled,web
o000804,c00303,SKU0421,4,2232,USD,2026-03-24T08:42:23,completed,marketplace
o000805,c00646,SKU0038,3,1692,USD,2026-04-30T07:51:12,completed,mobile
o000806,c00847,SKU0190,1,1932,USD,2026-02-03T07:50:28,refunded,web
o000807,c00638,SKU0438,1,1785,USD,2026-02-08T15:03:56,completed,web
o000808,c00554,SKU0465,2,4886,USD,2026-03-03T08:26:32,cancelled,web
o000809,c00129,SKU0232,1,1604,USD,2026-04-05T11:26:29,cancelled,mobile
o000810,c00255,SKU0048,1,1267,USD,2026-03-29T00:50:02,shipped,web
o000811,c00171,SKU0114,2,5918,USD,2026-05-03T01:59:02,completed,web
o000812,c00570,SKU0483,1,686,USD,2026-03-06T21:04:44,cancelled,mobile
o000813,c00256,SKU0135,1,2574,USD,2026-02-14T05:35:34,refunded,mobile
o000814,c00436,SKU0200,2,4978,USD,2026-04-17T05:49:30,completed,mobile
o000815,c00946,SKU0341,2,2756,USD,2026-04-20T02:36:47,completed,web
o000816,c00119,SKU0297,2,2392,USD,2026-04-10T15:09:48,completed,web
o000817,c00056,SKU0023,2,5230,USD,2026-02-06T16:28:46,cancelled,mobile
o000818,c00967,SKU0002,1,1981,USD,2026-04-10T13:06:32,completed,web
o000819,c00510,SKU0232,2,3208,USD,2026-01-02T00:53:50,completed,web
o000820,c00066,SKU0495,3,6150,USD,2026-02-09T16:34:32,cancelled,api
o000821,c00548,SKU0245,1,1602,USD,2026-02-13T20:15:07,shipped,web
o000822,c00750,SKU0060,1,4175,USD,2026-04-07T17:16:26,completed,web
o000823,c00661,SKU0422,5,5170,USD,2026-03-08T18:44:46,completed,mobile
o000824,c00366,SKU0397,1,3024,USD,2026-03-22T00:40:44,shipped,web
o000825,c00851,SKU0416,1,456,USD,2026-03-13T22:27:41,completed,web
o000826,c00921,SKU0429,1,428,USD,2025-12-25T11:16:05,completed,web
o000827,c00237,SKU0406,1,1940,USD,2026-01-03T23:16:30,cancelled,mobile
o000828,c00447,SKU0410,1,1417,USD,2026-03-17T04:54:35,completed,web
o000829,c00321,SKU0131,3,2514,USD,2025-12-26T10:42:13,completed,web
o000830,c00929,SKU0355,1,1097,USD,2025-12-11T21:12:06,completed,web
o000831,c00464,SKU0064,1,3073,USD,2026-01-31T02:05:40,cancelled,mobile
o000832,c00468,SKU0136,1,704,USD,2026-04-13T12:28:33,refunded,mobile
o000833,c00265,SKU0378,1,4682,USD,2026-01-14T07:41:28,completed,web
o000834,c00421,SKU0156,1,671,USD,2026-03-13T11:41:10,completed,marketplace
o000835,c00651,SKU0208,1,1259,USD,2026-03-22T16:40:00,refunded,web
o000836,c00751,SKU0028,1,1141,USD,2025-12-06T10:33:38,completed,web
o000837,c00763,SKU0397,1,3024,USD,2026-01-25T20:32:38,cancelled,mobile
o000838,c00267,SKU0320,1,601,USD,2026-04-06T07:54:56,refunded,web
o000839,c00029,SKU0464,1,1982,USD,2026-04-30T20:18:16,cancelled,web
o000840,c00342,SKU0342,1,593,USD,2026-04-11T20:56:54,refunded,web
o000841,c00136,SKU0289,2,2058,USD,2026-04-30T16:26:08,shipped,web
o000842,c00282,SKU0308,1,539,USD,2026-02-28T08:04:19,completed,mobile
o000843,c00338,SKU0352,3,8817,USD,2026-04-21T02:23:08,shipped,mobile
o000844,c00623,SKU0334,1,1403,USD,2026-03-24T13:58:25,completed,web
o000845,c00056,SKU0223,1,3828,USD,2026-05-07T19:52:37,completed,web
o000846,c00673,SKU0421,1,558,USD,2026-04-17T15:02:40,completed,web
o000847,c00757,SKU0040,1,697,USD,2026-04-08T09:06:11,completed,web
o000848,c00627,SKU0427,1,3498,USD,2026-03-22T02:39:00,shipped,mobile
o000849,c00241,SKU0345,1,2586,USD,2026-04-16T19:41:24,completed,web
o000850,c00445,SKU0383,2,3068,USD,2026-04-03T21:06:46,completed,mobile
o000851,c00949,SKU0478,1,1273,USD,2026-03-03T10:16:48,refunded,web
o000852,c00223,SKU0213,4,11312,USD,2026-05-08T14:52:42,completed,mobile
o000853,c00261,SKU0409,2,6614,USD,2026-02-26T03:53:10,refunded,mobile
o000854,c00244,SKU0499,2,3672,USD,2026-05-06T04:55:14,completed,web
o000855,c00124,SKU0139,1,965,USD,2026-02-19T12:16:23,cancelled,web
o000856,c00157,SKU0075,1,970,USD,2026-05-12T08:16:34,completed,web
o000857,c00560,SKU0076,3,3141,USD,2025-12-11T06:55:57,completed,web
o000858,c00178,SKU0310,3,8325,USD,2026-01-18T19:41:03,completed,mobile
o000859,c00857,SKU0406,1,1940,USD,2025-12-05T15:37:46,completed,web
o000860,c00833,SKU0473,3,1746,USD,2026-03-23T12:00:47,refunded,marketplace
o000861,c00878,SKU0491,2,1540,USD,2026-03-19T14:36:21,completed,mobile
o000862,c00848,SKU0109,1,2192,USD,2026-03-12T08:33:28,shipped,web
o000863,c00242,SKU0114,4,11836,USD,2026-02-16T11:14:22,completed,mobile
o000864,c00771,SKU0326,1,1576,USD,2026-03-15T01:31:18,completed,marketplace
o000865,c00861,SKU0077,1,2877,USD,2026-04-06T23:13:35,completed,mobile
o000866,c00568,SKU0264,2,6886,USD,2025-12-31T19:53:33,completed,mobile
o000867,c00359,SKU0405,1,1089,USD,2026-03-31T19:02:42,cancelled,marketplace
o000868,c00372,SKU0330,1,2419,USD,2026-04-06T09:26:55,refunded,mobile
o000869,c00043,SKU0154,1,1745,USD,2026-03-08T21:53:26,completed,web
o000870,c00553,SKU0343,1,2248,USD,2026-03-25T07:58:18,completed,web
o000871,c00731,SKU0382,1,3074,USD,2026-02-06T16:10:52,cancelled,mobile
o000872,c00823,SKU0276,1,1601,USD,2026-03-15T04:20:51,completed,web
o000873,c00345,SKU0485,1,2721,USD,2026-04-14T18:14:42,completed,mobile
o000874,c00381,SKU0080,1,2672,USD,2026-04-13T23:38:16,completed,web
o000875,c00861,SKU0166,1,1353,USD,2026-03-08T03:25:39,cancelled,mobile
o000876,c00273,SKU0397,2,6048,USD,2025-12-29T09:18:18,shipped,web
o000877,c00751,SKU0346,1,573,USD,2026-04-20T20:12:53,shipped,web
o000878,c00583,SKU0454,3,4716,USD,2026-02-22T10:40:55,cancelled,mobile
o000879,c00232,SKU0273,1,1382,USD,2026-04-06T18:22:06,completed,web
o000880,c00355,SKU0480,5,5100,USD,2026-03-26T06:39:48,shipped,mobile
o000881,c00258,SKU0195,1,2224,USD,2026-04-18T12:42:38,shipped,web
o000882,c00725,SKU0479,1,3608,USD,2026-05-04T03:05:29,completed,web
o000883,c00053,SKU0198,1,1230,USD,2026-01-06T05:03:33,completed,web
o000884,c00343,SKU0265,2,4546,USD,2026-03-18T21:38:14,shipped,web
o000885,c00239,SKU0004,1,3346,USD,2026-01-02T20:53:45,completed,web
o000886,c00326,SKU0125,1,6254,USD,2026-04-21T12:45:32,completed,mobile
o000887,c00152,SKU0092,1,924,USD,2026-03-27T22:57:52,completed,web
o000888,c00069,SKU0470,1,1067,USD,2026-03-11T09:03:42,completed,web
o000889,c00543,SKU0032,1,1223,USD,2026-05-10T11:16:48,refunded,web
o000890,c00271,SKU0069,1,3981,USD,2026-03-15T04:13:40,completed,web
o000891,c00243,SKU0373,1,782,USD,2026-04-13T06:48:29,cancelled,web
o000892,c00661,SKU0041,4,11360,USD,2026-02-09T04:05:46,completed,web
o000893,c00261,SKU0429,1,428,USD,2026-01-06T03:41:10,refunded,web
o000894,c00527,SKU0378,1,4682,USD,2025-12-30T07:26:11,completed,web
o000895,c00572,SKU0084,1,786,USD,2026-02-10T21:35:18,completed,web
o000896,c00466,SKU0004,2,6692,USD,2026-02-23T04:12:38,completed,marketplace
o000897,c00655,SKU0191,1,338,USD,2026-03-16T04:22:29,completed,marketplace
o000898,c00141,SKU0293,1,3176,USD,2026-03-06T17:03:31,completed,web
o000899,c00833,SKU0354,2,5348,USD,2026-04-16T02:13:28,completed,web
o000900,c00221,SKU0476,1,1551,USD,2026-04-02T07:49:19,shipped,web
o000901,c00252,SKU0456,1,1758,USD,2026-02-15T04:54:18,completed,web
o000902,c00932,SKU0168,5,9045,USD,2026-01-29T13:26:06,completed,marketplace
o000903,c00528,SKU0434,4,5868,USD,2026-03-21T08:35:10,completed,web
o000904,c00663,SKU0188,2,3338,USD,2026-02-12T03:16:21,shipped,web
o000905,c00043,SKU0401,1,908,USD,2026-04-15T13:05:51,completed,marketplace
o000906,c00314,SKU0264,3,10329,USD,2025-12-19T02:12:08,completed,web
o000907,c00931,SKU0430,2,13836,USD,2026-01-18T04:10:43,completed,web
o000908,c00186,SKU0238,1,665,USD,2026-04-06T01:27:20,refunded,mobile
o000909,c00862,SKU0021,1,731,USD,2026-04-14T02:49:23,refunded,marketplace
o000910,c00675,SKU0142,3,3531,USD,2026-03-17T11:24:01,completed,web
o000911,c00262,SKU0243,5,9470,USD,2026-04-06T17:50:05,completed,web
o000912,c00044,SKU0259,1,1983,USD,2026-04-19T09:42:44,completed,web
o000913,c00616,SKU0351,2,4918,USD,2026-02-22T07:04:27,completed,mobile
o000914,c00373,SKU0349,1,1056,USD,2026-03-16T06:48:19,refunded,web
o000915,c00834,SKU0059,1,1210,USD,2026-04-28T04:36:25,cancelled,web
o000916,c00064,SKU0193,3,5052,USD,2026-01-15T01:50:38,cancelled,mobile
o000917,c00024,SKU0140,1,2907,USD,2026-02-21T18:43:06,cancelled,web
o000918,c00758,SKU0441,2,2862,USD,2026-01-07T05:13:06,completed,web
o000919,c00827,SKU0123,3,10353,USD,2026-02-28T00:27:48,completed,marketplace
o000920,c00242,SKU0258,1,1366,USD,2026-02-15T08:27:34,completed,web
o000921,c00162,SKU0241,3,2310,USD,2026-01-01T22:25:03,refunded,web
o000922,c00829,SKU0360,2,5770,USD,2026-02-05T06:23:04,completed,web
o000923,c00749,SKU0281,1,1705,USD,2026-02-25T00:41:28,cancelled,web
o000924,c00584,SKU0472,1,562,USD,2026-04-22T16:49:34,completed,mobile
o000925,c00966,SKU0320,1,601,USD,2026-02-09T11:14:04,completed,mobile
o000926,c00328,SKU0360,5,14425,USD,2025-12-29T07:07:11,refunded,mobile
o000927,c00669,SKU0034,1,1736,USD,2026-02-22T03:30:57,completed,web
o000928,c00450,SKU0080,1,2672,USD,2026-03-17T07:17:18,completed,web
o000929,c00359,SKU0219,1,2570,USD,2025-12-27T21:32:13,completed,web
o000930,c00445,SKU0042,2,4960,USD,2026-02-27T11:07:56,refunded,web
o000931,c00458,SKU0003,1,581,USD,2026-03-30T09:45:35,refunded,mobile
o000932,c00742,SKU0253,2,2042,USD,2026-03-26T13:53:52,completed,mobile
o000933,c00855,SKU0395,1,2169,USD,2026-03-22T06:34:01,completed,web
o000934,c00336,SKU0302,1,1627,USD,2026-03-03T14:53:55,shipped,web
o000935,c00051,SKU0476,1,1551,USD,2026-04-21T21:47:56,cancelled,web
o000936,c00641,SKU0071,1,1302,USD,2026-04-19T07:52:16,shipped,web
o000937,c00957,SKU0337,1,533,USD,2026-03-04T06:03:39,completed,mobile
o000938,c00552,SKU0043,1,2980,USD,2026-04-18T08:59:27,completed,mobile
o000939,c00339,SKU0398,1,3476,USD,2026-05-05T22:11:36,completed,web
o000940,c00755,SKU0403,1,7281,USD,2026-04-18T08:11:48,completed,mobile
o000941,c00858,SKU0328,1,1502,USD,2026-04-13T19:07:14,shipped,web
o000942,c00452,SKU0098,1,657,USD,2026-02-20T13:36:38,shipped,web
o000943,c00144,SKU0086,1,1247,USD,2026-03-10T16:44:16,completed,marketplace
o000944,c00561,SKU0055,3,3675,USD,2026-03-03T11:02:16,completed,web
o000945,c00062,SKU0412,5,7145,USD,2026-01-27T11:15:25,completed,web
o000946,c00445,SKU0173,1,712,USD,2026-04-19T02:06:05,completed,web
o000947,c00751,SKU0152,2,12866,USD,2026-01-02T03:26:15,completed,web
o000948,c00157,SKU0373,3,2346,USD,2026-02-18T22:34:45,refunded,web
o000949,c00531,SKU0119,1,1634,USD,2026-02-19T10:11:54,completed,web
o000950,c00234,SKU0475,1,681,USD,2026-01-31T10:11:12,completed,mobile
o000951,c00354,SKU0358,1,4889,USD,2026-03-01T21:11:22,cancelled,web
o000952,c00684,SKU0064,1,3073,USD,2026-01-16T01:42:41,completed,web
o000953,c00236,SKU0444,1,858,USD,2026-04-10T02:59:38,refunded,marketplace
o000954,c00639,SKU0152,1,6433,USD,2026-01-24T21:22:10,refunded,web
o000955,c00355,SKU0411,2,8844,USD,2026-04-02T17:17:38,shipped,web
o000956,c00275,SKU0365,2,9986,USD,2026-04-02T18:21:54,refunded,web
o000957,c00032,SKU0017,1,1460,USD,2026-02-13T22:21:29,completed,web
o000958,c00478,SKU0378,1,4682,USD,2026-03-20T05:36:26,refunded,web
o000959,c00849,SKU0128,2,5586,USD,2026-04-20T16:43:20,completed,mobile
o000960,c00054,SKU0403,1,7281,USD,2026-04-25T21:29:06,cancelled,mobile
o000961,c00554,SKU0062,2,7308,USD,2026-01-24T04:53:27,refunded,web
o000962,c00978,SKU0129,4,6020,USD,2026-04-10T10:35:14,completed,mobile
o000963,c00945,SKU0461,2,6228,USD,2026-02-22T03:59:08,refunded,web
o000964,c00554,SKU0039,1,3312,USD,2026-03-09T21:59:54,completed,web
o000965,c00875,SKU0163,1,727,USD,2026-02-01T02:47:24,completed,web
o000966,c00527,SKU0249,1,12261,USD,2026-04-08T15:00:09,shipped,mobile
o000967,c00859,SKU0139,1,965,USD,2026-03-18T10:09:38,refunded,web
o000968,c00977,SKU0251,1,2725,USD,2026-02-09T19:39:02,completed,web
o000969,c00850,SKU0289,2,2058,USD,2026-04-25T22:16:13,completed,web
o000970,c00965,SKU0181,1,895,USD,2026-05-02T11:13:05,completed,web
o000971,c00562,SKU0460,1,406,USD,2026-02-16T21:53:40,cancelled,web
o000972,c00952,SKU0156,1,671,USD,2026-04-25T07:30:12,cancelled,mobile
o000973,c00754,SKU0209,1,2692,USD,2026-03-16T21:04:21,completed,web
o000974,c00558,SKU0257,3,16692,USD,2026-02-20T23:22:48,completed,web
o000975,c00649,SKU0273,2,2764,USD,2026-03-15T19:49:10,refunded,mobile
o000976,c00273,SKU0119,1,1634,USD,2026-03-31T16:16:56,refunded,web
o000977,c00069,SKU0244,1,8360,USD,2026-04-11T14:00:49,completed,api
o000978,c00462,SKU0369,1,3586,USD,2026-04-20T04:25:05,completed,marketplace
o000979,c00561,SKU0427,4,13992,USD,2026-03-20T22:11:17,completed,web
o000980,c00356,SKU0138,2,3640,USD,2026-01-18T16:06:37,completed,mobile
o000981,c00855,SKU0186,3,8175,USD,2026-01-27T21:35:59,refunded,web
o000982,c00243,SKU0495,1,2050,USD,2026-03-12T04:20:28,completed,mobile
o000983,c00562,SKU0208,1,1259,USD,2026-04-13T12:25:27,completed,web
o000984,c00957,SKU0008,2,5216,USD,2026-01-26T22:23:57,refunded,web
o000985,c00941,SKU0097,1,4465,USD,2026-04-20T20:54:39,completed,web
o000986,c00767,SKU0390,1,1831,USD,2026-02-12T22:54:45,completed,mobile
o000987,c00872,SKU0428,1,1493,USD,2026-05-06T11:58:29,shipped,web
o000988,c00054,SKU0326,1,1576,USD,2026-01-20T16:28:37,refunded,web
o000989,c00167,SKU0283,1,1525,USD,2025-12-22T12:17:37,completed,web
o000990,c00582,SKU0388,2,4196,USD,2026-03-24T22:21:03,completed,mobile
o000991,c00642,SKU0226,1,1523,USD,2026-03-12T09:55:42,completed,mobile
o000992,c00131,SKU0217,1,2530,USD,2025-12-17T11:55:00,completed,web
o000993,c00750,SKU0095,2,4392,USD,2026-01-29T05:51:36,completed,web
o000994,c00332,SKU0136,1,704,USD,2026-04-21T16:28:56,completed,mobile
o000995,c00634,SKU0016,2,1402,USD,2025-12-22T01:19:46,cancelled,mobile
o000996,c00757,SKU0322,1,574,USD,2026-02-10T12:46:53,completed,web
o000997,c00644,SKU0261,3,2868,USD,2026-04-07T02:54:27,cancelled,web
o000998,c00047,SKU0076,5,5235,USD,2026-03-26T18:09:49,completed,mobile
o000999,c00577,SKU0017,1,1460,USD,2026-02-05T04:42:46,cancelled,web
o001000,c00149,SKU0465,2,4886,USD,2025-12-16T22:23:44,shipped,web
o001001,c00628,SKU0199,4,4612,USD,2026-01-15T11:30:08,refunded,marketplace
o001002,c00177,SKU0203,1,3618,USD,2026-03-29T06:21:12,completed,web
o001003,c00321,SKU0090,3,1830,USD,2025-12-11T06:45:12,completed,web
o001004,c00937,SKU0152,2,12866,USD,2026-04-09T03:02:37,cancelled,mobile
o001005,c00866,SKU0425,2,7064,USD,2026-02-23T02:33:01,completed,mobile
o001006,c00878,SKU0477,1,874,USD,2026-01-22T04:48:08,completed,web
o001007,c00116,SKU0072,2,1998,USD,2026-02-13T13:50:25,shipped,mobile
o001008,c00844,SKU0042,2,4960,USD,2026-04-14T12:33:22,shipped,mobile
o001009,c00952,SKU0428,3,4479,USD,2026-01-02T06:06:39,shipped,marketplace
o001010,c00935,SKU0449,1,1054,USD,2026-01-01T13:25:05,completed,web
o001011,c00345,SKU0016,5,3505,USD,2026-02-27T07:55:54,completed,web
o001012,c00979,SKU0358,3,14667,USD,2026-03-18T22:30:51,completed,web
o001013,c00563,SKU0434,1,1467,USD,2025-12-18T02:19:12,completed,mobile
o001014,c00158,SKU0407,3,6027,USD,2026-02-04T14:18:16,refunded,web
o001015,c00271,SKU0091,1,1316,USD,2026-02-25T10:42:08,completed,mobile
o001016,c00968,SKU0224,2,12302,USD,2026-03-10T10:20:36,completed,web
o001017,c00253,SKU0109,1,2192,USD,2026-04-18T15:41:48,completed,web
o001018,c00933,SKU0302,1,1627,USD,2025-12-09T10:30:17,cancelled,web
o001019,c00439,SKU0404,1,2548,USD,2026-03-21T13:47:43,completed,web
o001020,c00058,SKU0022,2,1780,USD,2026-03-03T11:37:10,cancelled,web
o001021,c00625,SKU0087,2,6000,USD,2026-02-27T04:50:00,completed,web
o001022,c00222,SKU0241,1,770,USD,2026-02-23T18:03:18,cancelled,mobile
o001023,c00959,SKU0279,2,1182,USD,2026-01-15T13:56:11,completed,web
o001024,c00924,SKU0212,1,1375,USD,2026-02-21T05:10:28,cancelled,web
o001025,c00353,SKU0384,5,10880,USD,2026-03-03T14:41:28,shipped,mobile
o001026,c00186,SKU0193,1,1684,USD,2026-02-18T13:19:38,completed,api
o001027,c00341,SKU0051,1,380,USD,2026-04-23T22:16:50,cancelled,web
o001028,c00043,SKU0026,1,1628,USD,2026-02-02T18:38:18,completed,mobile
o001029,c00321,SKU0191,1,338,USD,2026-04-09T01:30:21,completed,web
o001030,c00850,SKU0236,1,1853,USD,2026-04-18T04:21:25,completed,web
o001031,c00854,SKU0078,5,4595,USD,2026-04-12T05:41:11,shipped,web
o001032,c00159,SKU0015,1,3301,USD,2026-01-28T23:57:03,refunded,mobile
o001033,c00279,SKU0302,1,1627,USD,2026-04-14T15:09:49,cancelled,web
o001034,c00857,SKU0462,1,1224,USD,2026-04-16T07:40:42,completed,web
o001035,c00762,SKU0219,1,2570,USD,2025-12-30T06:01:41,completed,marketplace
o001036,c00078,SKU0203,5,18090,USD,2026-04-15T13:26:42,completed,mobile
o001037,c00647,SKU0074,2,1358,USD,2026-04-12T03:00:15,completed,mobile
o001038,c00527,SKU0317,3,17715,USD,2026-03-03T14:32:29,cancelled,web
o001039,c00854,SKU0085,1,729,USD,2026-04-28T00:26:26,completed,web
o001040,c00344,SKU0457,1,786,USD,2026-04-09T16:45:17,completed,mobile
o001041,c00158,SKU0251,1,2725,USD,2026-04-16T04:33:01,completed,mobile
o001042,c00143,SKU0274,1,3293,USD,2026-03-25T21:36:45,shipped,mobile
o001043,c00938,SKU0037,5,9450,USD,2026-04-30T14:32:13,refunded,marketplace
o001044,c00863,SKU0459,1,2078,USD,2026-03-18T12:15:26,completed,web
o001045,c00266,SKU0359,2,5486,USD,2026-03-30T05:05:50,completed,web
o001046,c00524,SKU0142,4,4708,USD,2026-03-16T22:54:23,cancelled,web
o001047,c00151,SKU0409,1,3307,USD,2026-03-11T07:44:16,completed,mobile
o001048,c00476,SKU0139,1,965,USD,2026-02-12T21:07:53,completed,web
o001049,c00262,SKU0492,1,1008,USD,2026-02-18T08:37:28,cancelled,mobile
o001050,c00559,SKU0095,1,2196,USD,2026-03-29T09:29:34,completed,mobile
o001051,c00433,SKU0266,1,2362,USD,2026-03-30T20:32:09,cancelled,mobile
o001052,c00842,SKU0412,2,2858,USD,2026-02-14T11:32:58,shipped,web
o001053,c00732,SKU0006,4,4692,USD,2025-12-26T11:34:28,completed,web
o001054,c00818,SKU0337,3,1599,USD,2026-02-27T14:32:08,shipped,web
o001055,c00953,SKU0213,1,2828,USD,2026-03-24T03:45:07,cancelled,web
o001056,c00057,SKU0393,1,1733,USD,2026-01-21T17:45:40,completed,mobile
o001057,c00526,SKU0404,1,2548,USD,2026-03-07T02:46:07,completed,web
o001058,c00442,SKU0324,1,596,USD,2026-05-02T01:19:28,completed,web
o001059,c00256,SKU0302,1,1627,USD,2025-12-30T23:43:52,completed,mobile
o001060,c00943,SKU0408,1,695,USD,2026-02-19T03:57:49,refunded,web
o001061,c00117,SKU0169,1,1349,USD,2026-04-14T18:49:08,completed,marketplace
o001062,c00263,SKU0140,2,5814,USD,2026-01-17T22:40:59,refunded,web
o001063,c00624,SKU0232,1,1604,USD,2026-04-06T09:15:15,completed,web
o001064,c00282,SKU0052,4,11588,USD,2025-12-31T20:13:12,completed,mobile
o001065,c00647,SKU0106,2,9864,USD,2025-12-14T12:03:22,shipped,web
o001066,c00747,SKU0002,3,5943,USD,2026-02-13T01:01:53,completed,web
o001067,c00754,SKU0331,1,1453,USD,2026-03-30T00:20:50,refunded,web
o001068,c00759,SKU0073,1,5362,USD,2025-12-25T00:21:45,completed,web
o001069,c00354,SKU0121,2,1938,USD,2026-01-29T06:35:32,completed,marketplace
o001070,c00460,SKU0410,4,5668,USD,2026-02-07T01:08:31,cancelled,mobile
o001071,c00454,SKU0391,1,6259,USD,2026-01-10T09:01:59,cancelled,mobile
o001072,c00741,SKU0100,1,1431,USD,2026-05-12T01:32:01,completed,web
o001073,c00131,SKU0440,1,2439,USD,2026-02-17T22:56:15,shipped,mobile
o001074,c00373,SKU0193,1,1684,USD,2026-02-03T06:52:06,completed,marketplace
o001075,c00147,SKU0296,1,1506,USD,2026-01-26T21:36:57,completed,web
o001076,c00053,SKU0189,5,7690,USD,2026-03-11T17:03:06,completed,web
o001077,c00650,SKU0168,3,5427,USD,2026-03-26T07:54:02,completed,web
o001078,c00652,SKU0403,4,29124,USD,2026-03-05T18:26:20,completed,web
o001079,c00540,SKU0120,1,1874,USD,2026-02-27T16:28:56,completed,web
o001080,c00575,SKU0306,1,1763,USD,2026-01-07T10:24:39,completed,web
o001081,c00376,SKU0422,1,1034,USD,2026-01-19T04:57:06,completed,web
o001082,c00165,SKU0051,3,1140,USD,2026-04-01T22:59:05,completed,web
o001083,c00944,SKU0102,1,2017,USD,2026-03-15T10:02:11,completed,web
o001084,c00043,SKU0342,2,1186,USD,2026-02-02T05:02:17,shipped,web
o001085,c00462,SKU0451,2,4698,USD,2026-02-04T15:44:29,shipped,web
o001086,c00550,SKU0328,1,1502,USD,2026-01-29T03:28:58,refunded,api
o001087,c00262,SKU0006,2,2346,USD,2026-02-26T01:05:43,shipped,web
o001088,c00646,SKU0251,2,5450,USD,2026-04-14T12:50:20,refunded,web
o001089,c00153,SKU0124,2,4916,USD,2026-02-17T08:54:24,refunded,web
o001090,c00229,SKU0285,1,1369,USD,2026-01-24T11:47:23,completed,web
o001091,c00154,SKU0207,1,5675,USD,2025-12-31T20:42:28,completed,web
o001092,c00585,SKU0404,1,2548,USD,2026-04-25T05:00:18,completed,web
o001093,c00033,SKU0428,1,1493,USD,2026-03-28T19:37:29,completed,mobile
o001094,c00545,SKU0429,4,1712,USD,2026-02-20T21:15:06,shipped,mobile
o001095,c00369,SKU0392,4,7360,USD,2026-02-28T11:08:14,shipped,web
o001096,c00416,SKU0046,1,838,USD,2026-02-16T02:52:59,refunded,api
o001097,c00259,SKU0347,1,1174,USD,2026-05-07T15:32:13,refunded,web
o001098,c00056,SKU0276,4,6404,USD,2026-04-09T05:08:55,completed,web
o001099,c00368,SKU0184,1,1456,USD,2026-02-10T22:50:02,shipped,web
o001100,c00330,SKU0321,1,1053,USD,2026-04-10T10:04:09,completed,marketplace
o001101,c00227,SKU0368,2,2846,USD,2026-03-13T18:42:26,refunded,web
o001102,c00875,SKU0440,1,2439,USD,2026-02-10T03:27:43,cancelled,mobile
o001103,c00842,SKU0466,1,2349,USD,2026-01-17T18:21:10,completed,marketplace
o001104,c00682,SKU0234,1,1499,USD,2026-03-02T09:31:30,cancelled,mobile
o001105,c00378,SKU0013,2,9568,USD,2026-02-14T03:01:45,completed,mobile
o001106,c00838,SKU0376,1,1624,USD,2026-04-15T03:19:38,shipped,mobile
o001107,c00950,SKU0046,2,1676,USD,2026-02-23T06:45:28,shipped,web
o001108,c00370,SKU0082,2,1538,USD,2026-03-27T07:58:27,completed,mobile
o001109,c00334,SKU0310,1,2775,USD,2026-04-19T20:35:45,refunded,web
o001110,c00277,SKU0137,2,3544,USD,2026-02-26T14:12:05,completed,mobile
o001111,c00962,SKU0182,1,1302,USD,2026-02-11T14:53:00,completed,mobile
o001112,c00475,SKU0103,1,380,USD,2026-03-30T05:51:41,refunded,web
o001113,c00839,SKU0163,2,1454,USD,2026-03-11T06:34:40,completed,mobile
o001114,c00481,SKU0166,5,6765,USD,2026-04-28T14:14:04,refunded,mobile
o001115,c00437,SKU0042,3,7440,USD,2026-04-13T21:25:55,completed,web
o001116,c00834,SKU0272,1,1569,USD,2026-04-30T09:01:40,cancelled,web
o001117,c00928,SKU0213,1,2828,USD,2026-03-31T08:57:30,completed,marketplace
o001118,c00858,SKU0324,2,1192,USD,2026-04-24T13:21:34,completed,web
o001119,c00222,SKU0029,1,991,USD,2025-12-22T12:30:12,completed,web
o001120,c00370,SKU0209,1,2692,USD,2026-03-14T13:48:04,cancelled,web
o001121,c00060,SKU0411,2,8844,USD,2026-03-29T10:47:22,completed,api
o001122,c00747,SKU0372,2,2348,USD,2026-01-06T11:36:32,completed,mobile
o001123,c00353,SKU0008,1,2608,USD,2026-01-25T06:21:32,cancelled,mobile
o001124,c00277,SKU0265,2,4546,USD,2026-01-07T04:27:12,completed,web
o001125,c00855,SKU0056,1,770,USD,2026-02-27T10:04:46,completed,mobile
o001126,c00041,SKU0363,3,6582,USD,2026-02-05T11:57:45,shipped,mobile
o001127,c00062,SKU0323,4,2924,USD,2025-12-14T01:16:17,shipped,web
o001128,c00961,SKU0309,2,4204,USD,2026-02-27T08:56:27,completed,mobile
o001129,c00065,SKU0096,2,1422,USD,2026-02-18T08:13:35,completed,marketplace
o001130,c00865,SKU0042,2,4960,USD,2026-04-18T10:05:43,completed,web
o001131,c00437,SKU0385,3,4731,USD,2026-04-21T22:15:52,completed,web
o001132,c00764,SKU0394,1,967,USD,2026-02-08T07:55:04,completed,web
o001133,c00675,SKU0166,1,1353,USD,2026-01-27T14:01:16,completed,web
o001134,c00323,SKU0322,2,1148,USD,2025-12-25T04:51:59,completed,mobile
o001135,c00856,SKU0432,4,17480,USD,2026-01-06T09:47:24,completed,web
o001136,c00253,SKU0093,1,554,USD,2026-01-28T22:44:54,refunded,web
o001137,c00439,SKU0165,4,1696,USD,2026-05-03T02:51:28,refunded,mobile
o001138,c00146,SKU0133,1,2255,USD,2026-03-26T06:32:09,completed,web
o001139,c00169,SKU0212,2,2750,USD,2026-01-28T12:04:51,completed,mobile
o001140,c00250,SKU0241,1,770,USD,2026-01-27T17:26:33,completed,mobile
o001141,c00940,SKU0451,2,4698,USD,2026-02-15T02:49:35,shipped,mobile
o001142,c00612,SKU0455,1,426,USD,2026-04-15T04:13:02,shipped,web
o001143,c00472,SKU0322,3,1722,USD,2026-04-11T19:17:46,completed,api
o001144,c00853,SKU0059,5,6050,USD,2026-03-03T17:25:22,completed,mobile
o001145,c00650,SKU0248,1,1178,USD,2026-02-06T12:29:16,completed,web
o001146,c00737,SKU0066,2,5250,USD,2026-04-09T15:57:47,completed,web
o001147,c00957,SKU0080,1,2672,USD,2026-01-22T06:17:45,completed,mobile
o001148,c00263,SKU0378,1,4682,USD,2026-04-17T07:44:53,completed,web
o001149,c00664,SKU0365,1,4993,USD,2026-04-02T06:56:36,completed,web
o001150,c00462,SKU0413,1,5541,USD,2026-02-17T19:53:19,completed,mobile
o001151,c00231,SKU0315,3,8244,USD,2026-04-09T02:07:50,shipped,mobile
o001152,c00860,SKU0228,4,4568,USD,2026-02-21T19:41:45,completed,marketplace
o001153,c00549,SKU0162,2,2552,USD,2026-03-09T02:43:43,completed,web
o001154,c00649,SKU0472,3,1686,USD,2026-03-16T06:48:33,refunded,web
o001155,c00155,SKU0204,1,7248,USD,2025-12-18T12:58:13,completed,web
o001156,c00750,SKU0006,1,1173,USD,2026-03-06T17:10:48,refunded,mobile
o001157,c00144,SKU0263,1,1223,USD,2026-04-22T20:04:44,completed,api
o001158,c00424,SKU0248,2,2356,USD,2025-12-20T13:17:37,refunded,web
o001159,c00461,SKU0221,5,6265,USD,2026-02-01T06:13:28,shipped,web
o001160,c00676,SKU0246,2,4576,USD,2026-04-14T21:44:06,completed,mobile
o001161,c00476,SKU0301,1,616,USD,2026-03-23T02:10:34,completed,web
o001162,c00066,SKU0012,1,541,USD,2026-03-01T01:38:39,completed,web
o001163,c00533,SKU0060,1,4175,USD,2026-02-28T16:17:42,cancelled,web
o001164,c00943,SKU0242,1,1211,USD,2026-04-04T03:40:47,completed,mobile
o001165,c00465,SKU0291,1,1561,USD,2026-04-12T09:20:06,cancelled,mobile
o001166,c00901,SKU0132,3,9525,USD,2026-01-22T18:39:55,refunded,web
o001167,c00942,SKU0146,1,1278,USD,2026-01-30T14:09:07,refunded,mobile
o001168,c00119,SKU0017,1,1460,USD,2026-01-04T02:54:15,completed,web
o001169,c00061,SKU0453,2,4394,USD,2026-01-12T09:21:32,completed,web
o001170,c00474,SKU0062,1,3654,USD,2026-03-28T08:56:47,completed,web
o001171,c00579,SKU0313,5,15060,USD,2025-12-08T14:30:24,cancelled,web
o001172,c00735,SKU0335,2,3054,USD,2026-03-08T19:23:57,refunded,web
o001173,c00358,SKU0173,1,712,USD,2026-02-20T16:44:37,completed,mobile
o001174,c00634,SKU0317,2,11810,USD,2026-03-05T23:45:13,completed,mobile
o001175,c00977,SKU0358,1,4889,USD,2026-01-04T02:30:28,completed,web
o001176,c00165,SKU0141,5,23250,USD,2026-01-13T11:10:51,completed,web
o001177,c00729,SKU0162,1,1276,USD,2026-03-09T14:02:11,shipped,web
o001178,c00260,SKU0135,3,7722,USD,2026-02-15T20:49:36,completed,web
o001179,c00274,SKU0086,2,2494,USD,2026-04-21T07:32:35,refunded,web
o001180,c00749,SKU0310,1,2775,USD,2026-03-05T17:54:05,completed,web
o001181,c00329,SKU0135,3,7722,USD,2026-03-19T00:50:10,cancelled,web
o001182,c00747,SKU0366,2,2956,USD,2026-01-02T02:34:15,shipped,web
o001183,c00622,SKU0077,2,5754,USD,2025-11-30T20:41:57,completed,mobile
o001184,c00532,SKU0352,1,2939,USD,2026-05-01T07:17:49,shipped,web
o001185,c00049,SKU0178,2,4918,USD,2025-12-04T05:37:22,completed,marketplace
o001186,c00180,SKU0280,1,1202,USD,2026-01-19T18:41:11,completed,mobile
o001187,c00369,SKU0058,1,3744,USD,2026-02-01T18:28:13,shipped,web
o001188,c00942,SKU0419,1,1304,USD,2025-12-20T13:10:54,completed,web
o001189,c00821,SKU0063,1,1839,USD,2025-12-27T15:23:43,completed,web
o001190,c00254,SKU0305,2,3234,USD,2026-02-18T12:54:59,shipped,web
o001191,c00965,SKU0195,1,2224,USD,2025-12-14T03:21:06,shipped,mobile
o001192,c00056,SKU0402,2,5708,USD,2026-02-15T04:29:41,cancelled,marketplace
o001193,c00054,SKU0182,2,2604,USD,2026-05-10T10:09:03,refunded,marketplace
o001194,c00883,SKU0269,1,601,USD,2026-04-03T08:18:29,completed,mobile
o001195,c00154,SKU0470,3,3201,USD,2026-03-11T11:21:46,completed,marketplace
o001196,c00352,SKU0108,1,4019,USD,2026-01-12T15:32:13,cancelled,marketplace
o001197,c00221,SKU0033,1,981,USD,2026-03-16T05:55:58,completed,web
o001198,c00483,SKU0354,1,2674,USD,2026-03-20T20:38:20,refunded,web
o001199,c00228,SKU0104,1,1762,USD,2026-01-06T11:39:27,completed,web
o001200,c00350,SKU0260,5,6390,USD,2026-04-04T19:18:37,shipped,web
o001201,c00537,SKU0186,2,5450,USD,2026-02-25T05:31:25,shipped,web
o001202,c00778,SKU0201,2,1334,USD,2026-03-14T10:39:59,completed,mobile
o001203,c00154,SKU0017,1,1460,USD,2026-03-03T08:56:53,completed,web
o001204,c00083,SKU0066,1,2625,USD,2026-03-03T18:49:06,completed,web
o001205,c00274,SKU0288,1,471,USD,2026-02-27T00:50:58,refunded,mobile
o001206,c00235,SKU0387,1,671,USD,2026-02-02T00:03:23,completed,mobile
o001207,c00247,SKU0278,1,2936,USD,2026-03-05T22:25:43,cancelled,web
o001208,c00947,SKU0251,2,5450,USD,2026-03-18T15:08:30,completed,mobile
o001209,c00778,SKU0147,1,1012,USD,2026-02-04T19:57:39,completed,web
o001210,c00643,SKU0159,2,2000,USD,2026-01-19T05:54:34,cancelled,mobile
o001211,c00354,SKU0236,1,1853,USD,2026-01-07T21:17:34,completed,web
o001212,c00433,SKU0269,2,1202,USD,2026-04-26T22:48:19,shipped,mobile
o001213,c00455,SKU0077,1,2877,USD,2026-05-03T23:30:39,completed,web
o001214,c00569,SKU0407,1,2009,USD,2026-02-07T08:51:40,completed,web
o001215,c00757,SKU0287,3,2223,USD,2026-04-17T01:21:56,completed,web
o001216,c00941,SKU0139,3,2895,USD,2026-02-05T23:44:06,completed,marketplace
o001217,c00965,SKU0477,1,874,USD,2026-04-03T05:17:21,completed,mobile
o001218,c00878,SKU0098,1,657,USD,2026-04-21T22:56:20,completed,mobile
o001219,c00953,SKU0045,1,1704,USD,2026-03-30T02:38:23,refunded,marketplace
o001220,c00171,SKU0062,1,3654,USD,2026-03-28T00:45:47,refunded,mobile
o001221,c00973,SKU0164,1,2416,USD,2026-02-28T00:21:36,completed,marketplace
o001222,c00144,SKU0500,1,1641,USD,2026-04-25T08:54:30,completed,marketplace
o001223,c00668,SKU0469,1,1863,USD,2026-02-10T22:26:09,shipped,mobile
o001224,c00148,SKU0072,1,999,USD,2026-03-22T00:07:42,completed,web
o001225,c00558,SKU0079,3,3438,USD,2026-04-02T22:25:49,completed,marketplace
o001226,c00854,SKU0473,1,582,USD,2026-03-19T22:00:07,shipped,mobile
o001227,c00919,SKU0469,2,3726,USD,2026-02-28T05:19:34,completed,web
o001228,c00736,SKU0311,2,3810,USD,2025-12-17T21:20:59,completed,web
o001229,c00645,SKU0355,1,1097,USD,2026-04-11T11:58:01,completed,marketplace
o001230,c00217,SKU0252,1,598,USD,2026-03-10T21:20:46,completed,mobile
o001231,c00134,SKU0117,1,1902,USD,2025-12-20T20:24:17,refunded,web
o001232,c00955,SKU0012,4,2164,USD,2026-03-05T00:50:37,cancelled,web
o001233,c00573,SKU0066,5,13125,USD,2026-04-16T08:22:35,completed,mobile
o001234,c00554,SKU0498,2,4300,USD,2026-01-30T02:12:29,cancelled,web
o001235,c00635,SKU0337,1,533,USD,2026-02-23T13:16:56,completed,web
o001236,c00257,SKU0456,1,1758,USD,2026-01-10T17:26:12,completed,mobile
o001237,c00641,SKU0487,3,13251,USD,2026-04-02T12:45:20,refunded,mobile
o001238,c00646,SKU0477,2,1748,USD,2026-04-20T14:13:26,completed,web
o001239,c00261,SKU0500,2,3282,USD,2026-05-01T15:53:58,completed,web
o001240,c00437,SKU0221,1,1253,USD,2026-04-14T01:36:32,completed,web
o001241,c00252,SKU0045,2,3408,USD,2025-12-05T01:45:58,completed,web
o001242,c00121,SKU0011,2,6480,USD,2026-04-23T00:47:11,completed,web
o001243,c00452,SKU0021,3,2193,USD,2026-01-05T18:47:44,shipped,web
o001244,c00319,SKU0360,5,14425,USD,2026-04-17T01:49:24,refunded,marketplace
o001245,c00768,SKU0303,2,1826,USD,2026-02-23T08:52:18,completed,web
o001246,c00955,SKU0204,1,7248,USD,2026-04-14T23:44:47,completed,web
o001247,c00368,SKU0472,2,1124,USD,2026-04-22T18:39:52,refunded,mobile
o001248,c00742,SKU0187,1,846,USD,2026-04-03T14:09:02,completed,web
o001249,c00889,SKU0307,1,1096,USD,2026-03-21T18:37:34,completed,api
o001250,c00340,SKU0147,1,1012,USD,2026-04-06T04:01:22,completed,mobile
o001251,c00270,SKU0387,1,671,USD,2026-02-12T08:33:32,cancelled,web
o001252,c00714,SKU0187,2,1692,USD,2026-02-07T13:59:08,cancelled,mobile
o001253,c00228,SKU0242,2,2422,USD,2026-05-03T22:03:18,cancelled,mobile
o001254,c00257,SKU0089,3,5508,USD,2026-04-10T05:25:04,refunded,mobile
o001255,c00258,SKU0222,1,1102,USD,2026-03-10T13:25:50,cancelled,web
o001256,c00053,SKU0163,3,2181,USD,2026-02-14T20:08:30,completed,mobile
o001257,c00969,SKU0015,1,3301,USD,2026-04-05T21:25:23,completed,web
o001258,c00067,SKU0056,1,770,USD,2026-04-14T20:35:43,completed,web
o001259,c00485,SKU0011,2,6480,USD,2026-03-27T03:43:19,completed,web
o001260,c00137,SKU0334,1,1403,USD,2026-05-06T22:14:41,completed,web
o001261,c00938,SKU0058,1,3744,USD,2026-02-13T18:45:08,completed,web
o001262,c00157,SKU0046,1,838,USD,2026-05-03T06:11:55,completed,mobile
o001263,c00248,SKU0130,1,2599,USD,2026-02-16T07:46:29,completed,web
o001264,c00756,SKU0430,2,13836,USD,2026-03-14T01:05:53,completed,marketplace
o001265,c00323,SKU0099,1,454,USD,2026-04-08T00:06:53,cancelled,mobile
o001266,c00549,SKU0063,1,1839,USD,2026-04-25T06:26:13,completed,web
o001267,c00941,SKU0237,1,2864,USD,2026-03-01T11:35:43,completed,web
o001268,c00072,SKU0354,1,2674,USD,2026-03-22T05:25:50,completed,web
o001269,c00155,SKU0387,1,671,USD,2026-04-07T01:58:25,completed,mobile
o001270,c00163,SKU0161,2,3434,USD,2026-03-18T18:44:48,refunded,web
o001271,c00239,SKU0014,1,2243,USD,2025-12-27T11:13:33,completed,web
o001272,c00251,SKU0180,2,4456,USD,2026-04-21T01:13:23,refunded,mobile
o001273,c00865,SKU0437,1,458,USD,2026-01-24T12:04:49,completed,mobile
o001274,c00718,SKU0465,3,7329,USD,2025-12-30T14:59:55,completed,web
o001275,c00134,SKU0466,1,2349,USD,2026-04-19T19:22:18,cancelled,web
o001276,c00727,SKU0466,3,7047,USD,2026-03-01T03:57:51,completed,mobile
o001277,c00479,SKU0074,3,2037,USD,2026-04-19T18:15:19,completed,web
o001278,c00841,SKU0364,1,855,USD,2026-04-04T03:13:40,shipped,web
o001279,c00833,SKU0472,1,562,USD,2026-03-01T08:06:50,shipped,web
o001280,c00120,SKU0264,1,3443,USD,2026-04-01T20:48:13,shipped,web
o001281,c00443,SKU0047,4,6940,USD,2026-01-20T03:04:22,shipped,web
o001282,c00118,SKU0414,1,3365,USD,2026-01-18T16:04:59,completed,mobile
o001283,c00352,SKU0296,1,1506,USD,2026-04-23T09:19:07,completed,web
o001284,c00271,SKU0341,2,2756,USD,2025-12-03T13:17:17,shipped,web
o001285,c00549,SKU0236,2,3706,USD,2026-01-03T16:49:12,cancelled,mobile
o001286,c00957,SKU0351,1,2459,USD,2026-04-07T17:22:00,completed,mobile
o001287,c00537,SKU0277,1,1657,USD,2026-01-02T02:41:59,completed,web
o001288,c00252,SKU0207,1,5675,USD,2026-04-28T15:35:17,completed,web
o001289,c00960,SKU0258,2,2732,USD,2026-02-14T23:14:02,cancelled,mobile
o001290,c00550,SKU0289,1,1029,USD,2026-04-26T19:04:29,shipped,marketplace
o001291,c00846,SKU0139,2,1930,USD,2026-05-03T11:25:59,shipped,web
o001292,c00562,SKU0389,3,1248,USD,2026-04-18T16:05:08,shipped,web
o001293,c00463,SKU0399,2,5176,USD,2026-03-15T18:24:30,shipped,web
o001294,c00038,SKU0137,1,1772,USD,2026-02-27T20:55:02,cancelled,web
o001295,c00564,SKU0274,3,9879,USD,2026-01-19T21:31:47,completed,mobile
o001296,c00587,SKU0091,1,1316,USD,2026-04-18T21:00:24,completed,web
o001297,c00051,SKU0109,1,2192,USD,2026-03-31T14:14:20,shipped,mobile
o001298,c00468,SKU0414,1,3365,USD,2026-01-14T01:25:03,completed,web
o001299,c00442,SKU0336,1,634,USD,2026-03-30T06:21:30,completed,web
o001300,c00736,SKU0335,3,4581,USD,2026-01-25T04:53:48,completed,marketplace
o001301,c00653,SKU0023,2,5230,USD,2026-04-14T07:21:40,completed,api
o001302,c00343,SKU0008,4,10432,USD,2026-03-11T20:59:45,shipped,web
o001303,c00055,SKU0177,1,8166,USD,2026-03-06T16:30:08,completed,mobile
o001304,c00137,SKU0018,5,9685,USD,2026-04-15T11:57:11,refunded,api
o001305,c00126,SKU0316,2,2568,USD,2026-03-03T02:35:08,cancelled,web
o001306,c00267,SKU0216,1,2606,USD,2026-01-23T21:59:55,completed,mobile
o001307,c00446,SKU0101,1,1816,USD,2026-04-27T12:25:55,completed,web
o001308,c00326,SKU0156,3,2013,USD,2026-04-10T21:56:27,refunded,web
o001309,c00951,SKU0064,1,3073,USD,2026-03-02T00:21:13,refunded,web
o001310,c00626,SKU0309,1,2102,USD,2026-02-28T23:26:24,cancelled,web
o001311,c00051,SKU0084,5,3930,USD,2026-04-24T10:55:08,cancelled,web
o001312,c00046,SKU0186,3,8175,USD,2026-05-03T12:09:49,shipped,mobile
o001313,c00837,SKU0096,1,711,USD,2026-04-20T16:51:58,refunded,web
o001314,c00055,SKU0120,1,1874,USD,2026-04-29T00:12:18,completed,web
o001315,c00933,SKU0397,2,6048,USD,2026-04-09T18:34:21,completed,web
o001316,c00368,SKU0374,1,1350,USD,2026-03-04T19:58:40,completed,web
o001317,c00064,SKU0281,1,1705,USD,2026-02-15T13:28:03,shipped,web
o001318,c00879,SKU0267,3,7014,USD,2026-04-15T12:49:28,cancelled,web
o001319,c00641,SKU0328,1,1502,USD,2026-04-17T21:14:13,completed,web
o001320,c00267,SKU0047,1,1735,USD,2025-12-13T02:10:38,shipped,web
o001321,c00656,SKU0370,2,2052,USD,2026-03-08T01:11:39,completed,mobile
o001322,c00244,SKU0427,1,3498,USD,2025-11-28T19:34:45,completed,mobile
o001323,c00473,SKU0004,4,13384,USD,2026-02-25T02:50:19,completed,mobile
o001324,c00453,SKU0340,4,13848,USD,2026-03-14T22:50:12,cancelled,marketplace
o001325,c00434,SKU0110,2,3668,USD,2026-03-29T22:59:12,completed,mobile
o001326,c00773,SKU0160,3,3273,USD,2026-04-28T16:11:33,completed,web
o001327,c00454,SKU0449,1,1054,USD,2026-02-05T00:10:11,completed,web
o001328,c00086,SKU0390,1,1831,USD,2026-03-17T06:04:08,completed,web
o001329,c00882,SKU0248,2,2356,USD,2026-03-25T06:22:32,completed,web
o001330,c00330,SKU0272,1,1569,USD,2026-03-25T15:47:15,completed,web
o001331,c00054,SKU0451,1,2349,USD,2026-04-21T00:13:04,shipped,web
o001332,c00548,SKU0220,1,1024,USD,2026-03-29T00:10:15,completed,web
o001333,c00241,SKU0326,1,1576,USD,2026-04-03T12:18:25,completed,web
o001334,c00125,SKU0225,3,4659,USD,2026-04-06T15:40:39,cancelled,web
o001335,c00253,SKU0289,1,1029,USD,2026-02-24T01:22:41,cancelled,web
o001336,c00998,SKU0090,2,1220,USD,2026-03-23T20:35:50,completed,web
o001337,c00073,SKU0167,2,3652,USD,2026-02-19T05:10:00,completed,web
o001338,c00717,SKU0388,2,4196,USD,2026-03-08T13:57:13,shipped,web
o001339,c00468,SKU0187,2,1692,USD,2026-05-03T13:30:40,completed,mobile
o001340,c00681,SKU0395,2,4338,USD,2026-05-05T10:34:41,cancelled,web
o001341,c00529,SKU0295,1,1506,USD,2026-02-13T13:20:01,completed,web
o001342,c00939,SKU0277,5,8285,USD,2026-01-15T15:06:29,completed,web
o001343,c00072,SKU0330,1,2419,USD,2026-01-01T23:32:46,shipped,mobile
o001344,c00759,SKU0404,1,2548,USD,2026-04-16T10:42:11,completed,web
o001345,c00646,SKU0394,2,1934,USD,2026-02-21T14:07:21,completed,mobile
o001346,c00652,SKU0134,2,4118,USD,2026-05-08T17:51:53,cancelled,mobile
o001347,c00929,SKU0162,1,1276,USD,2026-02-07T15:20:58,cancelled,web
o001348,c00141,SKU0257,2,11128,USD,2026-03-25T16:01:56,completed,web
o001349,c00740,SKU0317,1,5905,USD,2026-03-24T11:28:17,completed,web
o001350,c00339,SKU0144,1,471,USD,2026-04-23T16:36:57,refunded,web
o001351,c00152,SKU0458,1,1157,USD,2026-04-18T14:43:05,shipped,marketplace
o001352,c00638,SKU0259,1,1983,USD,2026-02-15T17:53:49,refunded,mobile
o001353,c00459,SKU0146,4,5112,USD,2026-03-16T21:12:00,completed,mobile
o001354,c00548,SKU0232,1,1604,USD,2026-02-23T01:15:24,completed,web
o001355,c00138,SKU0144,1,471,USD,2026-02-05T16:04:56,completed,web
o001356,c00960,SKU0429,1,428,USD,2026-03-07T16:43:35,completed,marketplace
o001357,c00254,SKU0026,1,1628,USD,2026-04-02T19:16:27,shipped,web
o001358,c00743,SKU0262,2,1396,USD,2026-03-21T22:09:31,cancelled,web
o001359,c00332,SKU0404,1,2548,USD,2026-04-18T19:29:34,completed,mobile
o001360,c00345,SKU0382,1,3074,USD,2026-01-10T10:11:42,completed,web
o001361,c00948,SKU0174,2,8714,USD,2026-01-06T17:29:10,completed,mobile
o001362,c00768,SKU0169,1,1349,USD,2026-02-07T05:46:56,completed,mobile
o001363,c00762,SKU0170,1,1911,USD,2026-01-08T08:01:48,completed,mobile
o001364,c00172,SKU0041,1,2840,USD,2026-05-05T01:12:31,completed,web
o001365,c00779,SKU0094,1,956,USD,2026-02-14T03:51:55,cancelled,mobile
o001366,c00578,SKU0483,2,1372,USD,2025-12-07T03:20:43,completed,mobile
o001367,c00547,SKU0011,3,9720,USD,2025-12-19T15:02:27,completed,web
o001368,c00762,SKU0221,2,2506,USD,2026-03-11T04:22:31,shipped,marketplace
o001369,c00770,SKU0343,1,2248,USD,2026-01-08T22:25:07,completed,mobile
o001370,c00037,SKU0131,1,838,USD,2026-04-01T23:56:40,refunded,web
o001371,c00182,SKU0180,2,4456,USD,2026-03-02T18:16:24,completed,web
o001372,c00351,SKU0003,1,581,USD,2026-04-02T14:19:07,completed,web
o001373,c00655,SKU0404,3,7644,USD,2026-02-02T19:15:27,completed,marketplace
o001374,c00278,SKU0281,1,1705,USD,2026-03-11T12:54:04,cancelled,web
o001375,c00643,SKU0330,5,12095,USD,2026-04-01T02:59:46,completed,web
o001376,c00528,SKU0253,3,3063,USD,2026-04-16T07:55:32,cancelled,mobile
o001377,c00652,SKU0171,4,4600,USD,2026-03-21T23:14:30,completed,mobile
o001378,c00755,SKU0131,1,838,USD,2026-04-27T00:16:58,completed,web
o001379,c00746,SKU0376,2,3248,USD,2026-03-28T12:35:07,completed,mobile
o001380,c00127,SKU0026,2,3256,USD,2026-04-05T18:48:13,completed,web
o001381,c00060,SKU0175,1,1402,USD,2026-02-26T02:56:18,completed,mobile
o001382,c00461,SKU0194,1,1743,USD,2026-02-14T12:03:18,completed,web
o001383,c00723,SKU0204,1,7248,USD,2026-04-01T00:35:42,cancelled,web
o001384,c00670,SKU0118,1,1789,USD,2026-03-14T13:52:06,completed,web
o001385,c00037,SKU0198,1,1230,USD,2026-03-29T14:40:59,shipped,web
o001386,c00268,SKU0026,1,1628,USD,2026-04-06T02:16:04,completed,mobile
o001387,c00840,SKU0063,4,7356,USD,2026-04-16T09:27:59,completed,mobile
o001388,c00544,SKU0183,1,1086,USD,2025-12-18T10:12:00,shipped,web
o001389,c00940,SKU0020,5,30710,USD,2026-01-20T22:59:17,completed,mobile
o001390,c00084,SKU0192,2,2964,USD,2026-02-05T03:54:32,completed,mobile
o001391,c00537,SKU0372,2,2348,USD,2026-03-28T12:45:58,completed,web
o001392,c00260,SKU0142,1,1177,USD,2026-01-17T11:16:02,cancelled,web
o001393,c00218,SKU0256,3,4437,USD,2026-01-22T20:14:57,refunded,web
o001394,c00942,SKU0112,1,1132,USD,2026-03-25T16:35:37,completed,mobile
o001395,c00445,SKU0050,2,10130,USD,2026-05-06T13:42:14,shipped,web
o001396,c00970,SKU0038,4,2256,USD,2026-02-25T22:54:45,completed,web
o001397,c00530,SKU0213,1,2828,USD,2025-12-25T12:52:53,completed,mobile
o001398,c00079,SKU0077,2,5754,USD,2026-04-09T05:29:25,refunded,web
o001399,c00424,SKU0288,1,471,USD,2026-03-21T21:07:34,completed,web
o001400,c00129,SKU0204,2,14496,USD,2026-03-21T11:07:26,shipped,web
o001401,c00274,SKU0137,3,5316,USD,2026-04-01T04:38:30,cancelled,web
o001402,c00943,SKU0319,1,2261,USD,2026-04-08T19:10:35,cancelled,api
o001403,c00971,SKU0043,2,5960,USD,2026-04-15T04:08:57,cancelled,web
o001404,c00143,SKU0391,1,6259,USD,2026-02-12T22:15:46,cancelled,mobile
o001405,c00065,SKU0258,2,2732,USD,2026-03-23T09:48:07,completed,web
o001406,c00384,SKU0129,3,4515,USD,2026-02-15T18:21:17,refunded,web
o001407,c00558,SKU0047,1,1735,USD,2026-04-04T17:46:32,cancelled,marketplace
o001408,c00971,SKU0193,1,1684,USD,2026-01-31T03:17:38,cancelled,mobile
o001409,c00836,SKU0048,2,2534,USD,2026-03-02T06:27:39,completed,mobile
o001410,c00638,SKU0443,1,973,USD,2025-12-16T19:36:50,completed,web
o001411,c00176,SKU0251,2,5450,USD,2026-03-31T06:35:19,refunded,web
o001412,c00654,SKU0256,1,1479,USD,2026-02-09T17:03:36,completed,mobile
o001413,c00145,SKU0312,4,5268,USD,2026-04-22T21:34:34,completed,web
o001414,c00555,SKU0230,4,5600,USD,2026-04-06T07:37:41,completed,web
o001415,c00339,SKU0143,5,6930,USD,2025-12-18T11:37:44,refunded,web
o001416,c00440,SKU0458,2,2314,USD,2026-02-26T23:00:23,refunded,web
o001417,c00080,SKU0445,5,14310,USD,2026-04-12T10:07:44,refunded,marketplace
o001418,c00838,SKU0397,1,3024,USD,2026-01-17T03:49:08,completed,mobile
o001419,c00974,SKU0368,4,5692,USD,2026-03-14T22:17:02,completed,mobile
o001420,c00424,SKU0403,1,7281,USD,2026-03-16T18:50:51,cancelled,mobile
o001421,c00170,SKU0016,1,701,USD,2026-05-02T01:49:31,refunded,mobile
o001422,c00660,SKU0196,2,2480,USD,2026-03-29T15:18:42,completed,marketplace
o001423,c00357,SKU0026,5,8140,USD,2026-04-26T01:37:37,completed,web
o001424,c00837,SKU0005,1,2106,USD,2026-03-15T21:20:29,completed,web
o001425,c00848,SKU0171,1,1150,USD,2026-03-05T05:04:22,completed,mobile
o001426,c00721,SKU0162,1,1276,USD,2026-01-09T17:14:13,cancelled,mobile
o001427,c00165,SKU0056,2,1540,USD,2026-03-25T17:39:18,completed,web
o001428,c00346,SKU0493,1,823,USD,2026-03-25T13:27:07,refunded,web
o001429,c00447,SKU0007,5,3095,USD,2026-03-01T20:18:39,shipped,mobile
o001430,c00062,SKU0135,4,10296,USD,2026-04-20T10:23:01,completed,mobile
o001431,c00960,SKU0172,2,12110,USD,2026-05-09T05:28:32,shipped,web
o001432,c00553,SKU0139,1,965,USD,2026-01-11T09:25:16,completed,web
o001433,c00824,SKU0027,1,926,USD,2026-03-09T02:18:52,cancelled,web
o001434,c00261,SKU0455,3,1278,USD,2026-03-07T04:11:23,refunded,mobile
o001435,c00135,SKU0066,1,2625,USD,2026-02-21T19:58:08,completed,mobile
o001436,c00271,SKU0014,1,2243,USD,2026-04-26T04:26:24,completed,web
o001437,c00481,SKU0063,2,3678,USD,2026-05-06T08:54:14,shipped,mobile
o001438,c00682,SKU0066,1,2625,USD,2026-02-03T13:07:07,completed,marketplace
o001439,c00274,SKU0115,2,5832,USD,2026-05-01T03:13:38,refunded,web
o001440,c00752,SKU0483,2,1372,USD,2026-02-21T18:44:47,cancelled,mobile
o001441,c00339,SKU0480,1,1020,USD,2026-04-25T15:02:46,completed,mobile
o001442,c00045,SKU0087,1,3000,USD,2026-02-25T13:54:12,completed,mobile
o001443,c00574,SKU0142,3,3531,USD,2026-02-03T09:54:38,completed,web
o001444,c00064,SKU0174,2,8714,USD,2026-02-25T00:33:35,completed,mobile
o001445,c00326,SKU0407,1,2009,USD,2026-03-27T12:48:35,refunded,web
o001446,c00450,SKU0134,1,2059,USD,2026-04-23T09:57:21,completed,mobile
o001447,c00150,SKU0176,1,2164,USD,2026-03-09T00:13:02,shipped,web
o001448,c00539,SKU0012,1,541,USD,2026-03-31T16:11:33,completed,web
o001449,c00173,SKU0444,1,858,USD,2026-02-05T04:53:48,completed,web
o001450,c00654,SKU0265,1,2273,USD,2026-04-04T20:25:13,shipped,web
o001451,c00478,SKU0186,4,10900,USD,2026-04-11T11:11:40,cancelled,web
o001452,c00756,SKU0472,1,562,USD,2026-03-03T13:45:31,completed,web
o001453,c00835,SKU0209,3,8076,USD,2026-01-09T12:36:29,shipped,web
o001454,c00151,SKU0416,4,1824,USD,2026-01-29T00:14:30,completed,web
o001455,c00757,SKU0481,1,918,USD,2026-03-24T01:04:54,completed,web
o001456,c00868,SKU0251,2,5450,USD,2026-03-29T03:12:16,shipped,web
o001457,c00428,SKU0356,1,842,USD,2025-12-31T22:48:33,cancelled,web
o001458,c00360,SKU0407,1,2009,USD,2026-04-03T12:33:42,completed,web
o001459,c00754,SKU0210,1,2346,USD,2026-01-24T20:39:40,completed,web
o001460,c00660,SKU0319,1,2261,USD,2026-03-09T17:23:10,completed,marketplace
o001461,c00667,SKU0420,1,660,USD,2026-04-03T09:54:40,completed,mobile
o001462,c00944,SKU0005,3,6318,USD,2026-03-30T06:55:34,completed,mobile
o001463,c00521,SKU0088,1,1407,USD,2026-04-12T21:58:24,cancelled,web
o001464,c00645,SKU0451,2,4698,USD,2026-04-17T00:21:29,refunded,mobile
o001465,c00562,SKU0290,1,1927,USD,2026-03-18T13:22:39,shipped,web
o001466,c00654,SKU0384,1,2176,USD,2026-03-10T00:09:33,completed,mobile
o001467,c00742,SKU0353,2,3446,USD,2026-04-02T13:37:06,refunded,web
o001468,c00052,SKU0444,2,1716,USD,2026-04-09T06:52:40,completed,web
o001469,c00821,SKU0333,1,1813,USD,2026-05-08T22:27:31,completed,mobile
o001470,c00155,SKU0292,3,5256,USD,2026-03-06T07:57:42,completed,mobile
o001471,c00169,SKU0492,3,3024,USD,2026-05-07T23:26:23,completed,web
o001472,c00224,SKU0179,5,27715,USD,2026-01-05T09:05:20,shipped,marketplace
o001473,c00271,SKU0430,2,13836,USD,2026-05-02T17:22:44,cancelled,web
o001474,c00949,SKU0469,1,1863,USD,2026-04-24T22:09:13,completed,web
o001475,c00658,SKU0187,1,846,USD,2026-01-21T10:56:43,completed,web
o001476,c00318,SKU0021,2,1462,USD,2026-04-15T19:32:26,completed,mobile
o001477,c00150,SKU0081,4,8780,USD,2026-04-04T07:29:01,completed,web
o001478,c00745,SKU0294,1,2178,USD,2026-02-25T20:40:08,completed,mobile
o001479,c00138,SKU0018,1,1937,USD,2026-01-16T01:08:42,shipped,marketplace
o001480,c00271,SKU0436,1,6595,USD,2026-03-10T17:44:35,completed,web
o001481,c00746,SKU0169,1,1349,USD,2026-04-02T06:52:30,refunded,web
o001482,c00426,SKU0007,5,3095,USD,2025-12-30T12:43:14,completed,web
o001483,c00345,SKU0364,1,855,USD,2026-01-20T10:12:53,completed,mobile
o001484,c00282,SKU0423,1,3461,USD,2026-04-03T22:27:06,cancelled,web
o001485,c00843,SKU0292,1,1752,USD,2026-04-14T17:30:46,cancelled,web
o001486,c00776,SKU0229,5,6375,USD,2026-04-14T22:20:01,refunded,mobile
o001487,c00772,SKU0485,2,5442,USD,2026-04-03T19:22:33,refunded,web
o001488,c00167,SKU0368,1,1423,USD,2026-05-07T02:38:56,completed,web
o001489,c00459,SKU0452,1,2546,USD,2026-02-19T06:58:28,completed,web
o001490,c00647,SKU0025,1,951,USD,2026-04-18T20:38:01,completed,web
o001491,c00972,SKU0006,3,3519,USD,2026-03-04T16:43:27,completed,web
o001492,c00445,SKU0311,1,1905,USD,2026-02-15T14:43:10,cancelled,mobile
o001493,c00140,SKU0095,1,2196,USD,2026-03-16T18:39:04,completed,web
o001494,c00429,SKU0023,5,13075,USD,2026-05-01T00:35:58,completed,web
o001495,c00161,SKU0010,1,1092,USD,2026-03-10T02:12:41,completed,web
o001496,c00742,SKU0382,2,6148,USD,2026-04-01T06:49:27,cancelled,web
o001497,c00640,SKU0330,1,2419,USD,2026-01-22T14:19:49,shipped,marketplace
o001498,c00655,SKU0389,2,832,USD,2026-03-06T16:32:39,completed,mobile
o001499,c00143,SKU0323,2,1462,USD,2026-04-05T00:16:19,completed,web
o001500,c00242,SKU0245,2,3204,USD,2026-01-28T03:01:12,shipped,web
o001501,c00469,SKU0246,1,2288,USD,2026-04-22T09:43:00,refunded,web
o001502,c00473,SKU0280,1,1202,USD,2026-04-02T20:21:15,cancelled,web
o001503,c00451,SKU0094,1,956,USD,2026-03-02T19:45:21,cancelled,web
o001504,c00468,SKU0091,1,1316,USD,2026-04-05T07:11:16,shipped,web
o001505,c00246,SKU0329,3,10035,USD,2026-03-23T02:38:23,completed,mobile
o001506,c00746,SKU0256,1,1479,USD,2026-04-24T16:58:33,completed,web
o001507,c00780,SKU0421,2,1116,USD,2026-04-21T08:17:54,completed,mobile
o001508,c00341,SKU0108,2,8038,USD,2026-04-18T20:19:41,completed,web
o001509,c00856,SKU0427,1,3498,USD,2026-04-16T05:40:16,cancelled,web
o001510,c00850,SKU0442,1,1767,USD,2026-05-12T01:32:19,completed,mobile
o001511,c00631,SKU0454,1,1572,USD,2026-04-05T08:26:07,shipped,mobile
o001512,c00346,SKU0076,2,2094,USD,2026-03-13T23:40:52,completed,web
o001513,c00358,SKU0331,1,1453,USD,2026-04-02T20:49:19,cancelled,mobile
o001514,c00121,SKU0221,1,1253,USD,2026-02-16T01:27:21,shipped,web
o001515,c00449,SKU0403,1,7281,USD,2026-04-06T05:34:19,refunded,mobile
o001516,c00752,SKU0281,2,3410,USD,2026-01-31T01:03:12,completed,web
o001517,c00284,SKU0059,5,6050,USD,2026-01-26T16:03:07,shipped,mobile
o001518,c00950,SKU0310,1,2775,USD,2026-03-18T05:17:10,shipped,mobile
o001519,c00427,SKU0290,1,1927,USD,2026-02-11T23:52:50,completed,mobile
o001520,c00762,SKU0234,4,5996,USD,2026-04-19T05:10:46,completed,web
o001521,c00773,SKU0234,2,2998,USD,2026-03-20T03:02:37,completed,web
o001522,c00634,SKU0425,1,3532,USD,2026-04-13T23:37:41,cancelled,web
o001523,c00327,SKU0321,1,1053,USD,2026-02-21T23:43:34,cancelled,web
o001524,c00779,SKU0229,1,1275,USD,2026-01-09T05:00:03,refunded,web
o001525,c00643,SKU0146,4,5112,USD,2026-04-20T00:10:09,completed,web
o001526,c00851,SKU0458,1,1157,USD,2026-04-30T15:51:55,shipped,web
o001527,c00974,SKU0089,1,1836,USD,2026-01-27T19:28:28,completed,mobile
o001528,c00677,SKU0050,2,10130,USD,2026-03-13T06:35:02,shipped,web
o001529,c00438,SKU0188,2,3338,USD,2026-04-17T18:05:40,completed,mobile
o001530,c00532,SKU0017,4,5840,USD,2026-03-26T11:02:08,completed,marketplace
o001531,c00155,SKU0112,5,5660,USD,2026-04-13T08:40:14,completed,web
o001532,c00170,SKU0050,3,15195,USD,2026-04-16T09:12:56,completed,web
o001533,c00162,SKU0200,2,4978,USD,2026-02-16T02:46:17,cancelled,api
o001534,c00155,SKU0422,4,4136,USD,2026-04-25T23:32:06,completed,mobile
o001535,c00484,SKU0332,1,3736,USD,2026-04-10T18:59:06,completed,mobile
o001536,c00234,SKU0212,1,1375,USD,2026-04-09T22:19:07,shipped,mobile
o001537,c00053,SKU0220,2,2048,USD,2026-03-06T01:41:28,completed,mobile
o001538,c00023,SKU0467,1,1461,USD,2026-03-04T07:05:29,completed,marketplace
o001539,c00537,SKU0405,1,1089,USD,2026-03-04T11:38:15,shipped,mobile
o001540,c00546,SKU0295,1,1506,USD,2026-01-16T01:22:05,completed,web
o001541,c00428,SKU0120,2,3748,USD,2026-04-17T22:43:37,completed,web
o001542,c00062,SKU0077,1,2877,USD,2026-04-25T05:37:22,shipped,mobile
o001543,c00342,SKU0384,1,2176,USD,2026-03-05T09:19:27,shipped,mobile
o001544,c00943,SKU0369,1,3586,USD,2026-04-09T19:30:57,completed,web
o001545,c00822,SKU0478,1,1273,USD,2025-12-23T00:20:46,completed,marketplace
o001546,c00348,SKU0496,2,9390,USD,2026-03-17T09:49:10,shipped,web
o001547,c00826,SKU0036,1,1224,USD,2026-03-18T09:08:45,completed,web
o001548,c00779,SKU0260,2,2556,USD,2026-03-30T06:46:44,shipped,web
o001549,c00553,SKU0319,3,6783,USD,2026-02-27T23:24:14,shipped,web
o001550,c00630,SKU0093,2,1108,USD,2025-12-12T01:03:17,refunded,web
o001551,c00072,SKU0201,2,1334,USD,2026-03-25T18:43:59,completed,mobile
o001552,c00962,SKU0367,1,1192,USD,2026-02-14T16:23:10,completed,web
o001553,c00632,SKU0422,1,1034,USD,2026-02-26T20:36:51,cancelled,mobile
o001554,c00370,SKU0018,1,1937,USD,2026-01-23T10:30:47,shipped,web
o001555,c00034,SKU0158,4,3608,USD,2026-03-27T07:30:02,cancelled,web
o001556,c00849,SKU0433,3,9102,USD,2026-02-05T22:00:24,completed,web
o001557,c00973,SKU0291,2,3122,USD,2026-03-01T18:29:16,completed,web
o001558,c00679,SKU0096,1,711,USD,2026-04-06T20:27:02,completed,web
o001559,c00221,SKU0113,1,1210,USD,2025-12-21T10:25:25,refunded,mobile
o001560,c00352,SKU0217,1,2530,USD,2025-12-24T11:41:03,refunded,web
o001561,c00546,SKU0161,2,3434,USD,2026-03-04T06:55:44,completed,web
o001562,c00419,SKU0023,2,5230,USD,2026-03-29T22:58:56,completed,web
o001563,c00176,SKU0294,2,4356,USD,2026-05-02T23:00:28,completed,web
o001564,c00939,SKU0403,1,7281,USD,2026-01-19T16:29:40,completed,mobile
o001565,c00659,SKU0140,1,2907,USD,2026-04-23T11:46:16,completed,web
o001566,c00020,SKU0085,1,729,USD,2026-03-02T22:10:00,completed,web
o001567,c00244,SKU0237,2,5728,USD,2026-04-17T15:45:55,shipped,web
o001568,c00477,SKU0434,1,1467,USD,2026-03-30T00:06:17,shipped,web
o001569,c00655,SKU0118,5,8945,USD,2026-04-09T10:27:35,completed,web
o001570,c00889,SKU0497,3,2688,USD,2026-04-24T22:55:08,completed,mobile
o001571,c00472,SKU0131,1,838,USD,2026-05-13T07:41:12,shipped,web
o001572,c00740,SKU0060,2,8350,USD,2026-04-06T16:28:09,shipped,mobile
o001573,c00269,SKU0440,2,4878,USD,2026-01-16T00:38:27,refunded,web
o001574,c00652,SKU0335,5,7635,USD,2025-12-29T14:50:11,refunded,web
o001575,c00259,SKU0491,1,770,USD,2026-04-07T13:55:45,completed,web
o001576,c00821,SKU0033,3,2943,USD,2025-12-02T17:59:30,cancelled,web
o001577,c00451,SKU0388,5,10490,USD,2026-02-21T18:45:05,shipped,mobile
o001578,c00267,SKU0211,1,1052,USD,2026-03-15T13:04:30,completed,web
o001579,c00453,SKU0225,2,3106,USD,2026-03-14T02:35:32,shipped,mobile
o001580,c00760,SKU0274,2,6586,USD,2026-04-26T20:08:02,refunded,web
o001581,c00459,SKU0157,1,1456,USD,2026-04-02T10:15:57,shipped,marketplace
o001582,c00563,SKU0338,3,10488,USD,2026-02-05T01:19:07,refunded,web
o001583,c00261,SKU0293,2,6352,USD,2025-12-12T14:09:50,completed,web
o001584,c00560,SKU0329,1,3345,USD,2026-03-10T10:35:36,completed,web
o001585,c00856,SKU0180,1,2228,USD,2025-12-18T14:46:00,shipped,web
o001586,c00882,SKU0198,5,6150,USD,2026-04-01T17:43:36,shipped,web
o001587,c00863,SKU0031,1,1331,USD,2026-01-13T11:44:58,completed,mobile
o001588,c00759,SKU0447,2,10318,USD,2026-02-08T09:08:49,completed,web
o001589,c00947,SKU0249,2,24522,USD,2025-12-30T09:09:26,completed,marketplace
o001590,c00139,SKU0426,1,868,USD,2026-02-10T11:41:09,completed,web
o001591,c00121,SKU0300,3,33684,USD,2026-04-03T18:18:37,completed,web
o001592,c00655,SKU0006,3,3519,USD,2026-03-26T21:12:02,completed,web
o001593,c00653,SKU0016,1,701,USD,2026-01-24T17:12:25,completed,mobile
o001594,c00225,SKU0051,2,760,USD,2026-04-06T23:53:20,cancelled,mobile
o001595,c00945,SKU0134,1,2059,USD,2026-04-15T00:16:29,completed,web
o001596,c00625,SKU0485,1,2721,USD,2026-02-28T23:51:31,completed,marketplace
o001597,c00735,SKU0054,1,2172,USD,2026-04-16T15:03:11,completed,web
o001598,c00320,SKU0069,1,3981,USD,2026-04-03T20:10:59,completed,mobile
o001599,c00424,SKU0207,4,22700,USD,2026-05-02T18:21:02,refunded,web
o001600,c00359,SKU0362,1,1740,USD,2026-02-09T11:19:01,refunded,web
o001601,c00850,SKU0450,1,4667,USD,2026-01-20T04:27:28,completed,web
o001602,c00571,SKU0455,1,426,USD,2026-03-30T21:54:19,completed,web
o001603,c00264,SKU0282,2,2294,USD,2026-01-26T11:33:42,shipped,mobile
o001604,c00053,SKU0425,3,10596,USD,2026-03-21T01:38:09,completed,web
o001605,c00543,SKU0023,2,5230,USD,2026-04-13T23:31:07,completed,web
o001606,c00969,SKU0225,2,3106,USD,2026-04-15T22:38:53,completed,web
o001607,c00661,SKU0143,3,4158,USD,2026-04-19T22:16:14,refunded,mobile
o001608,c00330,SKU0335,2,3054,USD,2026-04-01T02:11:50,completed,mobile
o001609,c00662,SKU0029,1,991,USD,2026-02-08T13:54:28,completed,mobile
o001610,c00443,SKU0445,2,5724,USD,2026-04-30T04:22:39,cancelled,web
o001611,c00275,SKU0431,1,1233,USD,2026-02-04T13:15:14,completed,web
o001612,c00748,SKU0392,1,1840,USD,2026-03-20T17:10:50,refunded,api
o001613,c00833,SKU0026,3,4884,USD,2025-12-05T11:28:27,completed,marketplace
o001614,c00143,SKU0121,4,3876,USD,2026-02-03T10:27:20,completed,mobile
o001615,c00769,SKU0245,5,8010,USD,2026-02-28T00:50:47,refunded,mobile
o001616,c00847,SKU0331,2,2906,USD,2026-05-02T04:53:39,refunded,web
o001617,c00330,SKU0023,5,13075,USD,2026-02-19T01:52:35,shipped,web
o001618,c00659,SKU0468,1,738,USD,2025-12-26T12:17:26,completed,mobile
o001619,c00963,SKU0051,3,1140,USD,2026-01-11T22:52:43,completed,web
o001620,c00261,SKU0446,1,2851,USD,2026-03-31T07:00:48,refunded,web
o001621,c00736,SKU0158,2,1804,USD,2026-04-27T07:04:41,completed,mobile
o001622,c00051,SKU0343,2,4496,USD,2026-02-18T23:44:37,cancelled,web
o001623,c00458,SKU0123,4,13804,USD,2026-03-04T20:43:49,cancelled,mobile
o001624,c00543,SKU0359,1,2743,USD,2026-03-09T21:06:59,shipped,mobile
o001625,c00771,SKU0067,2,5158,USD,2026-03-19T20:47:12,shipped,web
o001626,c00465,SKU0376,1,1624,USD,2026-02-21T07:34:22,completed,web
o001627,c00042,SKU0236,2,3706,USD,2026-04-14T04:10:17,cancelled,web
o001628,c00654,SKU0378,1,4682,USD,2025-12-16T00:43:15,completed,web
o001629,c00745,SKU0003,3,1743,USD,2026-01-15T21:02:18,completed,mobile
o001630,c00270,SKU0335,1,1527,USD,2026-03-11T01:04:45,completed,mobile
o001631,c00776,SKU0108,1,4019,USD,2026-04-11T16:05:54,shipped,web
o001632,c00950,SKU0208,1,1259,USD,2025-11-27T15:49:38,completed,web
o001633,c00358,SKU0432,1,4370,USD,2026-01-29T18:55:40,shipped,mobile
o001634,c00566,SKU0151,1,3420,USD,2026-01-31T23:30:23,completed,web
o001635,c00051,SKU0230,4,5600,USD,2026-03-23T16:21:00,completed,web
o001636,c00580,SKU0497,2,1792,USD,2026-04-30T18:21:26,completed,web
o001637,c00215,SKU0416,2,912,USD,2026-04-13T19:23:47,refunded,web
o001638,c00256,SKU0069,1,3981,USD,2026-02-02T16:11:37,completed,web
o001639,c00852,SKU0335,2,3054,USD,2026-03-22T04:14:52,completed,web
o001640,c00455,SKU0313,1,3012,USD,2026-02-07T15:47:07,completed,mobile
o001641,c00036,SKU0315,3,8244,USD,2026-03-11T09:06:57,cancelled,mobile
o001642,c00957,SKU0449,2,2108,USD,2026-04-10T02:08:55,completed,web
o001643,c00769,SKU0289,1,1029,USD,2026-04-28T17:53:40,shipped,web
o001644,c00263,SKU0253,1,1021,USD,2026-02-23T22:29:54,completed,web
o001645,c00671,SKU0060,2,8350,USD,2026-02-20T15:56:59,shipped,web
o001646,c00151,SKU0105,2,2934,USD,2026-03-30T11:11:55,completed,web
o001647,c00842,SKU0195,1,2224,USD,2026-02-17T07:08:32,refunded,mobile
o001648,c00552,SKU0066,1,2625,USD,2026-05-02T07:56:01,completed,mobile
o001649,c00945,SKU0130,1,2599,USD,2026-02-21T05:39:06,refunded,web
o001650,c00483,SKU0261,4,3824,USD,2026-02-03T15:31:15,cancelled,web
o001651,c00765,SKU0302,1,1627,USD,2026-04-12T00:48:14,completed,web
o001652,c00450,SKU0325,3,7233,USD,2025-12-07T06:01:25,shipped,web
o001653,c00436,SKU0182,2,2604,USD,2026-03-18T22:00:20,refunded,web
o001654,c00443,SKU0463,2,4200,USD,2026-04-16T18:46:53,completed,web
o001655,c00360,SKU0285,1,1369,USD,2026-03-29T08:48:48,completed,marketplace
o001656,c00236,SKU0209,2,5384,USD,2026-04-17T17:35:08,completed,web
o001657,c00452,SKU0324,1,596,USD,2026-04-09T12:26:02,refunded,web
o001658,c00944,SKU0121,1,969,USD,2026-02-28T05:22:23,completed,mobile
o001659,c00966,SKU0327,2,1062,USD,2026-04-05T23:49:32,shipped,mobile
o001660,c00018,SKU0119,1,1634,USD,2026-02-22T13:24:52,shipped,marketplace
o001661,c00745,SKU0350,1,3604,USD,2026-01-04T14:16:44,refunded,web
o001662,c00638,SKU0182,1,1302,USD,2026-03-16T03:30:50,completed,web
o001663,c00920,SKU0217,2,5060,USD,2026-01-19T16:04:53,completed,web
o001664,c00952,SKU0102,2,4034,USD,2026-01-27T11:02:36,completed,web
o001665,c00646,SKU0048,1,1267,USD,2026-05-02T23:34:04,cancelled,web
o001666,c00764,SKU0086,5,6235,USD,2025-12-25T15:53:14,cancelled,mobile
o001667,c00935,SKU0469,2,3726,USD,2026-03-29T18:18:59,completed,web
o001668,c00272,SKU0196,1,1240,USD,2026-04-07T20:41:13,refunded,mobile
o001669,c00850,SKU0276,2,3202,USD,2026-02-04T05:07:15,cancelled,mobile
o001670,c00421,SKU0354,1,2674,USD,2026-01-29T03:06:44,shipped,web
o001671,c00828,SKU0462,1,1224,USD,2026-02-11T10:44:18,shipped,mobile
o001672,c00062,SKU0264,1,3443,USD,2026-05-08T05:50:21,completed,mobile
o001673,c00971,SKU0036,2,2448,USD,2026-02-02T12:27:57,completed,marketplace
o001674,c00782,SKU0309,2,4204,USD,2026-01-08T01:22:36,cancelled,web
o001675,c00454,SKU0238,1,665,USD,2026-03-13T05:30:06,completed,mobile
o001676,c00044,SKU0488,2,4002,USD,2026-01-19T04:44:37,refunded,mobile
o001677,c00382,SKU0292,4,7008,USD,2026-04-05T04:58:16,shipped,mobile
o001678,c00532,SKU0154,1,1745,USD,2026-01-21T17:18:20,cancelled,web
o001679,c00634,SKU0053,5,9020,USD,2026-03-27T05:53:10,completed,web
o001680,c00628,SKU0120,2,3748,USD,2026-04-12T05:37:32,completed,web
o001681,c00250,SKU0447,1,5159,USD,2026-03-18T23:01:59,completed,web
o001682,c00655,SKU0163,1,727,USD,2026-04-12T21:32:11,completed,web
o001683,c00977,SKU0428,1,1493,USD,2026-02-22T08:38:32,shipped,web
o001684,c00275,SKU0458,1,1157,USD,2026-03-29T19:45:13,completed,mobile
o001685,c00354,SKU0287,2,1482,USD,2026-04-12T09:35:39,cancelled,mobile
o001686,c00064,SKU0444,2,1716,USD,2026-04-30T18:53:25,completed,web
o001687,c00742,SKU0430,3,20754,USD,2026-01-17T06:27:00,cancelled,web
o001688,c00653,SKU0259,2,3966,USD,2026-03-14T15:43:21,shipped,mobile
o001689,c00272,SKU0414,2,6730,USD,2026-03-13T18:00:26,completed,mobile
o001690,c00276,SKU0476,1,1551,USD,2026-03-29T14:03:38,completed,web
o001691,c00756,SKU0348,1,3302,USD,2025-12-18T12:36:44,cancelled,web
o001692,c00450,SKU0362,1,1740,USD,2026-01-01T22:18:05,refunded,mobile
o001693,c00453,SKU0261,2,1912,USD,2025-12-24T08:14:07,completed,mobile
o001694,c00246,SKU0488,1,2001,USD,2026-02-18T23:57:51,completed,mobile
o001695,c00573,SKU0215,2,4592,USD,2026-01-20T18:41:53,shipped,web
o001696,c00368,SKU0402,1,2854,USD,2026-02-13T16:30:49,cancelled,mobile
o001697,c00855,SKU0045,1,1704,USD,2026-02-28T08:23:58,cancelled,web
o001698,c00824,SKU0135,1,2574,USD,2026-03-11T20:39:33,refunded,mobile
o001699,c00756,SKU0387,3,2013,USD,2026-04-02T21:08:04,shipped,web
o001700,c00549,SKU0060,1,4175,USD,2026-03-07T10:29:00,cancelled,web
o001701,c00229,SKU0040,1,697,USD,2026-04-29T09:19:27,completed,web
o001702,c00026,SKU0300,1,11228,USD,2026-05-01T05:15:01,completed,web
o001703,c00356,SKU0294,2,4356,USD,2026-02-13T13:44:34,completed,web
o001704,c00757,SKU0197,1,1457,USD,2026-03-04T11:51:51,completed,web
o001705,c00658,SKU0172,1,6055,USD,2026-03-20T14:12:06,cancelled,mobile
o001706,c00740,SKU0330,3,7257,USD,2025-12-24T07:04:43,cancelled,web
o001707,c00870,SKU0102,3,6051,USD,2026-03-06T17:48:37,completed,web
o001708,c00629,SKU0109,1,2192,USD,2026-03-05T08:44:02,cancelled,web
o001709,c00826,SKU0304,5,10740,USD,2026-04-26T05:36:29,completed,mobile
o001710,c00322,SKU0217,1,2530,USD,2026-05-01T02:21:59,completed,web
o001711,c00142,SKU0031,1,1331,USD,2026-01-27T19:32:50,cancelled,marketplace
o001712,c00230,SKU0327,1,531,USD,2026-04-09T18:28:27,completed,web
o001713,c00150,SKU0041,1,2840,USD,2026-03-08T06:13:19,completed,marketplace
o001714,c00449,SKU0113,1,1210,USD,2026-02-28T08:06:12,cancelled,marketplace
o001715,c00663,SKU0473,3,1746,USD,2026-01-31T11:20:25,completed,web
o001716,c00557,SKU0147,1,1012,USD,2026-02-11T12:56:48,completed,web
o001717,c00959,SKU0197,1,1457,USD,2026-04-06T18:04:43,completed,web
o001718,c00549,SKU0368,1,1423,USD,2026-02-16T01:57:22,cancelled,mobile
o001719,c00451,SKU0189,2,3076,USD,2026-04-23T00:30:44,shipped,web
o001720,c00950,SKU0094,1,956,USD,2026-01-07T00:57:52,refunded,marketplace
o001721,c00331,SKU0326,1,1576,USD,2026-02-22T21:54:34,shipped,web
o001722,c00474,SKU0120,2,3748,USD,2026-03-24T09:48:24,completed,web
o001723,c00438,SKU0461,1,3114,USD,2026-01-20T03:27:57,refunded,web
o001724,c00553,SKU0210,1,2346,USD,2026-03-07T04:23:38,completed,web
o001725,c00376,SKU0316,2,2568,USD,2026-03-18T11:42:35,refunded,web
o001726,c00864,SKU0443,1,973,USD,2026-05-06T09:24:03,completed,web
o001727,c00045,SKU0132,1,3175,USD,2026-04-16T16:38:49,completed,mobile
o001728,c00437,SKU0265,2,4546,USD,2025-12-17T00:03:57,completed,mobile
o001729,c00654,SKU0423,1,3461,USD,2026-03-25T10:27:52,cancelled,web
o001730,c00334,SKU0230,1,1400,USD,2026-04-11T00:24:08,shipped,mobile
o001731,c00827,SKU0027,2,1852,USD,2026-04-09T01:04:18,completed,web
o001732,c00731,SKU0031,1,1331,USD,2026-01-31T05:41:15,cancelled,api
o001733,c00147,SKU0187,1,846,USD,2026-01-09T04:53:29,completed,mobile
o001734,c00237,SKU0210,1,2346,USD,2026-03-01T15:05:29,completed,web
o001735,c00665,SKU0271,1,1269,USD,2026-02-04T21:07:23,refunded,web
o001736,c00951,SKU0155,2,1366,USD,2026-03-04T23:28:13,shipped,mobile
o001737,c00153,SKU0321,1,1053,USD,2026-03-24T19:43:17,completed,web
o001738,c00131,SKU0112,1,1132,USD,2026-01-10T02:29:02,completed,web
o001739,c00669,SKU0296,1,1506,USD,2026-02-20T03:07:14,completed,api
o001740,c00743,SKU0223,2,7656,USD,2026-03-30T12:54:47,refunded,web
o001741,c00259,SKU0026,2,3256,USD,2026-02-20T05:44:43,completed,web
o001742,c00831,SKU0196,3,3720,USD,2026-04-18T23:13:44,cancelled,mobile
o001743,c00748,SKU0461,1,3114,USD,2026-04-17T03:20:22,completed,web
o001744,c00173,SKU0417,2,2884,USD,2026-02-12T02:16:24,cancelled,marketplace
o001745,c00248,SKU0049,2,2806,USD,2026-03-08T11:04:51,completed,web
o001746,c00851,SKU0070,1,1351,USD,2026-02-03T09:23:59,completed,marketplace
o001747,c00478,SKU0158,1,902,USD,2026-02-14T16:16:08,completed,web
o001748,c00862,SKU0118,1,1789,USD,2026-03-06T12:29:43,completed,web
o001749,c00436,SKU0394,3,2901,USD,2026-03-06T03:45:48,shipped,web
o001750,c00060,SKU0088,1,1407,USD,2026-03-29T06:05:27,completed,marketplace
o001751,c00029,SKU0147,4,4048,USD,2026-04-06T21:11:25,completed,mobile
o001752,c00282,SKU0319,1,2261,USD,2026-02-14T01:12:22,completed,mobile
o001753,c00064,SKU0018,2,3874,USD,2026-03-04T10:04:35,completed,mobile
o001754,c00567,SKU0098,1,657,USD,2026-02-19T10:47:29,completed,api
o001755,c00982,SKU0112,1,1132,USD,2026-03-30T00:38:28,completed,web
o001756,c00133,SKU0207,4,22700,USD,2026-04-14T18:54:20,completed,web
o001757,c00456,SKU0001,1,741,USD,2026-03-08T11:18:32,completed,web
o001758,c00876,SKU0081,1,2195,USD,2026-04-08T16:08:30,completed,mobile
o001759,c00368,SKU0113,2,2420,USD,2026-04-12T03:19:42,completed,web
o001760,c00367,SKU0144,1,471,USD,2026-03-09T11:14:04,refunded,web
o001761,c00664,SKU0160,1,1091,USD,2026-02-27T06:35:40,refunded,web
o001762,c00171,SKU0116,2,5342,USD,2026-03-24T22:17:05,shipped,web
o001763,c00553,SKU0389,1,416,USD,2026-03-09T03:23:48,completed,web
o001764,c00071,SKU0053,2,3608,USD,2026-04-09T14:33:04,completed,web
o001765,c00471,SKU0320,2,1202,USD,2026-04-25T12:26:17,completed,web
o001766,c00445,SKU0366,2,2956,USD,2026-02-13T02:20:18,completed,mobile
o001767,c00343,SKU0457,1,786,USD,2025-11-27T07:02:39,completed,mobile
o001768,c00855,SKU0165,1,424,USD,2026-02-07T10:26:08,refunded,web
o001769,c00315,SKU0346,1,573,USD,2026-03-21T11:15:27,shipped,web
o001770,c00945,SKU0108,1,4019,USD,2026-04-12T05:53:54,cancelled,web
o001771,c00121,SKU0256,2,2958,USD,2026-02-01T02:17:35,completed,api
o001772,c00926,SKU0481,1,918,USD,2026-05-02T22:14:09,completed,mobile
o001773,c00751,SKU0219,1,2570,USD,2026-03-16T20:42:20,completed,mobile
o001774,c00243,SKU0480,2,2040,USD,2026-03-13T14:20:54,refunded,web
o001775,c00444,SKU0437,1,458,USD,2026-02-01T19:29:46,cancelled,web
o001776,c00307,SKU0322,3,1722,USD,2026-03-31T17:15:33,cancelled,web
o001777,c00537,SKU0473,1,582,USD,2025-12-22T05:15:35,completed,web
o001778,c00947,SKU0458,3,3471,USD,2026-04-03T23:32:22,completed,marketplace
o001779,c00566,SKU0487,4,17668,USD,2026-03-20T16:22:18,completed,api
o001780,c00464,SKU0386,5,9540,USD,2026-03-10T22:13:35,cancelled,mobile
o001781,c00034,SKU0413,2,11082,USD,2026-04-16T23:37:14,completed,web
o001782,c00760,SKU0273,1,1382,USD,2026-03-25T01:21:57,cancelled,web
o001783,c00736,SKU0022,1,890,USD,2026-04-04T23:01:59,completed,mobile
o001784,c00334,SKU0309,1,2102,USD,2026-04-07T10:28:46,completed,web
o001785,c00833,SKU0176,1,2164,USD,2026-02-19T05:45:09,completed,web
o001786,c00434,SKU0372,1,1174,USD,2026-04-13T13:46:38,completed,mobile
o001787,c00834,SKU0034,1,1736,USD,2026-04-11T23:27:44,refunded,mobile
o001788,c00577,SKU0135,1,2574,USD,2026-03-02T06:47:55,refunded,web
o001789,c00715,SKU0203,2,7236,USD,2025-12-27T08:02:30,completed,web
o001790,c00652,SKU0418,2,1186,USD,2026-02-01T17:53:51,completed,mobile
o001791,c00148,SKU0022,2,1780,USD,2026-05-04T16:18:49,refunded,web
o001792,c00343,SKU0489,1,2358,USD,2026-03-05T23:28:26,completed,marketplace
o001793,c00537,SKU0008,2,5216,USD,2026-04-02T18:07:46,completed,mobile
o001794,c00219,SKU0272,1,1569,USD,2026-02-16T14:38:28,completed,mobile
o001795,c00386,SKU0002,1,1981,USD,2026-01-17T21:13:36,completed,web
o001796,c00351,SKU0281,1,1705,USD,2025-12-30T05:44:39,completed,web
o001797,c00751,SKU0388,1,2098,USD,2026-04-15T06:00:00,shipped,web
o001798,c00664,SKU0014,2,4486,USD,2026-01-06T00:48:22,completed,mobile
o001799,c00323,SKU0341,2,2756,USD,2026-04-06T00:32:34,completed,web
o001800,c00264,SKU0018,2,3874,USD,2026-02-28T23:11:37,shipped,mobile
o001801,c00233,SKU0057,2,1036,USD,2026-03-09T22:40:28,refunded,web
o001802,c00772,SKU0027,1,926,USD,2026-04-26T04:04:43,cancelled,web
o001803,c00371,SKU0399,1,2588,USD,2026-02-12T01:29:41,refunded,web
o001804,c00055,SKU0454,2,3144,USD,2026-04-03T18:58:00,cancelled,web
o001805,c00675,SKU0197,1,1457,USD,2026-04-16T00:26:37,completed,mobile
o001806,c00116,SKU0319,1,2261,USD,2026-03-15T17:45:47,shipped,web
o001807,c00465,SKU0160,1,1091,USD,2026-03-24T16:09:45,completed,web
o001808,c00270,SKU0103,2,760,USD,2026-04-13T06:29:22,shipped,web
o001809,c00570,SKU0406,1,1940,USD,2026-05-08T00:31:06,completed,web
o001810,c00954,SKU0336,3,1902,USD,2026-02-11T13:15:14,completed,mobile
o001811,c00755,SKU0138,2,3640,USD,2026-03-30T19:48:44,cancelled,web
o001812,c00753,SKU0192,3,4446,USD,2026-01-05T07:37:16,completed,web
o001813,c00232,SKU0114,2,5918,USD,2026-03-18T14:00:31,completed,web
o001814,c00344,SKU0202,1,700,USD,2026-04-15T12:20:25,completed,mobile
o001815,c00151,SKU0277,1,1657,USD,2026-04-19T22:14:36,completed,web
o001816,c00036,SKU0218,1,401,USD,2026-04-14T21:57:26,refunded,mobile
o001817,c00264,SKU0182,1,1302,USD,2026-03-26T09:42:10,cancelled,web
o001818,c00656,SKU0329,1,3345,USD,2026-04-10T07:22:43,cancelled,mobile
o001819,c00362,SKU0327,3,1593,USD,2026-04-26T17:59:00,refunded,web
o001820,c00421,SKU0461,1,3114,USD,2026-01-24T09:26:01,cancelled,web
o001821,c00549,SKU0119,3,4902,USD,2026-03-31T08:49:23,completed,mobile
o001822,c00547,SKU0120,1,1874,USD,2026-04-24T09:29:05,completed,mobile
o001823,c00801,SKU0125,1,6254,USD,2026-01-23T14:17:21,completed,web
o001824,c00246,SKU0419,1,1304,USD,2026-02-07T16:15:25,completed,web
o001825,c00328,SKU0288,1,471,USD,2026-04-18T17:26:56,completed,mobile
o001826,c00786,SKU0246,1,2288,USD,2026-04-01T05:54:04,completed,web
o001827,c00944,SKU0379,1,1948,USD,2026-04-02T00:01:44,cancelled,mobile
o001828,c00372,SKU0412,2,2858,USD,2026-02-02T06:33:24,cancelled,marketplace
o001829,c00954,SKU0431,1,1233,USD,2026-03-25T12:08:18,completed,web
o001830,c00335,SKU0399,1,2588,USD,2026-01-21T09:00:58,cancelled,web
o001831,c00572,SKU0062,2,7308,USD,2026-01-18T14:24:59,completed,mobile
o001832,c00651,SKU0465,3,7329,USD,2026-03-07T04:44:38,refunded,mobile
o001833,c00543,SKU0462,2,2448,USD,2026-03-31T11:26:18,refunded,web
o001834,c00126,SKU0452,2,5092,USD,2026-03-04T19:43:59,completed,web
o001835,c00136,SKU0462,1,1224,USD,2026-03-25T23:27:02,refunded,web
o001836,c00757,SKU0073,2,10724,USD,2026-01-29T18:12:53,completed,mobile
o001837,c00547,SKU0030,4,9292,USD,2026-03-07T22:56:08,completed,web
o001838,c00169,SKU0249,2,24522,USD,2026-01-02T16:19:30,completed,marketplace
o001839,c00343,SKU0489,1,2358,USD,2026-03-15T23:52:47,completed,marketplace
o001840,c00864,SKU0362,1,1740,USD,2025-12-22T08:06:55,completed,marketplace
o001841,c00134,SKU0308,1,539,USD,2026-03-24T14:43:11,completed,mobile
o001842,c00946,SKU0417,1,1442,USD,2025-11-26T22:08:53,completed,mobile
o001843,c00943,SKU0482,1,1037,USD,2026-03-20T12:06:17,completed,web
o001844,c00442,SKU0481,2,1836,USD,2026-02-03T19:39:04,refunded,mobile
o001845,c00874,SKU0066,1,2625,USD,2026-04-19T20:32:31,completed,mobile
o001846,c00848,SKU0252,1,598,USD,2026-04-06T00:37:10,completed,web
o001847,c00762,SKU0043,2,5960,USD,2026-01-02T04:02:16,completed,web
o001848,c00633,SKU0456,1,1758,USD,2026-03-29T15:37:25,completed,mobile
o001849,c00342,SKU0160,1,1091,USD,2026-05-12T09:43:29,cancelled,mobile
o001850,c00268,SKU0467,1,1461,USD,2026-01-19T20:42:36,completed,mobile
o001851,c00664,SKU0116,1,2671,USD,2026-03-01T19:01:13,completed,mobile
o001852,c00361,SKU0296,1,1506,USD,2026-03-24T02:17:40,completed,mobile
o001853,c00242,SKU0266,3,7086,USD,2026-02-16T11:34:17,completed,web
o001854,c00150,SKU0465,3,7329,USD,2025-12-16T09:21:20,completed,web
o001855,c00254,SKU0226,1,1523,USD,2026-01-08T11:19:31,shipped,web
o001856,c00356,SKU0249,5,61305,USD,2026-03-31T18:27:22,shipped,web
o001857,c00827,SKU0089,3,5508,USD,2026-02-27T10:53:34,completed,mobile
o001858,c00455,SKU0486,2,1864,USD,2026-01-22T02:27:26,cancelled,web
o001859,c00756,SKU0490,2,2458,USD,2025-12-30T19:58:38,cancelled,web
o001860,c00351,SKU0243,1,1894,USD,2026-04-02T22:01:36,cancelled,marketplace
o001861,c00987,SKU0099,2,908,USD,2026-02-01T05:51:18,completed,mobile
o001862,c00854,SKU0336,1,634,USD,2025-12-11T20:59:41,refunded,web
o001863,c00136,SKU0411,3,13266,USD,2025-11-30T06:42:56,shipped,web
o001864,c00131,SKU0118,1,1789,USD,2026-03-31T10:15:35,cancelled,web
o001865,c00433,SKU0379,3,5844,USD,2025-12-31T00:57:01,completed,mobile
o001866,c00147,SKU0374,2,2700,USD,2026-04-13T21:20:17,completed,mobile
o001867,c00353,SKU0055,2,2450,USD,2025-12-09T03:32:11,completed,web
o001868,c00372,SKU0420,1,660,USD,2026-03-23T17:30:32,completed,mobile
o001869,c00268,SKU0393,1,1733,USD,2026-03-31T05:32:57,refunded,web
o001870,c00645,SKU0497,1,896,USD,2026-03-23T04:28:05,completed,mobile
o001871,c00761,SKU0291,2,3122,USD,2026-04-09T17:42:50,completed,mobile
o001872,c00867,SKU0006,1,1173,USD,2026-03-09T18:00:08,refunded,mobile
o001873,c00561,SKU0203,1,3618,USD,2026-03-31T01:29:58,completed,web
o001874,c00972,SKU0273,1,1382,USD,2025-12-14T16:40:57,completed,web
o001875,c00968,SKU0371,1,2100,USD,2026-01-29T06:43:26,completed,mobile
o001876,c00780,SKU0040,5,3485,USD,2026-02-08T07:15:01,completed,mobile
o001877,c00248,SKU0110,1,1834,USD,2026-03-31T23:01:01,completed,web
o001878,c00462,SKU0443,1,973,USD,2026-02-02T07:41:35,refunded,web
o001879,c00635,SKU0118,1,1789,USD,2026-03-06T10:26:44,completed,web
o001880,c00434,SKU0193,1,1684,USD,2026-03-08T14:45:12,refunded,web
o001881,c00651,SKU0323,3,2193,USD,2026-01-22T22:37:17,cancelled,web
o001882,c00341,SKU0344,5,14285,USD,2026-03-07T06:52:14,completed,web
o001883,c00368,SKU0236,3,5559,USD,2026-03-03T13:12:49,completed,mobile
o001884,c00854,SKU0437,4,1832,USD,2026-04-16T02:02:13,shipped,mobile
o001885,c00358,SKU0087,1,3000,USD,2026-01-13T09:37:19,refunded,mobile
o001886,c00845,SKU0443,3,2919,USD,2026-02-22T15:11:32,shipped,web
o001887,c00377,SKU0402,1,2854,USD,2026-02-03T12:03:30,completed,web
o001888,c00952,SKU0268,2,3314,USD,2026-01-04T20:28:15,shipped,api
o001889,c00763,SKU0437,2,916,USD,2026-02-23T05:07:24,shipped,web
o001890,c00854,SKU0395,4,8676,USD,2026-02-10T23:07:59,refunded,web
o001891,c00752,SKU0373,1,782,USD,2026-01-16T14:33:33,shipped,mobile
o001892,c00958,SKU0397,1,3024,USD,2026-02-16T18:32:33,cancelled,web
o001893,c00267,SKU0009,1,2365,USD,2026-04-02T03:53:41,cancelled,marketplace
o001894,c00944,SKU0247,1,1622,USD,2026-02-05T15:50:43,completed,web
o001895,c00462,SKU0496,1,4695,USD,2026-02-03T22:00:20,completed,web
o001896,c00950,SKU0295,1,1506,USD,2026-04-14T01:28:07,completed,web
o001897,c00737,SKU0105,1,1467,USD,2026-04-02T12:17:14,completed,web
o001898,c00054,SKU0401,2,1816,USD,2026-01-12T12:40:23,cancelled,web
o001899,c00522,SKU0392,4,7360,USD,2025-12-23T10:58:28,completed,web
o001900,c00670,SKU0117,2,3804,USD,2026-03-21T05:04:44,refunded,mobile
o001901,c00835,SKU0120,1,1874,USD,2026-03-29T03:43:54,refunded,web
o001902,c00753,SKU0391,1,6259,USD,2026-05-01T01:49:06,completed,mobile
o001903,c00074,SKU0165,1,424,USD,2026-01-18T10:50:51,completed,mobile
o001904,c00136,SKU0423,3,10383,USD,2026-03-06T09:51:46,completed,web
o001905,c00769,SKU0033,1,981,USD,2026-03-08T04:25:11,completed,mobile
o001906,c00040,SKU0245,1,1602,USD,2026-03-13T08:55:47,refunded,web
o001907,c00464,SKU0476,2,3102,USD,2026-03-16T02:41:27,shipped,web
o001908,c00883,SKU0019,1,2039,USD,2026-04-12T22:32:54,refunded,web
o001909,c00845,SKU0341,4,5512,USD,2026-02-15T10:33:39,completed,web
o001910,c00725,SKU0332,1,3736,USD,2026-02-12T21:07:19,refunded,web
o001911,c00665,SKU0440,1,2439,USD,2026-04-17T12:06:26,refunded,web
o001912,c00026,SKU0250,1,1834,USD,2026-04-16T11:16:39,completed,web
o001913,c00245,SKU0306,1,1763,USD,2026-02-22T23:32:11,completed,web
o001914,c00730,SKU0047,2,3470,USD,2026-05-05T05:56:11,completed,web
o001915,c00658,SKU0143,2,2772,USD,2026-03-01T02:10:32,cancelled,web
o001916,c00444,SKU0301,1,616,USD,2026-03-06T01:42:48,completed,web
o001917,c00727,SKU0462,1,1224,USD,2026-03-10T19:09:03,completed,web
o001918,c00470,SKU0041,4,11360,USD,2025-12-27T04:45:41,shipped,marketplace
o001919,c00037,SKU0249,1,12261,USD,2026-03-31T17:34:25,cancelled,web
o001920,c00737,SKU0168,1,1809,USD,2026-01-15T06:55:25,completed,mobile
o001921,c00734,SKU0203,5,18090,USD,2026-04-06T22:33:31,completed,web
o001922,c00242,SKU0329,4,13380,USD,2026-04-19T18:25:49,completed,web
o001923,c00321,SKU0367,1,1192,USD,2026-03-22T00:18:15,completed,web
o001924,c00473,SKU0191,5,1690,USD,2026-04-02T19:27:56,refunded,web
o001925,c00048,SKU0114,1,2959,USD,2026-02-22T02:05:10,completed,web
o001926,c00583,SKU0372,1,1174,USD,2026-02-05T22:28:31,shipped,web
o001927,c00235,SKU0054,3,6516,USD,2026-02-24T06:15:57,refunded,web
o001928,c00557,SKU0075,1,970,USD,2026-01-20T21:53:16,completed,web
o001929,c00355,SKU0179,1,5543,USD,2026-03-12T18:55:54,refunded,web
o001930,c00057,SKU0234,2,2998,USD,2026-03-26T14:44:36,completed,marketplace
o001931,c00159,SKU0369,4,14344,USD,2026-02-13T18:20:27,refunded,web
o001932,c00241,SKU0111,2,5184,USD,2026-03-27T22:42:13,completed,mobile
o001933,c00557,SKU0492,2,2016,USD,2026-03-20T22:44:44,refunded,marketplace
o001934,c00035,SKU0136,1,704,USD,2026-04-11T10:04:35,completed,web
o001935,c00848,SKU0402,2,5708,USD,2026-01-09T00:59:02,completed,marketplace
o001936,c00244,SKU0459,4,8312,USD,2026-04-20T20:42:53,cancelled,web
o001937,c00422,SKU0459,5,10390,USD,2026-03-02T13:20:01,completed,web
o001938,c00471,SKU0107,2,2690,USD,2026-04-26T06:53:06,shipped,web
o001939,c00579,SKU0326,1,1576,USD,2026-03-20T19:54:37,completed,mobile
o001940,c00053,SKU0067,4,10316,USD,2026-02-26T08:11:27,completed,mobile
o001941,c00676,SKU0457,1,786,USD,2026-01-09T04:40:26,shipped,web
o001942,c00452,SKU0340,1,3462,USD,2025-12-22T15:52:01,refunded,web
o001943,c00728,SKU0120,2,3748,USD,2026-03-02T01:44:50,refunded,web
o001944,c00440,SKU0171,3,3450,USD,2026-01-29T18:05:34,completed,web
o001945,c00369,SKU0362,2,3480,USD,2026-02-10T15:56:18,refunded,web
o001946,c00252,SKU0222,2,2204,USD,2026-04-05T01:41:51,completed,web
o001947,c00074,SKU0354,1,2674,USD,2026-03-18T18:34:43,shipped,web
o001948,c00457,SKU0257,2,11128,USD,2026-04-16T00:20:38,shipped,marketplace
o001949,c00032,SKU0173,1,712,USD,2026-03-27T16:41:32,refunded,web
o001950,c00846,SKU0201,1,667,USD,2026-01-28T03:18:27,completed,web
o001951,c00355,SKU0486,2,1864,USD,2026-02-12T23:42:35,completed,web
o001952,c00538,SKU0084,1,786,USD,2026-03-27T10:27:31,completed,web
o001953,c00657,SKU0211,2,2104,USD,2026-01-21T11:14:45,completed,marketplace
o001954,c00041,SKU0242,2,2422,USD,2026-03-01T12:09:55,completed,api
o001955,c00430,SKU0477,1,874,USD,2026-02-25T05:47:33,completed,mobile
o001956,c00468,SKU0498,2,4300,USD,2025-12-29T02:03:59,completed,web
o001957,c00740,SKU0316,1,1284,USD,2026-03-16T18:16:52,completed,web
o001958,c00130,SKU0244,3,25080,USD,2026-02-12T03:42:42,completed,mobile
o001959,c00840,SKU0347,1,1174,USD,2026-03-16T14:07:17,refunded,web
o001960,c00252,SKU0467,2,2922,USD,2026-04-02T09:32:33,completed,web
o001961,c00876,SKU0078,1,919,USD,2026-04-27T11:25:54,completed,mobile
o001962,c00441,SKU0351,1,2459,USD,2026-04-02T07:32:39,completed,web
o001963,c00384,SKU0273,2,2764,USD,2026-02-18T13:10:06,completed,mobile
o001964,c00665,SKU0186,1,2725,USD,2025-12-22T21:37:39,cancelled,web
o001965,c00860,SKU0077,1,2877,USD,2026-04-24T08:31:15,shipped,api
o001966,c00852,SKU0387,1,671,USD,2026-05-07T21:58:52,completed,web
o001967,c00424,SKU0442,1,1767,USD,2026-04-24T07:40:36,cancelled,mobile
o001968,c00446,SKU0107,2,2690,USD,2026-03-02T06:30:50,completed,web
o001969,c00760,SKU0158,2,1804,USD,2025-12-21T09:26:19,completed,web
o001970,c00460,SKU0019,5,10195,USD,2025-12-14T16:46:30,completed,marketplace
o001971,c00470,SKU0449,1,1054,USD,2026-04-07T04:42:14,completed,mobile
o001972,c00239,SKU0102,1,2017,USD,2026-05-03T20:34:29,shipped,mobile
o001973,c00050,SKU0077,4,11508,USD,2026-03-27T13:17:06,refunded,web
o001974,c00621,SKU0010,1,1092,USD,2026-04-05T17:26:13,completed,mobile
o001975,c00949,SKU0488,1,2001,USD,2026-04-15T12:37:17,cancelled,web
o001976,c00868,SKU0163,2,1454,USD,2026-04-16T17:35:48,shipped,web
o001977,c00445,SKU0479,2,7216,USD,2026-04-22T21:17:49,completed,mobile
o001978,c00635,SKU0262,1,698,USD,2026-03-30T21:14:44,cancelled,web
o001979,c00852,SKU0269,3,1803,USD,2026-03-29T20:51:11,refunded,web
o001980,c00573,SKU0096,2,1422,USD,2026-03-17T08:38:19,completed,web
o001981,c00358,SKU0436,3,19785,USD,2026-01-17T00:03:11,completed,web
o001982,c00568,SKU0411,1,4422,USD,2026-03-05T09:55:27,refunded,web
o001983,c00154,SKU0346,1,573,USD,2026-03-21T06:36:37,refunded,web
o001984,c00955,SKU0393,1,1733,USD,2026-04-19T08:14:37,refunded,web
o001985,c00547,SKU0053,1,1804,USD,2026-03-28T10:50:24,completed,mobile
o001986,c00771,SKU0444,2,1716,USD,2026-02-05T12:19:14,refunded,mobile
o001987,c00639,SKU0399,2,5176,USD,2025-12-21T00:53:10,refunded,mobile
o001988,c00859,SKU0207,2,11350,USD,2026-03-02T22:54:12,refunded,web
o001989,c00334,SKU0261,2,1912,USD,2026-01-11T16:27:53,completed,web
o001990,c00052,SKU0313,1,3012,USD,2026-03-05T03:57:01,completed,web
o001991,c00530,SKU0489,1,2358,USD,2026-02-06T05:06:26,completed,web
o001992,c00866,SKU0164,1,2416,USD,2026-02-13T05:19:35,cancelled,marketplace
o001993,c00861,SKU0439,1,1845,USD,2026-02-02T09:52:39,cancelled,mobile
o001994,c00151,SKU0468,1,738,USD,2026-01-09T22:29:04,completed,web
o001995,c00057,SKU0408,3,2085,USD,2026-02-19T12:04:45,cancelled,mobile
o001996,c00155,SKU0449,2,2108,USD,2026-03-06T02:19:16,completed,web
o001997,c00229,SKU0021,3,2193,USD,2026-01-26T03:44:17,completed,web
o001998,c00761,SKU0467,3,4383,USD,2026-02-07T12:13:08,shipped,mobile
o001999,c00466,SKU0330,1,2419,USD,2026-01-22T09:09:31,completed,marketplace
o002000,c00414,SKU0285,2,2738,USD,2026-04-19T21:41:49,shipped,mobile
o002001,c00765,SKU0299,1,2090,USD,2026-03-31T15:03:35,cancelled,mobile
o002002,c00356,SKU0283,3,4575,USD,2026-02-21T13:56:21,completed,web
o002003,c00978,SKU0024,4,6336,USD,2026-01-13T05:35:41,cancelled,web
o002004,c00747,SKU0406,1,1940,USD,2026-03-07T06:17:16,shipped,web
o002005,c00649,SKU0372,5,5870,USD,2026-03-08T06:54:46,completed,web
o002006,c00363,SKU0196,2,2480,USD,2026-01-16T19:16:16,completed,mobile
o002007,c00668,SKU0014,5,11215,USD,2026-04-17T14:08:53,completed,mobile
o002008,c00456,SKU0226,1,1523,USD,2026-04-14T17:01:17,completed,web
o002009,c00452,SKU0176,1,2164,USD,2026-01-23T07:54:13,cancelled,web
o002010,c00838,SKU0073,4,21448,USD,2026-03-18T18:35:09,cancelled,mobile
o002011,c00451,SKU0074,1,679,USD,2026-03-20T17:47:37,cancelled,web
o002012,c00339,SKU0112,1,1132,USD,2026-04-12T14:22:59,completed,mobile
o002013,c00053,SKU0280,3,3606,USD,2026-01-11T07:41:23,refunded,mobile
o002014,c00366,SKU0200,1,2489,USD,2026-04-03T02:38:29,completed,web
o002015,c00961,SKU0375,2,5858,USD,2026-01-29T14:21:27,completed,web
o002016,c00133,SKU0250,2,3668,USD,2026-04-11T07:49:07,completed,web
o002017,c00167,SKU0229,2,2550,USD,2026-03-17T17:41:01,completed,mobile
o002018,c00853,SKU0100,1,1431,USD,2026-04-02T05:17:34,refunded,web
o002019,c00017,SKU0306,2,3526,USD,2026-03-15T13:36:01,completed,web
o002020,c00248,SKU0023,1,2615,USD,2026-01-25T19:17:18,shipped,web
o002021,c00453,SKU0060,3,12525,USD,2026-04-09T22:16:16,completed,web
o002022,c00150,SKU0157,1,1456,USD,2026-04-11T22:45:39,completed,marketplace
o002023,c00051,SKU0397,2,6048,USD,2026-01-26T12:40:54,completed,marketplace
o002024,c00869,SKU0410,2,2834,USD,2026-04-01T09:46:47,refunded,mobile
o002025,c00556,SKU0314,1,4489,USD,2026-04-06T10:10:16,completed,web
o002026,c00632,SKU0458,1,1157,USD,2026-05-05T14:08:50,completed,mobile
o002027,c00082,SKU0078,3,2757,USD,2026-04-25T04:16:30,completed,web
o002028,c00948,SKU0451,1,2349,USD,2026-04-10T02:43:42,completed,web
o002029,c00769,SKU0146,2,2556,USD,2026-02-20T06:20:21,completed,mobile
o002030,c00386,SKU0338,1,3496,USD,2025-12-15T12:56:32,completed,web
o002031,c00770,SKU0277,1,1657,USD,2026-03-26T05:40:47,completed,web
o002032,c00348,SKU0106,4,19728,USD,2026-03-27T18:50:50,completed,web
o002033,c00358,SKU0195,1,2224,USD,2026-03-29T17:10:39,cancelled,web
o002034,c00953,SKU0145,1,3451,USD,2026-05-09T08:19:36,refunded,web
o002035,c00946,SKU0031,1,1331,USD,2026-03-05T22:04:11,shipped,mobile
o002036,c00783,SKU0378,2,9364,USD,2026-02-24T16:46:35,completed,web
o002037,c00141,SKU0322,1,574,USD,2026-02-14T07:42:32,completed,web
o002038,c00663,SKU0174,3,13071,USD,2026-01-26T15:19:12,shipped,web
o002039,c00349,SKU0099,1,454,USD,2026-02-18T06:44:41,completed,api
o002040,c00754,SKU0411,1,4422,USD,2026-02-25T12:32:35,completed,web
o002041,c00482,SKU0088,1,1407,USD,2026-05-10T06:38:07,refunded,web
o002042,c00740,SKU0275,1,1309,USD,2026-03-11T23:53:05,shipped,web
o002043,c00839,SKU0047,4,6940,USD,2026-01-02T00:09:29,completed,web
o002044,c00636,SKU0495,1,2050,USD,2026-03-31T08:23:43,refunded,mobile
o002045,c00137,SKU0019,1,2039,USD,2026-04-12T22:54:13,completed,web
o002046,c00382,SKU0218,2,802,USD,2026-01-15T23:35:59,completed,web
o002047,c00320,SKU0059,2,2420,USD,2026-01-09T22:18:24,completed,web
o002048,c00866,SKU0405,2,2178,USD,2026-04-28T10:16:20,cancelled,web
o002049,c00957,SKU0347,1,1174,USD,2026-05-09T02:20:40,completed,web
o002050,c00362,SKU0288,5,2355,USD,2026-04-17T12:41:37,completed,web
o002051,c00258,SKU0487,2,8834,USD,2026-01-18T11:36:41,completed,mobile
o002052,c00944,SKU0046,1,838,USD,2026-03-25T08:25:11,refunded,web
o002053,c00873,SKU0337,3,1599,USD,2026-03-18T00:16:07,completed,web
o002054,c00973,SKU0277,2,3314,USD,2026-03-23T19:37:16,shipped,web
o002055,c00558,SKU0420,1,660,USD,2026-01-28T04:03:51,completed,web
o002056,c00158,SKU0454,1,1572,USD,2026-04-21T01:22:38,cancelled,mobile
o002057,c00962,SKU0089,1,1836,USD,2026-02-04T18:13:31,completed,web
o002058,c00560,SKU0212,1,1375,USD,2026-01-01T16:26:03,completed,web
o002059,c00982,SKU0419,1,1304,USD,2026-01-20T09:36:30,completed,web
o002060,c00250,SKU0199,1,1153,USD,2026-02-03T13:01:04,completed,web
o002061,c00858,SKU0466,1,2349,USD,2026-04-19T12:05:52,completed,mobile
o002062,c00169,SKU0408,1,695,USD,2026-02-25T03:16:19,shipped,mobile
o002063,c00364,SKU0357,3,1875,USD,2026-04-25T10:32:05,completed,web
o002064,c00075,SKU0158,1,902,USD,2026-02-15T06:59:04,cancelled,web
o002065,c00115,SKU0114,2,5918,USD,2026-01-20T12:32:50,cancelled,mobile
o002066,c00455,SKU0113,1,1210,USD,2026-02-20T15:25:19,shipped,mobile
o002067,c00549,SKU0286,2,5094,USD,2026-01-26T13:51:25,completed,web
o002068,c00329,SKU0489,3,7074,USD,2026-01-26T02:05:16,completed,mobile
o002069,c00558,SKU0304,2,4296,USD,2026-03-24T20:30:00,refunded,marketplace
o002070,c00723,SKU0367,2,2384,USD,2026-03-01T19:11:04,refunded,marketplace
o002071,c00150,SKU0487,2,8834,USD,2026-04-06T11:23:14,shipped,mobile
o002072,c00827,SKU0344,4,11428,USD,2026-02-15T19:23:50,shipped,web
o002073,c00240,SKU0137,1,1772,USD,2026-03-13T07:30:49,refunded,web
o002074,c00746,SKU0062,1,3654,USD,2026-04-04T17:45:45,shipped,web
o002075,c00047,SKU0278,1,2936,USD,2026-04-01T01:55:50,completed,web
o002076,c00369,SKU0245,4,6408,USD,2026-02-15T07:17:03,refunded,web
o002077,c00359,SKU0186,1,2725,USD,2026-02-06T13:55:16,shipped,mobile
o002078,c00755,SKU0296,2,3012,USD,2026-03-11T13:48:47,completed,web
o002079,c00845,SKU0021,3,2193,USD,2026-03-28T21:49:39,completed,web
o002080,c00766,SKU0326,1,1576,USD,2026-04-16T07:59:34,cancelled,web
o002081,c00163,SKU0393,5,8665,USD,2026-04-14T20:17:14,completed,web
o002082,c00163,SKU0391,1,6259,USD,2026-04-17T16:36:19,refunded,web
o002083,c00747,SKU0415,1,1794,USD,2026-04-27T18:56:04,completed,mobile
o002084,c00658,SKU0422,2,2068,USD,2025-12-22T02:09:22,cancelled,web
o002085,c00457,SKU0115,4,11664,USD,2026-03-28T08:20:07,refunded,web
o002086,c00376,SKU0425,3,10596,USD,2026-04-15T10:52:31,cancelled,web
o002087,c00138,SKU0130,2,5198,USD,2026-04-30T22:26:12,completed,web
o002088,c00742,SKU0118,3,5367,USD,2026-04-07T21:44:42,cancelled,web
o002089,c00575,SKU0135,1,2574,USD,2026-03-24T22:16:36,cancelled,web
o002090,c00370,SKU0093,1,554,USD,2026-02-09T01:24:03,completed,web
o002091,c00344,SKU0434,1,1467,USD,2026-01-08T09:19:36,refunded,mobile
o002092,c00622,SKU0138,1,1820,USD,2026-02-14T08:02:14,completed,web
o002093,c00639,SKU0350,1,3604,USD,2026-03-04T23:59:48,completed,web
o002094,c00183,SKU0060,1,4175,USD,2026-01-02T19:02:53,completed,web
o002095,c00277,SKU0296,1,1506,USD,2026-04-13T11:29:25,completed,mobile
o002096,c00140,SKU0415,1,1794,USD,2026-04-28T07:56:35,completed,web
o002097,c00047,SKU0078,4,3676,USD,2026-02-03T12:18:42,completed,web
o002098,c00275,SKU0008,1,2608,USD,2026-03-12T03:11:32,completed,mobile
o002099,c00769,SKU0147,1,1012,USD,2026-03-29T03:58:02,cancelled,web
o002100,c00945,SKU0306,2,3526,USD,2026-04-23T16:50:59,cancelled,web
o002101,c00021,SKU0086,1,1247,USD,2025-12-04T07:51:30,completed,marketplace
o002102,c00434,SKU0384,3,6528,USD,2026-02-26T17:12:59,completed,web
o002103,c00348,SKU0137,1,1772,USD,2026-03-06T10:33:16,cancelled,api
o002104,c00561,SKU0423,4,13844,USD,2026-03-13T11:20:02,refunded,web
o002105,c00463,SKU0488,5,10005,USD,2026-03-06T14:44:26,cancelled,mobile
o002106,c00547,SKU0226,2,3046,USD,2026-04-19T12:08:09,cancelled,mobile
o002107,c00671,SKU0272,2,3138,USD,2025-12-27T12:40:42,completed,mobile
o002108,c00148,SKU0010,1,1092,USD,2026-04-06T12:55:07,refunded,web
o002109,c00882,SKU0339,5,3505,USD,2026-01-12T12:24:08,completed,web
o002110,c00635,SKU0086,1,1247,USD,2026-01-02T16:28:23,refunded,mobile
o002111,c00672,SKU0456,2,3516,USD,2026-05-06T16:49:20,refunded,mobile
o002112,c00825,SKU0112,1,1132,USD,2026-05-02T21:38:05,completed,mobile
o002113,c00945,SKU0321,2,2106,USD,2026-04-18T01:47:15,refunded,mobile
o002114,c00458,SKU0386,1,1908,USD,2026-02-20T16:20:54,refunded,api
o002115,c00585,SKU0425,2,7064,USD,2026-04-12T05:35:24,cancelled,web
o002116,c00171,SKU0457,1,786,USD,2026-04-14T05:19:19,completed,web
o002117,c00152,SKU0472,2,1124,USD,2026-05-05T20:30:19,refunded,web
o002118,c00236,SKU0408,1,695,USD,2026-02-27T11:42:55,refunded,web
o002119,c00652,SKU0300,2,22456,USD,2026-05-02T00:18:27,completed,web
o002120,c00960,SKU0046,2,1676,USD,2026-04-14T08:36:57,cancelled,mobile
o002121,c00555,SKU0138,2,3640,USD,2026-04-25T16:55:35,completed,web
o002122,c00248,SKU0178,1,2459,USD,2026-03-27T15:59:42,completed,mobile
o002123,c00024,SKU0223,3,11484,USD,2026-03-30T15:46:52,completed,web
o002124,c00356,SKU0443,1,973,USD,2026-03-13T00:50:34,cancelled,mobile
o002125,c00971,SKU0389,1,416,USD,2026-04-03T19:04:26,completed,web
o002126,c00140,SKU0375,5,14645,USD,2026-04-10T13:23:22,completed,web
o002127,c00120,SKU0312,4,5268,USD,2026-04-30T16:44:14,completed,web
o002128,c00453,SKU0056,1,770,USD,2026-01-19T15:34:55,completed,web
o002129,c00955,SKU0399,3,7764,USD,2026-03-13T23:06:51,refunded,web
o002130,c00137,SKU0255,3,10536,USD,2026-03-31T00:35:27,shipped,web
o002131,c00561,SKU0022,1,890,USD,2026-03-11T09:02:42,completed,web
o002132,c00838,SKU0274,1,3293,USD,2026-01-18T15:42:52,shipped,web
o002133,c00974,SKU0470,1,1067,USD,2026-03-23T21:11:01,completed,web
o002134,c00432,SKU0383,1,1534,USD,2026-03-10T23:01:06,shipped,web
o002135,c00049,SKU0412,1,1429,USD,2025-12-01T13:07:16,completed,mobile
o002136,c00651,SKU0237,1,2864,USD,2026-04-16T03:39:44,refunded,web
o002137,c00944,SKU0012,1,541,USD,2026-05-01T13:07:21,cancelled,web
o002138,c00340,SKU0471,1,796,USD,2026-04-23T04:18:24,shipped,mobile
o002139,c00824,SKU0423,4,13844,USD,2026-04-17T09:34:08,completed,web
o002140,c00228,SKU0296,2,3012,USD,2026-03-05T19:55:03,cancelled,mobile
o002141,c00844,SKU0266,5,11810,USD,2026-03-12T10:37:29,completed,web
o002142,c00458,SKU0170,2,3822,USD,2026-04-10T18:40:52,shipped,mobile
o002143,c00941,SKU0351,5,12295,USD,2026-03-11T12:26:41,shipped,web
o002144,c00325,SKU0150,1,735,USD,2026-04-09T16:15:07,completed,web
o002145,c00939,SKU0228,3,3426,USD,2026-04-09T19:24:19,completed,web
o002146,c00938,SKU0289,1,1029,USD,2026-01-17T02:06:08,completed,web
o002147,c00242,SKU0191,1,338,USD,2026-03-17T12:57:12,cancelled,mobile
o002148,c00268,SKU0346,2,1146,USD,2026-01-01T06:25:12,completed,mobile
o002149,c00312,SKU0326,4,6304,USD,2026-04-22T15:52:41,shipped,web
o002150,c00424,SKU0163,1,727,USD,2026-04-17T19:46:57,cancelled,web
o002151,c00152,SKU0076,1,1047,USD,2026-02-24T05:09:01,cancelled,web
o002152,c00765,SKU0075,2,1940,USD,2026-03-25T00:22:35,shipped,mobile
o002153,c00534,SKU0163,4,2908,USD,2026-04-01T03:20:24,completed,web
o002154,c00937,SKU0454,1,1572,USD,2026-02-05T01:18:39,shipped,web
o002155,c00253,SKU0069,1,3981,USD,2026-03-19T01:07:33,refunded,marketplace
o002156,c00761,SKU0239,1,1011,USD,2026-02-26T09:16:53,completed,web
o002157,c00750,SKU0194,1,1743,USD,2026-03-17T00:02:26,completed,mobile
o002158,c00847,SKU0358,2,9778,USD,2026-04-03T10:29:30,cancelled,web
o002159,c00548,SKU0169,2,2698,USD,2026-02-10T21:03:54,completed,web
o002160,c00442,SKU0257,4,22256,USD,2026-04-15T02:01:08,refunded,mobile
o002161,c00825,SKU0226,1,1523,USD,2026-01-02T05:30:16,completed,mobile
o002162,c00372,SKU0076,1,1047,USD,2026-02-22T04:26:59,cancelled,web
o002163,c00879,SKU0226,2,3046,USD,2026-03-03T10:58:39,cancelled,web
o002164,c00066,SKU0482,3,3111,USD,2025-12-27T21:13:02,completed,web
o002165,c00363,SKU0475,1,681,USD,2026-04-14T14:36:20,completed,mobile
o002166,c00962,SKU0176,1,2164,USD,2026-04-10T04:31:08,completed,mobile
o002167,c00377,SKU0089,1,1836,USD,2026-04-12T02:06:28,completed,web
o002168,c00962,SKU0162,1,1276,USD,2026-03-22T14:58:36,completed,web
o002169,c00936,SKU0374,4,5400,USD,2026-01-24T11:27:21,completed,marketplace
o002170,c00262,SKU0450,4,18668,USD,2026-04-08T18:44:20,completed,web
o002171,c00181,SKU0022,1,890,USD,2026-03-03T21:13:15,completed,web
o002172,c00678,SKU0067,1,2579,USD,2026-02-26T15:09:42,completed,mobile
o002173,c00449,SKU0141,4,18600,USD,2026-04-21T03:48:20,shipped,mobile
o002174,c00764,SKU0164,2,4832,USD,2026-04-07T16:17:05,completed,web
o002175,c00058,SKU0437,2,916,USD,2026-04-26T07:30:08,shipped,web
o002176,c00958,SKU0151,1,3420,USD,2026-04-18T02:41:23,shipped,web
o002177,c00575,SKU0325,1,2411,USD,2026-02-04T09:06:24,refunded,web
o002178,c00959,SKU0487,1,4417,USD,2026-03-29T13:28:49,completed,mobile
o002179,c00434,SKU0333,2,3626,USD,2026-03-31T18:30:49,shipped,web
o002180,c00930,SKU0312,1,1317,USD,2026-01-24T01:19:08,completed,mobile
o002181,c00648,SKU0166,1,1353,USD,2025-12-22T06:19:22,completed,web
o002182,c00964,SKU0353,1,1723,USD,2026-01-25T15:14:13,completed,web
o002183,c00268,SKU0430,3,20754,USD,2026-02-21T21:07:25,completed,marketplace
o002184,c00337,SKU0311,2,3810,USD,2025-12-04T04:26:48,completed,marketplace
o002185,c00269,SKU0356,1,842,USD,2026-03-23T17:47:26,completed,web
o002186,c00065,SKU0243,1,1894,USD,2026-03-13T04:58:43,completed,web
o002187,c00866,SKU0486,1,932,USD,2026-03-14T05:32:21,completed,web
o002188,c00571,SKU0497,2,1792,USD,2026-02-21T02:21:38,completed,web
o002189,c00758,SKU0007,1,619,USD,2026-02-04T03:34:28,refunded,mobile
o002190,c00135,SKU0376,1,1624,USD,2026-03-31T16:51:47,refunded,mobile
o002191,c00725,SKU0067,1,2579,USD,2026-04-12T16:20:24,completed,mobile
o002192,c00351,SKU0310,2,5550,USD,2026-02-12T01:31:32,shipped,mobile
o002193,c00445,SKU0007,1,619,USD,2026-03-25T00:37:59,completed,mobile
o002194,c00720,SKU0450,2,9334,USD,2026-03-26T04:23:22,completed,mobile
o002195,c00921,SKU0021,5,3655,USD,2025-12-24T15:41:36,completed,web
o002196,c00659,SKU0218,1,401,USD,2026-03-28T01:32:22,completed,web
o002197,c00215,SKU0274,1,3293,USD,2026-04-15T20:41:20,cancelled,web
o002198,c00766,SKU0209,1,2692,USD,2026-04-28T07:32:18,refunded,web
o002199,c00634,SKU0390,1,1831,USD,2026-04-19T12:59:13,completed,web
o002200,c00357,SKU0125,1,6254,USD,2026-02-10T18:16:14,refunded,marketplace
o002201,c00964,SKU0187,1,846,USD,2026-01-16T21:14:23,completed,web
o002202,c00362,SKU0418,2,1186,USD,2026-01-10T00:08:14,completed,mobile
o002203,c00855,SKU0347,1,1174,USD,2026-03-13T03:24:30,cancelled,web
o002204,c00952,SKU0440,1,2439,USD,2026-05-01T10:52:08,completed,web
o002205,c00865,SKU0497,2,1792,USD,2026-01-11T20:35:26,completed,web
o002206,c00454,SKU0343,1,2248,USD,2026-01-12T16:44:17,completed,mobile
o002207,c00567,SKU0065,1,949,USD,2026-03-03T21:37:12,completed,web
o002208,c00121,SKU0261,1,956,USD,2026-01-28T21:47:57,completed,mobile
o002209,c00448,SKU0135,2,5148,USD,2026-04-20T05:29:57,cancelled,web
o002210,c00069,SKU0156,2,1342,USD,2025-12-07T04:00:24,completed,mobile
o002211,c00451,SKU0106,2,9864,USD,2026-02-23T07:32:59,refunded,web
o002212,c00528,SKU0117,2,3804,USD,2026-02-11T04:44:24,completed,web
o002213,c00061,SKU0139,1,965,USD,2026-03-01T13:09:23,completed,web
o002214,c00545,SKU0343,2,4496,USD,2026-05-09T04:29:45,completed,web
o002215,c00668,SKU0099,1,454,USD,2026-03-10T17:25:35,completed,marketplace
o002216,c00378,SKU0279,1,591,USD,2026-03-28T00:47:10,shipped,web
o002217,c00369,SKU0441,4,5724,USD,2026-03-05T21:54:35,completed,mobile
o002218,c00346,SKU0347,1,1174,USD,2026-05-01T11:14:46,completed,web
o002219,c00831,SKU0436,1,6595,USD,2026-03-26T12:53:07,completed,web
o002220,c00626,SKU0316,1,1284,USD,2026-04-14T20:52:38,refunded,web
o002221,c00567,SKU0420,1,660,USD,2026-03-13T14:27:26,completed,web
o002222,c00844,SKU0256,2,2958,USD,2026-03-25T23:25:31,completed,web
o002223,c00273,SKU0167,2,3652,USD,2026-03-30T17:11:24,cancelled,mobile
o002224,c00542,SKU0073,4,21448,USD,2026-02-24T02:43:48,refunded,api
o002225,c00185,SKU0101,1,1816,USD,2025-12-30T16:03:48,completed,web
o002226,c00976,SKU0155,1,683,USD,2026-05-09T16:22:46,completed,web
o002227,c00955,SKU0256,2,2958,USD,2026-03-18T09:51:12,refunded,api
o002228,c00760,SKU0375,1,2929,USD,2026-01-24T05:39:53,shipped,mobile
o002229,c00144,SKU0458,5,5785,USD,2026-03-07T06:45:36,completed,mobile
o002230,c00159,SKU0326,1,1576,USD,2026-03-31T16:11:43,completed,web
o002231,c00346,SKU0456,2,3516,USD,2026-04-10T16:45:44,completed,web
o002232,c00341,SKU0400,1,1781,USD,2025-11-27T19:58:11,completed,web
o002233,c00855,SKU0422,1,1034,USD,2026-02-15T20:19:45,cancelled,web
o002234,c00458,SKU0266,2,4724,USD,2026-04-23T03:17:34,cancelled,web
o002235,c00556,SKU0062,1,3654,USD,2026-01-28T18:50:36,completed,mobile
o002236,c00557,SKU0420,1,660,USD,2026-02-21T23:00:43,shipped,web
o002237,c00066,SKU0139,1,965,USD,2026-03-03T01:35:38,completed,mobile
o002238,c00455,SKU0054,2,4344,USD,2026-01-07T00:49:42,completed,web
o002239,c00670,SKU0056,1,770,USD,2026-03-12T01:47:16,completed,web
o002240,c00623,SKU0192,1,1482,USD,2026-04-22T15:07:39,shipped,web
o002241,c00261,SKU0112,1,1132,USD,2026-04-06T06:37:40,completed,web
o002242,c00750,SKU0103,1,380,USD,2026-01-02T03:18:09,completed,web
o002243,c00553,SKU0028,3,3423,USD,2026-04-05T08:08:59,completed,marketplace
o002244,c00260,SKU0394,1,967,USD,2026-04-15T07:23:28,completed,mobile
o002245,c00072,SKU0028,5,5705,USD,2026-02-17T21:35:37,completed,web
o002246,c00016,SKU0243,1,1894,USD,2026-04-18T09:05:44,completed,mobile
o002247,c00546,SKU0417,1,1442,USD,2026-02-25T20:50:31,completed,mobile
o002248,c00449,SKU0019,2,4078,USD,2026-02-02T20:33:03,completed,mobile
o002249,c00768,SKU0131,2,1676,USD,2026-02-14T04:29:28,shipped,web
o002250,c00256,SKU0432,2,8740,USD,2026-01-30T16:52:53,completed,web
o002251,c00251,SKU0168,4,7236,USD,2026-02-11T20:21:04,refunded,web
o002252,c00333,SKU0039,4,13248,USD,2026-04-15T00:29:53,completed,mobile
o002253,c00544,SKU0437,1,458,USD,2026-04-26T05:48:46,completed,web
o002254,c00776,SKU0442,2,3534,USD,2026-02-14T04:59:13,refunded,web
o002255,c00362,SKU0499,1,1836,USD,2026-03-24T04:20:17,shipped,web
o002256,c00415,SKU0128,1,2793,USD,2026-03-05T13:22:00,shipped,web
o002257,c00546,SKU0262,2,1396,USD,2026-01-11T04:27:39,completed,mobile
o002258,c00914,SKU0354,2,5348,USD,2026-03-20T05:17:25,cancelled,mobile
o002259,c00258,SKU0356,1,842,USD,2025-12-31T19:02:38,shipped,mobile
o002260,c00333,SKU0228,2,2284,USD,2026-03-25T23:20:43,completed,web
o002261,c00858,SKU0291,2,3122,USD,2026-04-21T23:02:07,completed,marketplace
o002262,c00349,SKU0340,3,10386,USD,2026-02-26T04:33:11,completed,mobile
o002263,c00750,SKU0197,5,7285,USD,2026-04-08T08:37:18,completed,web
o002264,c00962,SKU0480,1,1020,USD,2025-12-09T08:04:09,completed,web
o002265,c00956,SKU0271,5,6345,USD,2025-12-29T17:36:45,completed,web
o002266,c00853,SKU0308,1,539,USD,2026-03-09T19:06:11,refunded,web
o002267,c00727,SKU0411,1,4422,USD,2026-02-19T18:47:41,completed,web
o002268,c00272,SKU0431,3,3699,USD,2026-03-17T17:20:54,refunded,web
o002269,c00618,SKU0043,2,5960,USD,2026-04-22T10:15:47,shipped,web
o002270,c00578,SKU0068,1,782,USD,2025-12-11T22:19:04,completed,marketplace
o002271,c00881,SKU0123,2,6902,USD,2026-02-17T10:25:05,cancelled,web
o002272,c00945,SKU0148,1,4070,USD,2026-01-19T10:12:16,completed,marketplace
o002273,c00626,SKU0096,2,1422,USD,2026-05-09T13:26:31,completed,web
o002274,c00453,SKU0111,2,5184,USD,2026-02-23T18:52:44,completed,mobile
o002275,c00253,SKU0270,4,2684,USD,2026-02-25T22:52:44,completed,web
o002276,c00711,SKU0388,2,4196,USD,2026-02-12T16:42:09,cancelled,web
o002277,c00067,SKU0362,2,3480,USD,2026-04-11T19:39:18,completed,mobile
o002278,c00466,SKU0044,1,2482,USD,2026-04-02T10:25:33,completed,web
o002279,c00847,SKU0152,2,12866,USD,2026-04-24T01:35:30,refunded,web
o002280,c00842,SKU0121,1,969,USD,2026-02-12T23:36:30,completed,web
o002281,c00860,SKU0313,1,3012,USD,2026-04-11T16:14:47,completed,mobile
o002282,c00053,SKU0331,1,1453,USD,2026-02-08T01:26:17,refunded,web
o002283,c00218,SKU0472,1,562,USD,2026-04-17T12:22:50,completed,web
o002284,c00717,SKU0487,2,8834,USD,2026-05-01T03:25:19,cancelled,mobile
o002285,c00763,SKU0286,1,2547,USD,2026-03-28T22:32:45,completed,web
o002286,c00944,SKU0001,3,2223,USD,2026-02-03T11:40:09,shipped,web
o002287,c00175,SKU0207,1,5675,USD,2026-03-18T13:31:24,completed,mobile
o002288,c00161,SKU0420,1,660,USD,2026-02-23T00:14:20,completed,web
o002289,c00642,SKU0276,2,3202,USD,2026-04-14T13:17:36,cancelled,web
o002290,c00944,SKU0388,1,2098,USD,2026-01-20T16:38:55,completed,web
o002291,c00368,SKU0492,5,5040,USD,2026-04-21T10:46:37,completed,mobile
o002292,c00249,SKU0497,1,896,USD,2026-02-07T21:13:25,completed,web
o002293,c00454,SKU0102,3,6051,USD,2026-03-15T18:21:57,completed,mobile
o002294,c00179,SKU0176,2,4328,USD,2026-04-14T12:04:56,completed,web
o002295,c00060,SKU0432,2,8740,USD,2026-04-08T20:40:29,cancelled,web
o002296,c00047,SKU0317,2,11810,USD,2026-02-28T17:30:44,refunded,web
o002297,c00366,SKU0253,3,3063,USD,2026-03-10T03:18:44,completed,marketplace
o002298,c00285,SKU0343,1,2248,USD,2026-04-12T17:02:42,completed,web
o002299,c00661,SKU0072,1,999,USD,2025-12-29T16:18:29,cancelled,mobile
o002300,c00434,SKU0243,2,3788,USD,2026-03-29T00:02:11,completed,mobile
o002301,c00357,SKU0123,2,6902,USD,2026-04-12T11:21:03,shipped,web
o002302,c00229,SKU0405,2,2178,USD,2026-04-24T09:14:46,cancelled,web
o002303,c00334,SKU0171,2,2300,USD,2026-05-03T00:45:59,completed,mobile
o002304,c00506,SKU0469,2,3726,USD,2026-04-03T15:53:17,completed,mobile
o002305,c00763,SKU0359,1,2743,USD,2026-04-13T00:55:34,completed,mobile
o002306,c00929,SKU0122,4,2124,USD,2026-03-04T03:51:18,cancelled,web
o002307,c00821,SKU0371,2,4200,USD,2026-04-10T06:31:05,shipped,web
o002308,c00647,SKU0028,3,3423,USD,2026-03-22T01:13:44,completed,web
o002309,c00931,SKU0117,2,3804,USD,2026-03-07T20:31:42,completed,web
o002310,c00761,SKU0189,1,1538,USD,2026-02-03T17:01:17,shipped,mobile
o002311,c00381,SKU0138,1,1820,USD,2026-04-03T18:42:38,refunded,web
o002312,c00421,SKU0450,1,4667,USD,2026-03-05T06:59:02,completed,mobile
o002313,c00351,SKU0493,4,3292,USD,2026-02-28T18:02:45,refunded,web
o002314,c00636,SKU0043,4,11920,USD,2026-02-09T05:58:54,completed,mobile
o002315,c00249,SKU0240,1,1745,USD,2025-12-11T16:27:59,completed,web
o002316,c00153,SKU0094,1,956,USD,2026-02-20T10:50:45,shipped,web
o002317,c00529,SKU0317,2,11810,USD,2026-01-28T20:41:34,completed,web
o002318,c00525,SKU0365,1,4993,USD,2026-02-23T10:39:55,shipped,web
o002319,c00659,SKU0371,2,4200,USD,2026-04-24T19:41:08,completed,api
o002320,c00257,SKU0479,3,10824,USD,2026-03-04T09:04:17,refunded,web
o002321,c00777,SKU0281,2,3410,USD,2026-01-09T16:19:07,completed,mobile
o002322,c00461,SKU0093,1,554,USD,2026-04-29T07:09:20,refunded,web
o002323,c00642,SKU0323,1,731,USD,2026-05-04T17:38:51,completed,marketplace
o002324,c00959,SKU0492,1,1008,USD,2026-04-21T21:51:54,completed,web
o002325,c00749,SKU0430,1,6918,USD,2026-02-01T23:14:05,completed,web
o002326,c00942,SKU0205,1,1830,USD,2026-01-27T10:58:14,cancelled,web
o002327,c00558,SKU0239,2,2022,USD,2026-01-16T03:08:55,completed,mobile
o002328,c00563,SKU0372,1,1174,USD,2025-12-13T10:43:21,completed,web
o002329,c00154,SKU0203,3,10854,USD,2026-03-03T20:04:28,refunded,web
o002330,c00974,SKU0480,1,1020,USD,2026-04-24T06:54:56,shipped,web
o002331,c00570,SKU0385,1,1577,USD,2026-04-27T01:02:29,completed,web
o002332,c00263,SKU0100,3,4293,USD,2026-01-09T11:59:17,completed,web
o002333,c00531,SKU0024,1,1584,USD,2025-12-30T12:07:17,completed,mobile
o002334,c00744,SKU0440,1,2439,USD,2026-03-08T15:37:08,shipped,marketplace
o002335,c00461,SKU0160,5,5455,USD,2026-05-11T06:23:09,completed,web
o002336,c00840,SKU0168,1,1809,USD,2026-03-05T15:27:19,cancelled,web
o002337,c00444,SKU0005,1,2106,USD,2026-01-16T11:56:39,shipped,web
o002338,c00678,SKU0211,1,1052,USD,2026-04-20T23:56:21,completed,web
o002339,c00213,SKU0296,2,3012,USD,2026-03-30T15:13:28,shipped,mobile
o002340,c00435,SKU0201,2,1334,USD,2026-01-22T10:58:57,completed,mobile
o002341,c00469,SKU0060,1,4175,USD,2025-12-22T17:34:30,completed,mobile
o002342,c00455,SKU0416,1,456,USD,2026-01-15T19:02:33,shipped,web
o002343,c00164,SKU0241,1,770,USD,2026-04-16T18:10:08,completed,web
o002344,c00522,SKU0163,1,727,USD,2026-04-11T08:53:13,completed,web
o002345,c00761,SKU0142,1,1177,USD,2026-01-15T16:56:28,refunded,mobile
o002346,c00271,SKU0067,2,5158,USD,2025-12-27T04:30:44,completed,web
o002347,c00172,SKU0175,1,1402,USD,2026-03-30T09:47:01,refunded,web
o002348,c00224,SKU0252,1,598,USD,2026-03-12T07:23:30,completed,web
o002349,c00156,SKU0450,1,4667,USD,2026-04-10T20:59:31,refunded,web
o002350,c00563,SKU0187,1,846,USD,2026-04-25T08:21:32,cancelled,web
o002351,c00178,SKU0326,4,6304,USD,2026-02-14T19:08:47,shipped,web
o002352,c00445,SKU0158,2,1804,USD,2025-12-18T10:07:26,refunded,web
o002353,c00931,SKU0054,1,2172,USD,2026-03-09T01:53:32,shipped,web
o002354,c00351,SKU0410,1,1417,USD,2026-03-23T01:06:35,completed,web
o002355,c00154,SKU0396,1,1193,USD,2026-02-08T04:34:30,refunded,web
o002356,c00358,SKU0307,1,1096,USD,2026-02-04T16:18:50,completed,mobile
o002357,c00748,SKU0332,1,3736,USD,2026-02-12T12:24:24,cancelled,marketplace
o002358,c00049,SKU0291,1,1561,USD,2026-04-23T18:04:41,completed,web
o002359,c00047,SKU0106,1,4932,USD,2026-03-16T06:40:16,completed,web
o002360,c00736,SKU0437,2,916,USD,2026-03-15T00:43:23,completed,mobile
o002361,c00370,SKU0347,1,1174,USD,2026-03-15T16:43:32,completed,web
o002362,c00425,SKU0272,1,1569,USD,2025-12-08T22:29:27,completed,marketplace
o002363,c00681,SKU0041,2,5680,USD,2026-02-28T06:49:06,shipped,web
o002364,c00661,SKU0300,2,22456,USD,2026-04-05T14:09:57,completed,mobile
o002365,c00435,SKU0099,1,454,USD,2026-03-22T06:34:51,completed,web
o002366,c00878,SKU0422,2,2068,USD,2026-02-04T00:24:58,completed,api
o002367,c00622,SKU0312,2,2634,USD,2026-01-25T07:02:08,completed,web
o002368,c00960,SKU0072,1,999,USD,2026-03-10T12:18:08,cancelled,mobile
o002369,c00351,SKU0045,1,1704,USD,2026-01-12T15:33:19,completed,web
o002370,c00579,SKU0301,2,1232,USD,2026-03-28T07:30:40,completed,web
o002371,c00250,SKU0488,1,2001,USD,2026-02-18T03:51:01,cancelled,web
o002372,c00661,SKU0466,1,2349,USD,2026-02-16T22:19:54,refunded,web
o002373,c00059,SKU0135,2,5148,USD,2026-01-06T09:20:53,completed,mobile
o002374,c00243,SKU0309,2,4204,USD,2026-04-04T19:26:14,completed,web
o002375,c00763,SKU0418,1,593,USD,2025-11-25T00:26:40,cancelled,mobile
o002376,c00573,SKU0291,4,6244,USD,2026-02-08T02:42:48,completed,web
o002377,c00460,SKU0202,1,700,USD,2026-04-27T05:02:08,completed,mobile
o002378,c00323,SKU0065,1,949,USD,2026-02-27T00:48:55,completed,web
o002379,c00759,SKU0388,1,2098,USD,2026-03-19T06:11:26,completed,web
o002380,c00040,SKU0381,3,15192,USD,2026-03-09T04:40:09,completed,mobile
o002381,c00172,SKU0477,1,874,USD,2026-03-24T01:44:06,cancelled,web
o002382,c00569,SKU0217,2,5060,USD,2026-02-11T06:58:16,shipped,web
o002383,c00835,SKU0058,1,3744,USD,2026-04-19T05:14:35,refunded,web
o002384,c00681,SKU0480,1,1020,USD,2026-04-29T08:42:50,completed,mobile
o002385,c00951,SKU0133,1,2255,USD,2026-01-08T03:50:39,shipped,web
o002386,c00641,SKU0236,2,3706,USD,2026-04-07T06:37:09,completed,web
o002387,c00643,SKU0308,2,1078,USD,2026-03-18T16:34:27,refunded,web
o002388,c00756,SKU0354,1,2674,USD,2026-05-10T19:56:58,completed,mobile
o002389,c00758,SKU0294,3,6534,USD,2026-01-19T20:03:05,cancelled,web
o002390,c00035,SKU0014,2,4486,USD,2026-04-05T15:13:23,shipped,api
o002391,c00339,SKU0405,2,2178,USD,2026-03-06T17:55:56,shipped,web
o002392,c00362,SKU0035,2,1078,USD,2026-01-30T14:45:24,shipped,web
o002393,c00348,SKU0391,1,6259,USD,2026-03-09T03:20:08,completed,web
o002394,c00743,SKU0285,1,1369,USD,2026-04-02T04:32:58,cancelled,mobile
o002395,c00732,SKU0010,2,2184,USD,2025-12-23T19:36:11,cancelled,mobile
o002396,c00354,SKU0028,2,2282,USD,2026-04-11T06:45:07,refunded,web
o002397,c00644,SKU0116,1,2671,USD,2026-03-01T03:27:03,completed,web
o002398,c00645,SKU0479,1,3608,USD,2026-05-03T00:18:23,completed,mobile
o002399,c00845,SKU0381,1,5064,USD,2026-03-21T06:24:48,cancelled,web
o002400,c00873,SKU0411,1,4422,USD,2026-04-25T06:43:10,cancelled,marketplace
o002401,c00989,SKU0018,1,1937,USD,2026-02-09T02:22:21,cancelled,web
o002402,c00765,SKU0433,1,3034,USD,2026-04-15T16:33:06,completed,web
o002403,c00249,SKU0351,1,2459,USD,2026-03-29T10:02:47,shipped,mobile
o002404,c00069,SKU0417,2,2884,USD,2026-02-22T20:01:34,completed,web
o002405,c00343,SKU0420,2,1320,USD,2026-03-10T19:10:13,refunded,web
o002406,c00161,SKU0072,1,999,USD,2026-02-05T23:47:04,refunded,web
o002407,c00034,SKU0243,3,5682,USD,2025-12-15T08:39:46,cancelled,web
o002408,c00361,SKU0217,1,2530,USD,2025-12-21T00:56:09,shipped,mobile
o002409,c00777,SKU0317,3,17715,USD,2026-05-14T19:29:18,completed,mobile
o002410,c00254,SKU0102,1,2017,USD,2025-12-15T20:46:12,completed,mobile
o002411,c00779,SKU0017,1,1460,USD,2026-04-12T18:28:11,completed,web
o002412,c00079,SKU0071,4,5208,USD,2026-02-26T11:38:45,completed,web
o002413,c00168,SKU0499,1,1836,USD,2025-12-08T13:38:54,shipped,web
o002414,c00982,SKU0441,1,1431,USD,2026-04-21T22:07:00,completed,mobile
o002415,c00753,SKU0215,1,2296,USD,2026-03-21T15:56:02,refunded,web
o002416,c00743,SKU0452,2,5092,USD,2026-03-02T23:06:43,refunded,web
o002417,c00453,SKU0381,4,20256,USD,2026-04-20T22:27:18,refunded,web
o002418,c00876,SKU0228,1,1142,USD,2026-02-12T19:24:15,completed,marketplace
o002419,c00133,SKU0109,2,4384,USD,2026-03-14T06:21:28,completed,web
o002420,c00952,SKU0020,4,24568,USD,2026-01-26T00:38:56,cancelled,web
o002421,c00420,SKU0162,1,1276,USD,2026-01-24T19:23:34,cancelled,web
o002422,c00649,SKU0337,1,533,USD,2026-03-18T05:48:55,shipped,mobile
o002423,c00071,SKU0416,4,1824,USD,2026-01-19T23:01:21,cancelled,mobile
o002424,c00654,SKU0266,1,2362,USD,2026-02-09T21:53:48,cancelled,mobile
o002425,c00643,SKU0164,5,12080,USD,2026-04-27T01:45:03,completed,mobile
o002426,c00855,SKU0282,2,2294,USD,2026-03-01T19:23:47,completed,web
o002427,c00130,SKU0451,1,2349,USD,2026-03-16T10:43:50,cancelled,web
o002428,c00141,SKU0487,1,4417,USD,2025-12-01T11:44:35,shipped,web
o002429,c00556,SKU0132,1,3175,USD,2026-04-08T14:17:47,completed,web
o002430,c00446,SKU0281,2,3410,USD,2026-04-14T22:36:44,completed,mobile
o002431,c00537,SKU0159,1,1000,USD,2025-12-25T00:50:16,cancelled,mobile
o002432,c00261,SKU0389,1,416,USD,2026-03-21T14:24:45,completed,mobile
o002433,c00274,SKU0261,2,1912,USD,2026-04-24T15:11:18,completed,web
o002434,c00044,SKU0073,4,21448,USD,2026-04-08T14:52:40,completed,web
o002435,c00718,SKU0483,1,686,USD,2026-04-27T10:45:17,cancelled,web
o002436,c00826,SKU0407,1,2009,USD,2026-04-12T05:57:47,completed,web
o002437,c00878,SKU0290,1,1927,USD,2026-01-04T02:14:13,completed,web
o002438,c00440,SKU0483,1,686,USD,2026-04-02T12:26:50,cancelled,web
o002439,c00371,SKU0496,1,4695,USD,2026-04-05T04:48:31,completed,mobile
o002440,c00648,SKU0233,5,12865,USD,2026-03-09T07:10:17,shipped,mobile
o002441,c00840,SKU0184,1,1456,USD,2026-01-26T22:53:34,shipped,web
o002442,c00078,SKU0315,1,2748,USD,2026-04-14T03:38:53,completed,mobile
o002443,c00332,SKU0441,1,1431,USD,2026-02-20T03:02:10,shipped,marketplace
o002444,c00375,SKU0151,2,6840,USD,2026-03-20T21:55:17,completed,web
o002445,c00553,SKU0476,2,3102,USD,2026-02-27T01:28:07,refunded,web
o002446,c00960,SKU0316,1,1284,USD,2026-04-17T18:16:27,completed,web
o002447,c00363,SKU0271,1,1269,USD,2026-03-31T22:20:21,completed,marketplace
o002448,c00843,SKU0497,3,2688,USD,2026-01-26T20:37:43,refunded,web
o002449,c00944,SKU0407,1,2009,USD,2026-03-17T18:41:44,completed,mobile
o002450,c00855,SKU0145,2,6902,USD,2026-05-08T21:54:06,completed,web
o002451,c00540,SKU0209,1,2692,USD,2026-04-11T18:48:58,completed,mobile
o002452,c00153,SKU0209,1,2692,USD,2026-01-03T06:22:51,cancelled,web
o002453,c00852,SKU0436,4,26380,USD,2026-03-27T03:24:58,completed,mobile
o002454,c00425,SKU0089,3,5508,USD,2026-04-09T13:29:54,completed,web
o002455,c00335,SKU0035,2,1078,USD,2026-03-10T09:12:58,completed,mobile
o002456,c00362,SKU0014,3,6729,USD,2026-04-03T11:21:53,completed,api
o002457,c00451,SKU0002,3,5943,USD,2026-04-22T19:18:41,refunded,marketplace
o002458,c00455,SKU0314,2,8978,USD,2026-01-16T06:28:54,completed,marketplace
o002459,c00157,SKU0446,4,11404,USD,2026-04-16T22:11:38,cancelled,web
o002460,c00345,SKU0126,2,6528,USD,2026-02-10T16:32:51,shipped,web
o002461,c00843,SKU0188,1,1669,USD,2026-03-06T11:42:00,completed,api
o002462,c00674,SKU0001,1,741,USD,2026-03-30T03:40:11,refunded,marketplace
o002463,c00539,SKU0405,2,2178,USD,2026-04-15T14:06:58,shipped,web
o002464,c00948,SKU0037,3,5670,USD,2026-03-02T20:38:30,shipped,web
o002465,c00079,SKU0325,2,4822,USD,2026-03-22T16:17:09,cancelled,mobile
o002466,c00939,SKU0227,1,1005,USD,2026-04-10T17:31:48,completed,web
o002467,c00266,SKU0408,2,1390,USD,2026-03-28T19:56:02,refunded,web
o002468,c00356,SKU0263,1,1223,USD,2026-04-08T09:04:43,cancelled,web
o002469,c00542,SKU0158,2,1804,USD,2026-03-06T04:13:14,cancelled,web
o002470,c00077,SKU0095,1,2196,USD,2026-04-18T18:52:47,completed,mobile
o002471,c00445,SKU0224,1,6151,USD,2026-04-20T13:37:18,shipped,mobile
o002472,c00856,SKU0396,1,1193,USD,2026-03-15T19:39:04,completed,web
o002473,c00967,SKU0299,5,10450,USD,2026-02-25T21:50:48,completed,web
o002474,c00630,SKU0309,1,2102,USD,2026-03-02T03:23:27,completed,mobile
o002475,c00150,SKU0280,2,2404,USD,2026-02-20T07:49:29,cancelled,web
o002476,c00031,SKU0116,1,2671,USD,2026-02-24T13:56:20,cancelled,web
o002477,c00682,SKU0038,1,564,USD,2026-02-09T08:39:14,completed,web
o002478,c00579,SKU0069,1,3981,USD,2026-01-09T01:01:59,cancelled,web
o002479,c00191,SKU0232,1,1604,USD,2026-04-28T07:35:56,shipped,web
o002480,c00071,SKU0087,1,3000,USD,2026-03-13T18:09:36,refunded,marketplace
o002481,c00847,SKU0118,3,5367,USD,2026-02-27T21:21:28,cancelled,web
o002482,c00647,SKU0306,2,3526,USD,2026-04-09T12:27:44,completed,mobile
o002483,c00660,SKU0262,3,2094,USD,2026-04-09T06:44:26,refunded,web
o002484,c00044,SKU0438,1,1785,USD,2026-04-16T16:29:08,completed,mobile
o002485,c00940,SKU0194,2,3486,USD,2026-02-20T18:18:48,shipped,mobile
o002486,c00167,SKU0218,1,401,USD,2026-04-14T09:20:20,completed,web
o002487,c00820,SKU0241,1,770,USD,2026-04-08T12:35:56,completed,web
o002488,c00383,SKU0042,4,9920,USD,2026-02-12T04:32:59,completed,web
o002489,c00956,SKU0053,1,1804,USD,2026-03-27T16:27:55,cancelled,mobile
o002490,c00855,SKU0012,1,541,USD,2026-02-15T20:50:03,cancelled,web
o002491,c00926,SKU0471,1,796,USD,2026-03-10T04:46:38,cancelled,web
o002492,c00413,SKU0309,1,2102,USD,2026-03-24T21:50:20,completed,marketplace
o002493,c00252,SKU0176,3,6492,USD,2026-03-22T11:43:11,refunded,web
o002494,c00860,SKU0084,2,1572,USD,2026-01-14T05:14:43,refunded,mobile
o002495,c00361,SKU0409,2,6614,USD,2026-02-09T01:16:59,refunded,web
o002496,c00649,SKU0498,1,2150,USD,2026-03-11T16:02:32,cancelled,mobile
o002497,c00555,SKU0373,1,782,USD,2026-01-18T00:29:28,completed,web
o002498,c00846,SKU0288,2,942,USD,2026-04-04T17:55:22,completed,web
o002499,c00341,SKU0052,1,2897,USD,2026-04-19T21:59:02,refunded,web
o002500,c00369,SKU0284,1,1911,USD,2026-04-29T23:55:57,completed,mobile
o002501,c00163,SKU0232,1,1604,USD,2026-04-08T11:36:06,shipped,marketplace
o002502,c00933,SKU0156,5,3355,USD,2026-03-25T01:49:53,shipped,mobile
o002503,c00467,SKU0388,2,4196,USD,2025-12-28T16:13:42,completed,web
o002504,c00321,SKU0059,1,1210,USD,2026-03-18T07:51:45,shipped,marketplace
o002505,c00946,SKU0394,1,967,USD,2026-02-22T21:59:01,completed,mobile
o002506,c00569,SKU0136,1,704,USD,2025-11-17T04:43:20,completed,web
o002507,c00447,SKU0411,1,4422,USD,2026-03-21T10:45:59,refunded,web
o002508,c00338,SKU0151,1,3420,USD,2026-02-16T18:15:29,completed,web
o002509,c00849,SKU0030,1,2323,USD,2026-02-16T17:00:43,completed,mobile
o002510,c00372,SKU0384,2,4352,USD,2026-04-21T02:51:20,completed,web
o002511,c00628,SKU0171,3,3450,USD,2026-04-05T12:37:18,completed,marketplace
o002512,c00261,SKU0045,1,1704,USD,2026-04-12T14:20:46,completed,web
o002513,c00474,SKU0207,3,17025,USD,2026-03-05T13:24:41,completed,web
o002514,c00760,SKU0419,4,5216,USD,2026-04-22T22:59:07,completed,web
o002515,c00026,SKU0161,2,3434,USD,2026-01-14T12:00:16,completed,mobile
o002516,c00666,SKU0478,2,2546,USD,2026-02-14T19:06:01,completed,web
o002517,c00746,SKU0041,2,5680,USD,2026-03-22T05:31:49,completed,mobile
o002518,c00881,SKU0229,3,3825,USD,2025-12-16T17:34:20,completed,web
o002519,c00552,SKU0326,1,1576,USD,2026-02-04T22:50:10,completed,marketplace
o002520,c00060,SKU0456,4,7032,USD,2026-04-22T23:20:37,refunded,web
o002521,c00698,SKU0436,2,13190,USD,2025-12-28T10:49:07,completed,mobile
o002522,c00954,SKU0285,2,2738,USD,2026-02-07T23:11:33,completed,web
o002523,c00449,SKU0310,1,2775,USD,2026-03-09T04:31:34,completed,web
o002524,c00088,SKU0265,1,2273,USD,2026-03-02T18:11:10,shipped,marketplace
o002525,c00547,SKU0355,3,3291,USD,2026-04-16T18:42:09,refunded,mobile
o002526,c00222,SKU0152,1,6433,USD,2026-03-13T07:32:26,completed,web
o002527,c00334,SKU0381,2,10128,USD,2026-04-02T12:51:23,completed,mobile
o002528,c00464,SKU0293,1,3176,USD,2025-11-25T22:57:34,cancelled,mobile
o002529,c00050,SKU0150,4,2940,USD,2026-03-22T05:39:55,completed,marketplace
o002530,c00527,SKU0259,5,9915,USD,2026-04-30T16:30:12,completed,mobile
o002531,c00267,SKU0474,1,977,USD,2026-04-28T13:10:18,completed,web
o002532,c00855,SKU0266,3,7086,USD,2026-03-18T19:59:51,completed,web
o002533,c00937,SKU0292,1,1752,USD,2026-04-06T09:20:53,cancelled,mobile
o002534,c00632,SKU0207,4,22700,USD,2026-03-26T17:59:40,cancelled,mobile
o002535,c00140,SKU0379,3,5844,USD,2025-12-30T00:20:44,refunded,web
o002536,c00732,SKU0088,1,1407,USD,2026-04-04T08:52:39,shipped,web
o002537,c00462,SKU0278,4,11744,USD,2026-04-17T09:51:28,shipped,web
o002538,c00954,SKU0326,1,1576,USD,2026-04-20T10:49:20,refunded,web
o002539,c00657,SKU0046,2,1676,USD,2026-01-30T23:45:54,refunded,web
o002540,c00250,SKU0077,1,2877,USD,2026-03-29T10:27:21,completed,web
o002541,c00742,SKU0180,3,6684,USD,2026-05-04T16:19:36,refunded,web
o002542,c00536,SKU0482,1,1037,USD,2026-01-07T09:07:25,shipped,web
o002543,c00276,SKU0461,1,3114,USD,2026-04-27T23:55:48,completed,web
o002544,c00231,SKU0345,2,5172,USD,2026-04-06T23:43:44,shipped,mobile
o002545,c00755,SKU0008,2,5216,USD,2026-01-17T15:32:37,completed,web
o002546,c00049,SKU0310,3,8325,USD,2026-04-18T00:21:54,refunded,web
o002547,c00331,SKU0059,1,1210,USD,2026-03-07T10:14:26,completed,web
o002548,c00133,SKU0387,1,671,USD,2026-03-12T08:18:43,completed,web
o002549,c00539,SKU0471,1,796,USD,2026-04-05T17:38:33,completed,mobile
o002550,c00743,SKU0249,2,24522,USD,2026-04-16T16:10:01,completed,mobile
o002551,c00354,SKU0232,2,3208,USD,2026-03-10T08:58:22,completed,mobile
o002552,c00649,SKU0398,1,3476,USD,2026-04-26T03:19:29,completed,api
o002553,c00955,SKU0106,2,9864,USD,2026-03-19T13:41:06,completed,web
o002554,c00149,SKU0128,2,5586,USD,2026-03-29T23:15:21,refunded,api
o002555,c00526,SKU0223,1,3828,USD,2026-01-20T19:45:10,completed,web
o002556,c00462,SKU0349,2,2112,USD,2026-04-03T03:05:28,completed,mobile
o002557,c00519,SKU0255,1,3512,USD,2026-02-08T16:42:55,shipped,web
o002558,c00276,SKU0023,4,10460,USD,2026-01-16T01:03:57,completed,web
o002559,c00456,SKU0314,2,8978,USD,2026-04-05T03:17:35,completed,mobile
o002560,c00804,SKU0177,1,8166,USD,2026-04-25T22:42:07,completed,web
o002561,c00429,SKU0219,1,2570,USD,2026-02-05T22:48:22,completed,api
o002562,c00930,SKU0379,2,3896,USD,2026-04-15T23:49:11,shipped,web
o002563,c00839,SKU0454,1,1572,USD,2026-05-09T12:39:30,cancelled,web
o002564,c00934,SKU0015,2,6602,USD,2026-03-09T00:08:23,completed,web
o002565,c00355,SKU0361,4,13212,USD,2026-04-23T01:57:52,cancelled,mobile
o002566,c00446,SKU0020,3,18426,USD,2026-01-09T02:51:16,refunded,web
o002567,c00268,SKU0178,1,2459,USD,2026-04-01T14:41:04,completed,mobile
o002568,c00450,SKU0237,1,2864,USD,2026-03-28T02:05:16,completed,web
o002569,c00083,SKU0271,1,1269,USD,2025-12-30T00:40:45,shipped,marketplace
o002570,c00834,SKU0253,2,2042,USD,2026-04-03T08:09:02,refunded,web
o002571,c00567,SKU0397,1,3024,USD,2026-03-01T06:51:57,completed,mobile
o002572,c00284,SKU0373,1,782,USD,2026-02-25T01:58:00,shipped,mobile
o002573,c00444,SKU0489,1,2358,USD,2026-02-18T05:17:52,refunded,mobile
o002574,c00571,SKU0187,1,846,USD,2026-02-12T15:05:35,completed,web
o002575,c00829,SKU0386,4,7632,USD,2026-03-13T19:11:44,refunded,mobile
o002576,c00764,SKU0181,2,1790,USD,2026-04-04T18:40:22,completed,mobile
o002577,c00047,SKU0497,1,896,USD,2026-03-31T08:44:24,completed,marketplace
o002578,c00945,SKU0261,1,956,USD,2026-03-28T21:55:45,completed,web
o002579,c00646,SKU0105,1,1467,USD,2026-04-06T22:44:51,shipped,mobile
o002580,c00272,SKU0472,1,562,USD,2026-03-18T03:10:59,refunded,web
o002581,c00553,SKU0263,4,4892,USD,2026-03-05T08:33:00,completed,web
o002582,c00840,SKU0185,3,6627,USD,2026-03-05T04:57:28,refunded,web
o002583,c00267,SKU0061,1,3467,USD,2026-02-26T21:35:12,completed,web
o002584,c00957,SKU0313,4,12048,USD,2026-02-09T02:45:00,refunded,web
o002585,c00485,SKU0130,1,2599,USD,2026-04-12T16:18:15,completed,web
o002586,c00862,SKU0296,1,1506,USD,2026-04-28T21:21:08,shipped,api
o002587,c00526,SKU0232,1,1604,USD,2026-01-13T19:45:06,completed,web
o002588,c00535,SKU0242,1,1211,USD,2026-04-17T08:30:53,completed,mobile
o002589,c00747,SKU0351,1,2459,USD,2026-04-19T20:39:27,completed,mobile
o002590,c00852,SKU0381,1,5064,USD,2026-02-23T01:07:17,shipped,web
o002591,c00463,SKU0424,1,2800,USD,2026-02-16T00:43:57,completed,mobile
o002592,c00575,SKU0473,1,582,USD,2026-04-12T06:48:32,cancelled,mobile
o002593,c00931,SKU0178,1,2459,USD,2026-03-20T02:24:02,completed,web
o002594,c00150,SKU0365,2,9986,USD,2026-02-05T14:03:34,refunded,web
o002595,c00819,SKU0458,3,3471,USD,2026-02-06T15:19:25,completed,mobile
o002596,c00870,SKU0239,1,1011,USD,2026-04-03T11:49:30,completed,web
o002597,c00542,SKU0408,1,695,USD,2026-01-19T15:14:04,completed,marketplace
o002598,c00166,SKU0182,3,3906,USD,2025-12-27T22:53:33,refunded,mobile
o002599,c00375,SKU0486,2,1864,USD,2026-03-01T04:53:52,cancelled,mobile
o002600,c00850,SKU0304,1,2148,USD,2026-03-07T09:08:32,cancelled,mobile
o002601,c00845,SKU0282,1,1147,USD,2026-01-19T06:39:13,completed,web
o002602,c00868,SKU0256,4,5916,USD,2026-01-02T15:10:47,completed,web
o002603,c00358,SKU0107,1,1345,USD,2026-02-19T20:26:07,completed,web
o002604,c00242,SKU0061,1,3467,USD,2026-03-10T10:51:53,refunded,mobile
o002605,c00475,SKU0079,4,4584,USD,2026-04-30T07:16:17,completed,web
o002606,c00424,SKU0103,4,1520,USD,2025-12-11T08:32:05,completed,mobile
o002607,c00636,SKU0403,4,29124,USD,2026-01-29T15:06:18,cancelled,web
o002608,c00248,SKU0314,2,8978,USD,2026-03-10T00:03:17,completed,web
o002609,c00058,SKU0323,1,731,USD,2026-04-19T22:53:04,completed,web
o002610,c00962,SKU0181,2,1790,USD,2026-03-25T01:07:19,refunded,web
o002611,c00659,SKU0109,1,2192,USD,2026-02-07T06:34:36,completed,web
o002612,c00217,SKU0432,1,4370,USD,2026-03-26T20:04:02,completed,marketplace
o002613,c00950,SKU0131,2,1676,USD,2026-02-21T23:21:11,completed,mobile
o002614,c00842,SKU0342,1,593,USD,2026-01-11T15:26:40,completed,web
o002615,c00973,SKU0420,2,1320,USD,2026-02-28T00:29:19,completed,marketplace
o002616,c00243,SKU0452,4,10184,USD,2026-03-19T20:23:32,shipped,mobile
o002617,c00443,SKU0141,1,4650,USD,2026-04-10T13:04:40,shipped,mobile
o002618,c00077,SKU0364,1,855,USD,2026-03-12T16:40:29,refunded,mobile
o002619,c00042,SKU0400,3,5343,USD,2026-01-31T06:43:48,shipped,mobile
o002620,c00020,SKU0185,3,6627,USD,2026-02-09T14:52:23,shipped,web
o002621,c00058,SKU0293,1,3176,USD,2025-12-12T02:43:08,completed,web
o002622,c00250,SKU0080,1,2672,USD,2026-04-26T16:14:57,completed,web
o002623,c00854,SKU0163,2,1454,USD,2026-02-17T10:22:12,completed,web
o002624,c00975,SKU0166,1,1353,USD,2026-03-01T20:07:48,shipped,web
o002625,c00161,SKU0339,2,1402,USD,2026-02-04T12:10:07,completed,marketplace
o002626,c00048,SKU0252,1,598,USD,2026-01-17T02:06:39,completed,web
o002627,c00935,SKU0361,2,6606,USD,2026-01-18T17:20:06,cancelled,mobile
o002628,c00952,SKU0110,1,1834,USD,2026-03-27T10:03:12,completed,web
o002629,c00572,SKU0036,2,2448,USD,2026-02-04T00:04:41,refunded,web
o002630,c00548,SKU0162,2,2552,USD,2026-03-05T10:22:08,shipped,mobile
o002631,c00078,SKU0429,1,428,USD,2026-04-10T04:05:44,completed,web
o002632,c00175,SKU0495,1,2050,USD,2026-05-02T19:58:51,refunded,web
o002633,c00049,SKU0148,1,4070,USD,2026-04-07T18:44:51,completed,web
o002634,c00471,SKU0148,2,8140,USD,2026-04-18T13:33:10,completed,marketplace
o002635,c00161,SKU0213,1,2828,USD,2025-12-27T19:24:51,refunded,mobile
o002636,c00039,SKU0205,1,1830,USD,2026-02-26T14:08:07,completed,web
o002637,c00158,SKU0140,1,2907,USD,2026-02-06T10:27:53,completed,mobile
o002638,c00669,SKU0487,3,13251,USD,2026-03-24T18:19:42,completed,web
o002639,c00127,SKU0279,4,2364,USD,2026-01-15T19:27:01,completed,mobile
o002640,c00471,SKU0257,1,5564,USD,2026-02-18T17:00:48,completed,web
o002641,c00341,SKU0207,2,11350,USD,2026-04-01T06:35:10,cancelled,web
o002642,c00069,SKU0050,1,5065,USD,2026-01-24T11:47:13,cancelled,web
o002643,c00566,SKU0270,1,671,USD,2026-01-08T09:00:04,shipped,web
o002644,c00655,SKU0202,1,700,USD,2026-04-10T21:55:08,completed,web
o002645,c00164,SKU0093,2,1108,USD,2026-04-13T08:17:30,completed,web
o002646,c00557,SKU0346,1,573,USD,2026-03-18T08:15:20,completed,web
o002647,c00184,SKU0087,1,3000,USD,2026-03-01T08:23:03,completed,web
o002648,c00451,SKU0205,1,1830,USD,2026-03-24T07:45:26,completed,web
o002649,c00355,SKU0203,3,10854,USD,2026-04-15T20:33:56,completed,web
o002650,c00682,SKU0083,2,1982,USD,2026-04-21T16:01:18,shipped,web
o002651,c00722,SKU0048,1,1267,USD,2026-03-03T10:22:23,completed,web
o002652,c00024,SKU0290,1,1927,USD,2026-01-06T22:24:56,shipped,mobile
o002653,c00952,SKU0192,4,5928,USD,2026-02-14T10:25:41,cancelled,web
o002654,c00064,SKU0012,4,2164,USD,2026-01-02T11:28:45,shipped,web
o002655,c00452,SKU0419,1,1304,USD,2026-02-19T12:27:50,refunded,web
o002656,c00286,SKU0170,1,1911,USD,2026-01-06T21:08:39,refunded,marketplace
o002657,c00339,SKU0282,1,1147,USD,2026-03-14T22:36:05,refunded,mobile
o002658,c00752,SKU0059,1,1210,USD,2026-02-21T14:52:48,cancelled,web
o002659,c00839,SKU0491,2,1540,USD,2026-04-06T09:41:04,cancelled,web
o002660,c00676,SKU0135,1,2574,USD,2026-03-06T04:01:16,completed,web
o002661,c00177,SKU0039,1,3312,USD,2026-02-15T00:48:04,completed,web
o002662,c00135,SKU0376,2,3248,USD,2026-01-28T04:11:03,cancelled,web
o002663,c00717,SKU0041,1,2840,USD,2026-04-16T02:02:37,refunded,web
o002664,c00660,SKU0399,1,2588,USD,2026-02-01T08:00:27,completed,mobile
o002665,c00645,SKU0167,1,1826,USD,2026-05-02T23:56:33,refunded,web
o002666,c00861,SKU0368,2,2846,USD,2026-02-15T18:27:00,shipped,web
o002667,c00556,SKU0362,2,3480,USD,2026-03-23T03:47:38,cancelled,web
o002668,c00656,SKU0479,3,10824,USD,2025-12-24T07:04:48,completed,web
o002669,c00855,SKU0429,4,1712,USD,2026-04-20T14:53:30,completed,mobile
o002670,c00785,SKU0294,4,8712,USD,2026-03-12T09:07:02,cancelled,web
o002671,c00177,SKU0227,3,3015,USD,2026-05-01T00:42:43,cancelled,mobile
o002672,c00329,SKU0130,2,5198,USD,2026-04-09T11:02:57,completed,web
o002673,c00541,SKU0497,1,896,USD,2026-04-12T00:59:47,refunded,web
o002674,c00752,SKU0224,1,6151,USD,2025-12-19T01:09:08,completed,mobile
o002675,c00453,SKU0095,2,4392,USD,2026-02-20T22:02:47,completed,web
o002676,c00258,SKU0249,5,61305,USD,2026-03-01T09:07:07,shipped,web
o002677,c00860,SKU0066,1,2625,USD,2026-03-07T21:34:38,completed,web
o002678,c00761,SKU0246,1,2288,USD,2026-03-24T00:49:35,completed,web
o002679,c00858,SKU0024,1,1584,USD,2026-03-28T10:49:45,shipped,marketplace
o002680,c00829,SKU0244,1,8360,USD,2025-12-19T04:16:58,cancelled,web
o002681,c00025,SKU0247,3,4866,USD,2026-03-01T01:23:11,shipped,mobile
o002682,c00748,SKU0499,1,1836,USD,2026-01-31T05:26:20,completed,web
o002683,c00167,SKU0288,1,471,USD,2026-04-02T21:00:16,completed,web
o002684,c00956,SKU0476,2,3102,USD,2026-04-20T07:44:17,completed,web
o002685,c00954,SKU0071,1,1302,USD,2026-04-18T21:04:48,completed,mobile
o002686,c00655,SKU0466,1,2349,USD,2026-04-19T05:23:11,cancelled,web
o002687,c00175,SKU0473,2,1164,USD,2026-03-15T16:30:08,cancelled,marketplace
o002688,c00650,SKU0215,1,2296,USD,2026-01-01T06:14:16,shipped,api
o002689,c00863,SKU0326,1,1576,USD,2026-03-25T04:21:17,cancelled,mobile
o002690,c00249,SKU0398,3,10428,USD,2026-03-26T10:07:02,completed,web
o002691,c00847,SKU0464,3,5946,USD,2026-01-18T13:15:54,cancelled,web
o002692,c00662,SKU0096,3,2133,USD,2026-01-12T21:31:56,completed,mobile
o002693,c00375,SKU0173,2,1424,USD,2026-01-02T18:25:21,completed,mobile
o002694,c00556,SKU0067,2,5158,USD,2026-02-04T14:00:58,shipped,mobile
o002695,c00035,SKU0068,1,782,USD,2026-03-20T05:27:38,completed,web
o002696,c00375,SKU0261,2,1912,USD,2025-12-15T22:15:50,refunded,mobile
o002697,c00715,SKU0074,1,679,USD,2026-01-30T10:12:54,shipped,mobile
o002698,c00836,SKU0484,1,1657,USD,2026-02-15T17:24:50,shipped,marketplace
o002699,c00556,SKU0448,4,2140,USD,2026-03-14T01:20:33,cancelled,mobile
o002700,c00828,SKU0029,1,991,USD,2025-12-27T22:02:10,cancelled,web
o002701,c00056,SKU0183,1,1086,USD,2026-03-10T13:04:13,completed,web
o002702,c00036,SKU0281,4,6820,USD,2026-04-03T11:38:39,refunded,web
o002703,c00269,SKU0286,1,2547,USD,2025-12-14T16:15:08,completed,mobile
o002704,c00648,SKU0228,2,2284,USD,2026-03-23T16:38:29,completed,web
o002705,c00167,SKU0498,2,4300,USD,2026-02-09T02:01:45,completed,mobile
o002706,c00237,SKU0405,3,3267,USD,2026-04-20T06:20:15,shipped,mobile
o002707,c00289,SKU0391,1,6259,USD,2026-02-06T17:03:19,refunded,mobile
o002708,c00350,SKU0244,2,16720,USD,2026-03-06T09:18:06,refunded,web
o002709,c00636,SKU0406,2,3880,USD,2026-04-23T04:07:23,completed,web
o002710,c00945,SKU0485,2,5442,USD,2026-02-28T05:25:41,cancelled,mobile
o002711,c00753,SKU0380,1,2803,USD,2026-03-08T12:37:18,completed,web
o002712,c00581,SKU0482,1,1037,USD,2026-02-20T11:27:07,refunded,mobile
o002713,c00551,SKU0452,2,5092,USD,2026-04-05T08:59:06,completed,web
o002714,c00122,SKU0257,1,5564,USD,2026-03-03T13:06:40,completed,mobile
o002715,c00858,SKU0283,1,1525,USD,2026-04-07T22:44:25,shipped,mobile
o002716,c00933,SKU0399,1,2588,USD,2026-01-03T14:06:59,completed,mobile
o002717,c00160,SKU0224,2,12302,USD,2026-01-28T02:21:42,completed,web
o002718,c00726,SKU0366,5,7390,USD,2026-04-26T21:34:17,refunded,web
o002719,c00255,SKU0306,3,5289,USD,2026-04-12T21:11:36,cancelled,mobile
o002720,c00846,SKU0464,2,3964,USD,2026-05-01T17:58:58,completed,web
o002721,c00655,SKU0202,1,700,USD,2026-02-10T09:00:41,cancelled,web
o002722,c00969,SKU0360,1,2885,USD,2026-02-26T18:07:30,shipped,web
o002723,c00575,SKU0163,1,727,USD,2026-03-10T10:05:26,cancelled,web
o002724,c00167,SKU0062,1,3654,USD,2026-03-26T01:58:18,completed,web
o002725,c00130,SKU0091,1,1316,USD,2026-01-22T23:48:38,completed,web
o002726,c00729,SKU0048,1,1267,USD,2026-03-27T06:44:51,shipped,web
o002727,c00958,SKU0260,1,1278,USD,2026-01-26T05:51:21,completed,web
o002728,c00544,SKU0405,2,2178,USD,2026-02-16T13:10:38,refunded,web
o002729,c00591,SKU0109,2,4384,USD,2026-03-13T18:26:02,completed,web
o002730,c00657,SKU0266,2,4724,USD,2026-03-27T16:05:34,completed,marketplace
o002731,c00757,SKU0268,1,1657,USD,2026-01-16T11:10:33,refunded,web
o002732,c00052,SKU0256,3,4437,USD,2026-04-10T01:21:24,completed,mobile
o002733,c00065,SKU0016,1,701,USD,2026-03-25T14:42:12,cancelled,web
o002734,c00529,SKU0313,5,15060,USD,2026-04-05T11:27:20,completed,web
o002735,c00319,SKU0398,1,3476,USD,2026-04-14T15:26:28,completed,web
o002736,c00066,SKU0035,1,539,USD,2026-03-18T21:42:47,completed,marketplace
o002737,c00952,SKU0112,1,1132,USD,2025-12-30T14:27:14,completed,web
o002738,c00618,SKU0301,2,1232,USD,2026-05-05T13:05:03,completed,mobile
o002739,c00042,SKU0024,1,1584,USD,2026-03-28T09:17:00,refunded,web
o002740,c00217,SKU0121,1,969,USD,2026-03-07T13:01:31,completed,web
o002741,c00888,SKU0488,1,2001,USD,2026-01-23T13:42:12,shipped,web
o002742,c00945,SKU0400,1,1781,USD,2026-04-18T01:40:34,completed,web
o002743,c00744,SKU0221,2,2506,USD,2026-04-29T22:46:37,completed,web
o002744,c00463,SKU0345,1,2586,USD,2026-02-16T07:35:40,completed,mobile
o002745,c00848,SKU0192,1,1482,USD,2025-12-28T20:05:11,completed,api
o002746,c00153,SKU0215,1,2296,USD,2026-03-31T10:45:33,completed,web
o002747,c00552,SKU0388,2,4196,USD,2026-01-29T11:10:25,completed,web
o002748,c00843,SKU0180,1,2228,USD,2026-05-01T16:11:17,refunded,web
o002749,c00622,SKU0335,1,1527,USD,2026-02-25T22:59:13,completed,mobile
o002750,c00967,SKU0161,1,1717,USD,2026-03-26T10:30:56,refunded,web
o002751,c00055,SKU0260,1,1278,USD,2026-03-05T22:58:36,completed,web
o002752,c00047,SKU0478,1,1273,USD,2026-04-07T14:11:05,completed,web
o002753,c00733,SKU0093,3,1662,USD,2026-04-05T07:08:08,cancelled,mobile
o002754,c00738,SKU0040,1,697,USD,2026-02-27T11:04:33,shipped,web
o002755,c00173,SKU0246,3,6864,USD,2026-03-20T20:09:56,shipped,web
o002756,c00016,SKU0349,1,1056,USD,2026-02-14T08:46:59,completed,mobile
o002757,c00334,SKU0258,2,2732,USD,2026-03-13T01:29:46,completed,marketplace
o002758,c00674,SKU0214,2,3810,USD,2026-02-05T08:32:18,completed,web
o002759,c00566,SKU0041,2,5680,USD,2026-04-24T17:04:30,completed,web
o002760,c00266,SKU0155,1,683,USD,2025-12-09T00:24:04,cancelled,mobile
o002761,c00530,SKU0406,3,5820,USD,2026-03-13T16:05:27,shipped,mobile
o002762,c00820,SKU0104,1,1762,USD,2026-01-16T04:19:26,shipped,web
o002763,c00882,SKU0226,1,1523,USD,2025-12-10T10:16:10,completed,mobile
o002764,c00251,SKU0289,1,1029,USD,2025-12-31T03:38:39,completed,web
o002765,c00361,SKU0436,1,6595,USD,2026-03-14T10:41:42,completed,web
o002766,c00056,SKU0226,1,1523,USD,2026-02-22T11:38:21,cancelled,mobile
o002767,c00631,SKU0476,1,1551,USD,2026-04-05T04:43:35,refunded,web
o002768,c00652,SKU0344,4,11428,USD,2026-02-27T08:25:24,cancelled,marketplace
o002769,c00068,SKU0080,5,13360,USD,2026-04-09T05:34:49,completed,mobile
o002770,c00645,SKU0375,1,2929,USD,2026-02-28T06:07:16,cancelled,web
o002771,c00073,SKU0058,1,3744,USD,2026-01-20T02:33:33,refunded,web
o002772,c00760,SKU0162,1,1276,USD,2026-04-03T20:18:43,shipped,web
o002773,c00258,SKU0376,1,1624,USD,2026-03-27T23:22:41,completed,web
o002774,c00426,SKU0236,1,1853,USD,2026-03-18T15:46:15,refunded,marketplace
o002775,c00652,SKU0356,1,842,USD,2026-01-04T10:10:46,completed,web
o002776,c00859,SKU0102,1,2017,USD,2026-05-05T18:36:17,completed,marketplace
o002777,c00861,SKU0354,4,10696,USD,2026-04-24T20:40:00,cancelled,mobile
o002778,c00284,SKU0472,1,562,USD,2026-03-21T02:46:10,refunded,mobile
o002779,c00243,SKU0219,1,2570,USD,2026-03-21T00:48:39,completed,mobile
o002780,c00255,SKU0381,1,5064,USD,2026-03-06T08:39:06,refunded,web
o002781,c00653,SKU0363,1,2194,USD,2026-01-28T19:31:06,refunded,marketplace
o002782,c00753,SKU0202,1,700,USD,2025-12-04T10:17:55,cancelled,web
o002783,c00159,SKU0070,1,1351,USD,2026-02-05T11:24:11,cancelled,web
o002784,c00354,SKU0274,2,6586,USD,2026-04-03T00:46:58,refunded,web
o002785,c00818,SKU0017,1,1460,USD,2026-03-14T00:27:43,completed,web
o002786,c00735,SKU0279,1,591,USD,2026-04-04T04:15:21,shipped,mobile
o002787,c00454,SKU0152,1,6433,USD,2026-01-18T15:46:43,shipped,marketplace
o002788,c00352,SKU0082,1,769,USD,2026-03-16T16:31:36,shipped,web
o002789,c00751,SKU0252,1,598,USD,2026-02-02T04:52:01,completed,web
o002790,c00486,SKU0071,1,1302,USD,2025-12-15T08:39:08,completed,marketplace
o002791,c00635,SKU0091,1,1316,USD,2026-03-02T07:47:55,shipped,web
o002792,c00744,SKU0266,1,2362,USD,2026-05-07T13:47:58,shipped,mobile
o002793,c00668,SKU0065,1,949,USD,2025-12-26T02:21:50,completed,web
o002794,c00335,SKU0488,1,2001,USD,2026-05-03T09:59:15,completed,marketplace
o002795,c00716,SKU0366,1,1478,USD,2026-02-19T15:42:51,completed,web
o002796,c00678,SKU0158,3,2706,USD,2025-12-21T13:30:25,completed,web
o002797,c00264,SKU0132,2,6350,USD,2025-12-18T03:25:44,cancelled,marketplace
o002798,c00635,SKU0231,2,9084,USD,2026-02-07T06:03:26,shipped,mobile
o002799,c00473,SKU0084,2,1572,USD,2026-02-01T04:07:51,completed,mobile
o002800,c00149,SKU0153,2,5004,USD,2026-04-22T11:18:24,completed,web
o002801,c00662,SKU0373,4,3128,USD,2026-03-20T04:58:28,shipped,web
o002802,c00853,SKU0104,2,3524,USD,2026-02-25T10:33:47,completed,mobile
o002803,c00969,SKU0370,3,3078,USD,2025-12-08T05:07:39,completed,marketplace
o002804,c00636,SKU0310,3,8325,USD,2026-04-02T12:49:03,completed,web
o002805,c00759,SKU0312,1,1317,USD,2026-04-09T04:12:19,completed,web
o002806,c00446,SKU0432,2,8740,USD,2026-02-28T00:10:48,completed,web
o002807,c00275,SKU0051,1,380,USD,2026-04-02T20:24:52,completed,web
o002808,c00333,SKU0261,1,956,USD,2026-05-08T00:43:40,shipped,web
o002809,c00968,SKU0461,1,3114,USD,2026-05-05T16:21:11,completed,web
o002810,c00963,SKU0306,1,1763,USD,2026-02-04T13:22:20,cancelled,web
o002811,c00747,SKU0472,1,562,USD,2026-03-04T08:23:33,shipped,mobile
o002812,c00865,SKU0003,1,581,USD,2025-12-18T14:50:32,completed,web
o002813,c00171,SKU0327,1,531,USD,2026-03-14T17:24:14,shipped,web
o002814,c00399,SKU0076,2,2094,USD,2026-01-14T21:04:34,completed,mobile
o002815,c00352,SKU0212,2,2750,USD,2026-02-09T02:04:45,completed,web
o002816,c00237,SKU0064,4,12292,USD,2026-02-26T13:41:35,cancelled,web
o002817,c00538,SKU0007,4,2476,USD,2026-01-28T06:16:14,completed,mobile
o002818,c00660,SKU0444,1,858,USD,2026-03-27T04:11:38,completed,mobile
o002819,c00646,SKU0185,3,6627,USD,2026-01-04T21:31:18,completed,web
o002820,c00560,SKU0418,5,2965,USD,2026-04-17T01:37:52,completed,web
o002821,c00554,SKU0210,1,2346,USD,2026-02-15T20:17:26,shipped,mobile
o002822,c00592,SKU0387,1,671,USD,2026-04-12T12:52:58,cancelled,mobile
o002823,c00744,SKU0139,3,2895,USD,2026-01-06T11:17:24,shipped,web
o002824,c00938,SKU0437,1,458,USD,2026-03-20T06:06:59,shipped,web
o002825,c00653,SKU0134,3,6177,USD,2026-04-15T17:30:50,completed,mobile
o002826,c00738,SKU0377,1,1540,USD,2026-03-11T20:12:21,refunded,web
o002827,c00653,SKU0494,1,832,USD,2026-03-18T12:23:57,completed,web
o002828,c00356,SKU0287,2,1482,USD,2026-04-26T07:07:38,completed,web
o002829,c00035,SKU0343,1,2248,USD,2026-01-10T11:30:57,completed,web
o002830,c00572,SKU0470,5,5335,USD,2025-12-31T15:23:00,shipped,mobile
o002831,c00447,SKU0366,4,5912,USD,2025-12-27T09:29:36,completed,web
o002832,c00549,SKU0303,2,1826,USD,2026-02-11T20:59:40,completed,web
o002833,c00463,SKU0347,1,1174,USD,2026-04-18T19:33:02,completed,web
o002834,c00124,SKU0370,1,1026,USD,2026-02-22T08:36:05,shipped,web
o002835,c00632,SKU0496,1,4695,USD,2026-04-13T22:50:53,completed,web
o002836,c00557,SKU0129,5,7525,USD,2026-03-20T00:21:25,completed,mobile
o002837,c00062,SKU0254,2,2372,USD,2026-02-21T00:43:37,refunded,marketplace
o002838,c00154,SKU0251,2,5450,USD,2026-04-21T03:47:13,completed,web
o002839,c00285,SKU0297,1,1196,USD,2026-01-27T18:22:30,completed,mobile
o002840,c00073,SKU0412,1,1429,USD,2026-03-23T07:21:28,cancelled,web
o002841,c00234,SKU0313,1,3012,USD,2026-03-16T02:18:54,completed,web
o002842,c00070,SKU0090,1,610,USD,2026-04-02T18:05:54,completed,marketplace
o002843,c00624,SKU0166,1,1353,USD,2026-01-29T01:14:08,completed,web
o002844,c00961,SKU0132,1,3175,USD,2026-02-17T09:31:09,completed,web
o002845,c00251,SKU0204,1,7248,USD,2026-02-21T10:25:06,refunded,mobile
o002846,c00462,SKU0421,2,1116,USD,2025-12-10T07:47:50,cancelled,web
o002847,c00556,SKU0462,1,1224,USD,2026-03-25T04:11:44,completed,mobile
o002848,c00864,SKU0199,1,1153,USD,2026-03-21T09:49:08,completed,web
o002849,c00332,SKU0071,1,1302,USD,2026-02-14T17:25:24,refunded,web
o002850,c00541,SKU0135,1,2574,USD,2026-04-15T18:03:16,refunded,web
o002851,c00344,SKU0161,1,1717,USD,2026-02-15T01:14:21,completed,web
o002852,c00249,SKU0228,1,1142,USD,2026-04-09T19:02:25,completed,api
o002853,c00537,SKU0006,1,1173,USD,2026-01-04T02:15:28,refunded,mobile
o002854,c00247,SKU0113,1,1210,USD,2026-03-15T12:16:52,shipped,mobile
o002855,c00755,SKU0458,4,4628,USD,2026-04-29T00:38:56,refunded,web
o002856,c00151,SKU0113,1,1210,USD,2026-01-30T19:18:54,completed,web
o002857,c00942,SKU0032,1,1223,USD,2026-04-30T20:17:17,completed,web
o002858,c00123,SKU0352,2,5878,USD,2026-03-08T07:39:37,refunded,mobile
o002859,c00751,SKU0149,3,1038,USD,2026-04-16T14:38:16,completed,web
o002860,c00275,SKU0332,1,3736,USD,2025-12-15T21:08:36,completed,web
o002861,c00055,SKU0311,1,1905,USD,2025-11-28T19:48:29,completed,web
o002862,c00842,SKU0231,5,22710,USD,2026-02-23T21:06:02,cancelled,marketplace
o002863,c00725,SKU0038,3,1692,USD,2026-04-07T10:13:16,refunded,web
o002864,c00947,SKU0117,2,3804,USD,2026-03-16T00:06:14,completed,mobile
o002865,c00759,SKU0152,1,6433,USD,2026-04-24T06:57:31,refunded,web
o002866,c00935,SKU0418,2,1186,USD,2026-01-25T22:55:25,completed,marketplace
o002867,c00946,SKU0156,1,671,USD,2025-12-25T06:01:12,completed,marketplace
o002868,c00461,SKU0091,5,6580,USD,2026-02-14T00:32:07,completed,web
o002869,c00506,SKU0371,1,2100,USD,2026-02-19T20:25:50,completed,web
o002870,c00535,SKU0084,1,786,USD,2026-04-19T12:52:25,shipped,web
o002871,c00948,SKU0283,1,1525,USD,2026-03-27T07:06:22,completed,mobile
o002872,c00573,SKU0300,1,11228,USD,2026-02-05T00:20:55,completed,web
o002873,c00461,SKU0101,1,1816,USD,2026-02-10T04:20:52,shipped,mobile
o002874,c00869,SKU0111,1,2592,USD,2026-04-02T21:44:02,shipped,web
o002875,c00367,SKU0021,1,731,USD,2026-04-17T07:54:48,completed,web
o002876,c00050,SKU0041,1,2840,USD,2026-01-29T14:08:38,cancelled,mobile
o002877,c00049,SKU0152,1,6433,USD,2026-04-04T01:34:39,refunded,web
o002878,c00332,SKU0403,1,7281,USD,2026-04-29T00:17:26,completed,mobile
o002879,c00458,SKU0076,1,1047,USD,2026-04-11T15:08:36,refunded,web
o002880,c00464,SKU0435,2,4960,USD,2026-03-12T01:57:42,completed,api
o002881,c00829,SKU0031,1,1331,USD,2026-05-03T23:35:38,cancelled,mobile
o002882,c00634,SKU0258,3,4098,USD,2026-04-19T15:56:48,cancelled,mobile
o002883,c00070,SKU0018,2,3874,USD,2026-04-02T13:40:48,refunded,marketplace
o002884,c00960,SKU0277,1,1657,USD,2026-04-13T09:05:09,shipped,web
o002885,c00165,SKU0071,1,1302,USD,2025-12-22T16:24:27,refunded,web
o002886,c00038,SKU0046,2,1676,USD,2026-01-22T01:04:07,completed,mobile
o002887,c00370,SKU0428,1,1493,USD,2026-01-31T11:13:24,refunded,web
o002888,c00785,SKU0499,1,1836,USD,2026-01-11T14:23:09,completed,mobile
o002889,c00323,SKU0213,5,14140,USD,2026-04-01T22:36:37,completed,web
o002890,c00250,SKU0324,5,2980,USD,2026-02-02T08:29:45,completed,web
o002891,c00760,SKU0175,1,1402,USD,2026-04-08T14:01:13,completed,web
o002892,c00153,SKU0352,4,11756,USD,2026-03-28T17:50:25,cancelled,web
o002893,c00546,SKU0052,1,2897,USD,2026-03-01T04:46:50,completed,mobile
o002894,c00857,SKU0012,1,541,USD,2026-04-03T00:59:25,cancelled,web
o002895,c00940,SKU0383,1,1534,USD,2026-04-16T12:48:40,completed,web
o002896,c00160,SKU0230,2,2800,USD,2026-01-10T00:29:29,completed,mobile
o002897,c00247,SKU0148,1,4070,USD,2026-01-06T06:33:59,shipped,mobile
o002898,c00677,SKU0239,1,1011,USD,2026-03-05T21:59:13,shipped,web
o002899,c00534,SKU0151,3,10260,USD,2026-05-12T20:52:23,completed,mobile
o002900,c00285,SKU0352,1,2939,USD,2026-05-01T09:49:59,refunded,mobile
o002901,c00945,SKU0167,2,3652,USD,2026-01-09T21:30:31,completed,web
o002902,c00433,SKU0002,4,7924,USD,2026-01-06T20:29:33,refunded,web
o002903,c00154,SKU0167,4,7304,USD,2025-12-05T00:15:08,shipped,mobile
o002904,c00445,SKU0067,2,5158,USD,2026-01-18T02:11:15,cancelled,mobile
o002905,c00149,SKU0435,1,2480,USD,2026-02-26T10:56:39,completed,web
o002906,c00753,SKU0010,2,2184,USD,2026-05-10T10:54:49,cancelled,web
o002907,c00636,SKU0345,2,5172,USD,2026-04-07T02:33:54,completed,web
o002908,c00552,SKU0338,2,6992,USD,2026-02-14T03:00:05,completed,mobile
o002909,c00757,SKU0265,2,4546,USD,2026-04-06T02:17:35,cancelled,web
o002910,c00043,SKU0417,2,2884,USD,2026-03-23T20:08:41,completed,mobile
o002911,c00928,SKU0205,2,3660,USD,2026-04-05T00:43:56,completed,marketplace
o002912,c00353,SKU0426,1,868,USD,2026-03-19T06:40:56,refunded,web
o002913,c00457,SKU0188,3,5007,USD,2026-04-26T21:58:02,completed,mobile
o002914,c00174,SKU0479,1,3608,USD,2026-04-29T11:19:08,shipped,api
o002915,c00866,SKU0307,4,4384,USD,2026-05-07T13:40:38,refunded,web
o002916,c00040,SKU0382,5,15370,USD,2026-04-01T04:21:10,shipped,web
o002917,c00350,SKU0286,3,7641,USD,2026-03-08T07:15:13,completed,web
o002918,c00866,SKU0057,4,2072,USD,2026-04-06T01:39:22,cancelled,web
o002919,c00653,SKU0231,2,9084,USD,2026-01-20T22:54:37,refunded,mobile
o002920,c00435,SKU0398,3,10428,USD,2026-03-14T04:11:37,completed,web
o002921,c00579,SKU0416,1,456,USD,2026-05-02T16:49:36,completed,web
o002922,c00551,SKU0215,1,2296,USD,2026-02-11T11:42:11,completed,mobile
o002923,c00673,SKU0349,1,1056,USD,2026-01-24T12:24:41,completed,web
o002924,c00243,SKU0054,1,2172,USD,2026-02-26T07:53:29,refunded,web
o002925,c00248,SKU0297,1,1196,USD,2026-04-17T09:40:08,completed,web
o002926,c00563,SKU0217,1,2530,USD,2026-04-12T09:16:14,completed,mobile
o002927,c00949,SKU0004,1,3346,USD,2026-03-28T09:12:46,cancelled,web
o002928,c00667,SKU0463,2,4200,USD,2026-03-04T09:31:08,completed,web
o002929,c00746,SKU0439,2,3690,USD,2025-12-30T01:59:11,completed,web
o002930,c00592,SKU0076,4,4188,USD,2026-04-23T05:43:05,cancelled,mobile
o002931,c00050,SKU0246,1,2288,USD,2026-04-06T00:28:54,completed,web
o002932,c00248,SKU0370,1,1026,USD,2026-04-08T08:10:17,completed,web
o002933,c00349,SKU0453,1,2197,USD,2026-02-08T23:05:46,refunded,web
o002934,c00461,SKU0055,2,2450,USD,2026-01-21T23:54:51,completed,web
o002935,c00366,SKU0135,1,2574,USD,2026-02-21T10:02:15,completed,web
o002936,c00609,SKU0145,1,3451,USD,2026-04-09T22:42:13,completed,web
o002937,c00757,SKU0294,3,6534,USD,2026-04-18T10:22:50,cancelled,marketplace
o002938,c00522,SKU0317,3,17715,USD,2026-04-03T09:46:57,completed,web
o002939,c00241,SKU0260,1,1278,USD,2026-03-09T02:59:57,completed,web
o002940,c00740,SKU0065,3,2847,USD,2026-03-31T12:57:15,completed,web
o002941,c00924,SKU0345,1,2586,USD,2026-01-09T23:38:00,cancelled,web
o002942,c00071,SKU0222,2,2204,USD,2026-03-16T02:53:42,completed,web
o002943,c00955,SKU0143,1,1386,USD,2026-03-15T19:49:25,completed,web
o002944,c00161,SKU0407,1,2009,USD,2026-03-03T09:03:45,completed,mobile
o002945,c00179,SKU0222,3,3306,USD,2026-04-03T19:53:39,cancelled,mobile
o002946,c00047,SKU0073,1,5362,USD,2026-04-05T09:33:43,completed,web
o002947,c00670,SKU0449,1,1054,USD,2026-05-01T23:04:02,shipped,web
o002948,c00345,SKU0066,1,2625,USD,2026-04-04T11:37:20,refunded,web
o002949,c00237,SKU0054,3,6516,USD,2026-01-18T17:03:41,completed,mobile
o002950,c00156,SKU0139,1,965,USD,2026-02-18T08:14:20,shipped,mobile
o002951,c00662,SKU0307,1,1096,USD,2026-01-28T12:49:22,completed,web
o002952,c00345,SKU0061,2,6934,USD,2026-04-17T03:24:21,completed,web
o002953,c00158,SKU0189,1,1538,USD,2026-03-12T11:36:37,completed,mobile
o002954,c00175,SKU0046,4,3352,USD,2026-04-26T11:30:16,shipped,mobile
o002955,c00227,SKU0407,2,4018,USD,2026-04-15T01:22:11,refunded,mobile
o002956,c00747,SKU0360,2,5770,USD,2026-04-30T17:41:51,completed,web
o002957,c00862,SKU0311,1,1905,USD,2025-12-08T10:34:34,completed,web
o002958,c00249,SKU0037,1,1890,USD,2026-03-08T16:47:30,completed,mobile
o002959,c00951,SKU0240,1,1745,USD,2026-02-06T22:07:27,cancelled,web
o002960,c00360,SKU0379,2,3896,USD,2026-04-15T16:29:09,completed,web
o002961,c00745,SKU0218,1,401,USD,2026-02-18T23:02:29,completed,mobile
o002962,c00556,SKU0434,1,1467,USD,2026-03-09T15:51:03,refunded,mobile
o002963,c00069,SKU0130,1,2599,USD,2026-02-28T04:58:39,completed,web
o002964,c00735,SKU0395,1,2169,USD,2026-03-14T02:42:50,completed,web
o002965,c00038,SKU0232,1,1604,USD,2026-04-24T04:06:00,completed,mobile
o002966,c00350,SKU0300,1,11228,USD,2026-04-09T19:44:20,refunded,web
o002967,c00867,SKU0279,2,1182,USD,2026-04-07T14:18:45,shipped,web
o002968,c00733,SKU0002,2,3962,USD,2026-03-11T19:39:04,completed,web
o002969,c00934,SKU0072,2,1998,USD,2026-01-08T19:08:44,completed,web
o002970,c00646,SKU0010,3,3276,USD,2026-02-22T05:39:06,completed,mobile
o002971,c00645,SKU0069,1,3981,USD,2026-01-07T08:23:03,completed,mobile
o002972,c00361,SKU0180,1,2228,USD,2026-03-17T02:14:36,refunded,web
o002973,c00042,SKU0357,3,1875,USD,2026-01-06T11:28:29,completed,web
o002974,c00579,SKU0080,1,2672,USD,2026-03-12T01:01:27,cancelled,web
o002975,c00853,SKU0243,1,1894,USD,2026-04-25T22:09:51,cancelled,mobile
o002976,c00537,SKU0450,1,4667,USD,2026-03-17T12:13:33,completed,mobile
o002977,c00245,SKU0314,1,4489,USD,2026-01-19T13:19:51,completed,mobile
o002978,c00354,SKU0020,1,6142,USD,2026-04-13T09:11:00,completed,web
o002979,c00447,SKU0013,1,4784,USD,2026-02-22T21:28:07,refunded,web
o002980,c00131,SKU0261,1,956,USD,2026-03-11T20:37:48,refunded,mobile
o002981,c00662,SKU0013,2,9568,USD,2025-12-26T03:11:06,completed,mobile
o002982,c00663,SKU0404,2,5096,USD,2026-02-13T23:28:09,completed,web
o002983,c00581,SKU0045,2,3408,USD,2026-01-09T01:42:01,completed,mobile
o002984,c00077,SKU0422,2,2068,USD,2026-01-11T14:41:45,completed,mobile
o002985,c00176,SKU0244,3,25080,USD,2026-02-21T19:44:26,completed,web
o002986,c00630,SKU0172,2,12110,USD,2026-01-05T12:59:09,completed,web
o002987,c00336,SKU0284,1,1911,USD,2026-04-08T11:43:10,cancelled,mobile
o002988,c00030,SKU0319,1,2261,USD,2026-04-22T15:58:22,cancelled,marketplace
o002989,c00361,SKU0278,4,11744,USD,2026-04-24T00:08:15,refunded,marketplace
o002990,c00338,SKU0339,3,2103,USD,2026-02-21T21:19:38,shipped,web
o002991,c00767,SKU0243,1,1894,USD,2026-03-28T04:19:21,refunded,web
o002992,c00040,SKU0388,1,2098,USD,2025-12-13T22:14:22,cancelled,web
o002993,c00816,SKU0025,3,2853,USD,2026-03-01T15:27:10,completed,web
o002994,c00872,SKU0410,2,2834,USD,2026-03-02T15:44:38,refunded,web
o002995,c00653,SKU0085,2,1458,USD,2026-04-16T00:43:52,completed,web
o002996,c00137,SKU0224,2,12302,USD,2026-05-11T22:06:52,completed,web
o002997,c00371,SKU0214,5,9525,USD,2026-02-08T18:58:12,cancelled,mobile
o002998,c00458,SKU0460,5,2030,USD,2026-03-17T08:52:27,cancelled,mobile
o002999,c00852,SKU0484,3,4971,USD,2026-02-11T18:02:36,completed,mobile
o003000,c00745,SKU0182,1,1302,USD,2026-03-01T21:52:03,completed,marketplace
o003001,c00042,SKU0129,4,6020,USD,2026-04-19T09:49:50,completed,web
o003002,c00261,SKU0416,2,912,USD,2026-05-10T20:19:44,completed,mobile
o003003,c00053,SKU0301,1,616,USD,2026-02-18T06:48:30,completed,web
o003004,c00527,SKU0380,3,8409,USD,2026-03-20T21:25:36,completed,mobile
o003005,c00938,SKU0167,1,1826,USD,2026-03-26T17:23:39,completed,mobile
o003006,c00862,SKU0109,1,2192,USD,2026-04-05T05:51:57,shipped,mobile
o003007,c00843,SKU0473,4,2328,USD,2026-03-01T13:21:14,cancelled,web
o003008,c00047,SKU0012,2,1082,USD,2026-01-17T13:10:46,shipped,mobile
o003009,c00518,SKU0450,1,4667,USD,2026-03-12T13:27:26,shipped,mobile
o003010,c00349,SKU0413,2,11082,USD,2026-04-16T18:06:13,cancelled,mobile
o003011,c00371,SKU0354,2,5348,USD,2026-03-10T17:08:39,completed,web
o003012,c00841,SKU0459,1,2078,USD,2026-04-08T10:37:50,cancelled,mobile
o003013,c00746,SKU0249,2,24522,USD,2026-04-14T21:06:44,completed,mobile
o003014,c00761,SKU0331,1,1453,USD,2026-01-22T15:02:14,completed,web
o003015,c00647,SKU0308,1,539,USD,2025-12-17T16:37:43,completed,mobile
o003016,c00256,SKU0165,1,424,USD,2026-03-01T05:39:06,shipped,mobile
o003017,c00132,SKU0367,4,4768,USD,2026-02-16T05:08:55,shipped,web
o003018,c00323,SKU0239,2,2022,USD,2026-02-28T10:46:47,cancelled,web
o003019,c00961,SKU0455,1,426,USD,2026-04-06T19:00:29,completed,mobile
o003020,c00146,SKU0177,2,16332,USD,2026-02-11T17:16:31,cancelled,web
o003021,c00750,SKU0126,1,3264,USD,2026-03-10T14:08:38,completed,mobile
o003022,c00546,SKU0392,1,1840,USD,2026-01-30T23:30:22,completed,web
o003023,c00771,SKU0380,1,2803,USD,2026-04-10T04:19:20,shipped,web
o003024,c00348,SKU0106,1,4932,USD,2026-04-27T17:57:32,completed,marketplace
o003025,c00051,SKU0092,1,924,USD,2025-12-28T13:25:46,completed,web
o003026,c00265,SKU0423,1,3461,USD,2026-04-20T20:54:50,cancelled,mobile
o003027,c00422,SKU0290,1,1927,USD,2026-04-21T05:50:36,refunded,web
o003028,c00848,SKU0445,2,5724,USD,2026-03-25T11:07:54,refunded,web
o003029,c00225,SKU0337,2,1066,USD,2026-04-09T07:39:26,completed,web
o003030,c00847,SKU0300,1,11228,USD,2026-04-20T13:04:37,completed,web
o003031,c00575,SKU0482,2,2074,USD,2026-03-10T17:59:58,completed,mobile
o003032,c00774,SKU0128,4,11172,USD,2026-01-15T13:17:59,cancelled,web
o003033,c00155,SKU0376,2,3248,USD,2026-02-02T12:57:08,completed,web
o003034,c00456,SKU0459,2,4156,USD,2026-04-23T11:00:13,completed,web
o003035,c00483,SKU0128,1,2793,USD,2026-04-09T17:30:48,completed,mobile
o003036,c00525,SKU0189,1,1538,USD,2025-12-19T14:15:53,completed,mobile
o003037,c00741,SKU0065,1,949,USD,2026-03-29T10:08:41,completed,web
o003038,c00966,SKU0240,1,1745,USD,2026-02-14T02:18:31,completed,mobile
o003039,c00036,SKU0061,3,10401,USD,2025-12-08T05:06:52,completed,web
o003040,c00048,SKU0085,1,729,USD,2025-12-13T17:50:31,cancelled,web
o003041,c00156,SKU0254,3,3558,USD,2026-04-19T21:57:34,completed,marketplace
o003042,c00845,SKU0102,1,2017,USD,2026-01-16T13:51:29,completed,mobile
o003043,c00963,SKU0197,1,1457,USD,2026-04-27T14:34:32,completed,marketplace
o003044,c00469,SKU0017,1,1460,USD,2026-02-06T18:52:55,completed,api
o003045,c00854,SKU0204,3,21744,USD,2026-03-28T05:57:08,refunded,mobile
o003046,c00667,SKU0322,1,574,USD,2026-03-27T18:23:11,completed,web
o003047,c00128,SKU0156,1,671,USD,2026-04-28T07:21:24,shipped,web
o003048,c00857,SKU0173,1,712,USD,2026-05-10T01:53:23,completed,web
o003049,c00865,SKU0399,1,2588,USD,2026-01-18T05:03:02,refunded,web
o003050,c00255,SKU0321,1,1053,USD,2025-12-17T06:35:04,cancelled,api
o003051,c00183,SKU0061,1,3467,USD,2026-02-26T18:54:09,completed,web
o003052,c00518,SKU0403,2,14562,USD,2026-04-15T01:47:31,completed,mobile
o003053,c00165,SKU0023,4,10460,USD,2026-04-02T20:20:45,completed,web
o003054,c00668,SKU0080,2,5344,USD,2026-03-13T19:23:21,completed,web
o003055,c00754,SKU0447,1,5159,USD,2026-01-09T04:08:31,completed,web
o003056,c00048,SKU0162,2,2552,USD,2026-03-17T14:32:16,completed,mobile
o003057,c00476,SKU0118,1,1789,USD,2026-04-05T18:06:32,completed,web
o003058,c00666,SKU0435,1,2480,USD,2026-02-08T12:02:57,completed,web
o003059,c00559,SKU0302,1,1627,USD,2026-04-03T12:58:43,cancelled,web
o003060,c00440,SKU0094,2,1912,USD,2026-03-07T13:21:58,completed,web
o003061,c00775,SKU0403,2,14562,USD,2026-01-15T20:50:43,completed,web
o003062,c00920,SKU0441,1,1431,USD,2026-02-25T10:51:10,completed,web
o003063,c00870,SKU0229,2,2550,USD,2025-12-20T14:36:49,completed,web
o003064,c00186,SKU0448,1,535,USD,2026-03-20T17:04:08,completed,web
o003065,c00623,SKU0343,5,11240,USD,2026-03-11T23:32:10,completed,marketplace
o003066,c00724,SKU0391,1,6259,USD,2026-04-17T13:58:06,shipped,mobile
o003067,c00048,SKU0023,1,2615,USD,2026-02-20T03:25:40,refunded,mobile
o003068,c00963,SKU0134,2,4118,USD,2026-01-31T13:15:01,refunded,web
o003069,c00142,SKU0316,1,1284,USD,2026-03-07T16:12:01,refunded,web
o003070,c00485,SKU0490,1,1229,USD,2026-04-01T16:12:19,shipped,web
o003071,c00325,SKU0459,2,4156,USD,2026-02-22T20:01:12,completed,web
o003072,c00140,SKU0348,4,13208,USD,2026-01-13T22:38:15,completed,web
o003073,c00550,SKU0210,1,2346,USD,2026-02-09T22:11:28,cancelled,web
o003074,c00239,SKU0420,1,660,USD,2026-04-19T19:05:46,completed,mobile
o003075,c00447,SKU0180,1,2228,USD,2026-04-13T02:48:00,completed,mobile
o003076,c00151,SKU0477,1,874,USD,2026-02-24T18:38:19,shipped,web
o003077,c00259,SKU0248,1,1178,USD,2026-03-04T08:51:06,shipped,web
o003078,c00940,SKU0208,1,1259,USD,2026-04-26T11:23:23,completed,web
o003079,c00178,SKU0309,3,6306,USD,2026-01-03T01:21:26,completed,mobile
o003080,c00029,SKU0234,1,1499,USD,2026-02-01T13:53:16,shipped,web
o003081,c00870,SKU0345,1,2586,USD,2026-04-19T05:10:32,refunded,marketplace
o003082,c00669,SKU0434,2,2934,USD,2026-03-05T23:25:44,completed,web
o003083,c00372,SKU0067,1,2579,USD,2026-01-19T11:25:05,completed,mobile
o003084,c00143,SKU0110,5,9170,USD,2026-02-03T11:24:23,cancelled,web
o003085,c00261,SKU0157,1,1456,USD,2026-03-05T01:52:26,completed,web
o003086,c00448,SKU0231,1,4542,USD,2026-03-29T23:21:36,cancelled,web
o003087,c00928,SKU0350,3,10812,USD,2026-02-13T13:34:25,completed,web
o003088,c00538,SKU0284,1,1911,USD,2026-04-21T10:27:09,completed,mobile
o003089,c00858,SKU0288,1,471,USD,2026-01-03T02:32:01,completed,web
o003090,c00145,SKU0187,3,2538,USD,2026-01-20T09:49:16,shipped,web
o003091,c00892,SKU0064,2,6146,USD,2026-02-16T22:01:57,completed,web
o003092,c00633,SKU0239,1,1011,USD,2026-04-06T02:24:39,shipped,web
o003093,c00220,SKU0147,1,1012,USD,2025-12-13T20:08:56,shipped,web
o003094,c00222,SKU0217,1,2530,USD,2026-03-22T01:51:25,shipped,web
o003095,c00537,SKU0053,1,1804,USD,2026-05-06T08:35:56,completed,mobile
o003096,c00564,SKU0331,3,4359,USD,2026-01-17T09:10:27,shipped,marketplace
o003097,c00220,SKU0326,1,1576,USD,2026-05-01T09:02:54,cancelled,web
o003098,c00057,SKU0464,3,5946,USD,2026-01-15T13:04:00,refunded,mobile
o003099,c00867,SKU0179,1,5543,USD,2026-02-11T06:41:52,completed,web
o003100,c00749,SKU0104,1,1762,USD,2025-12-31T04:27:41,completed,mobile
o003101,c00044,SKU0450,1,4667,USD,2026-03-13T16:29:25,refunded,web
o003102,c00038,SKU0121,1,969,USD,2026-01-21T13:14:18,completed,mobile
o003103,c00567,SKU0289,5,5145,USD,2026-03-22T13:54:25,cancelled,web
o003104,c00242,SKU0013,1,4784,USD,2026-04-16T00:21:21,completed,web
o003105,c00552,SKU0226,5,7615,USD,2026-02-01T02:30:08,cancelled,mobile
o003106,c00937,SKU0163,1,727,USD,2026-03-02T16:06:44,completed,web
o003107,c00048,SKU0396,3,3579,USD,2026-03-20T22:00:39,cancelled,marketplace
o003108,c00450,SKU0258,2,2732,USD,2026-04-15T11:41:21,completed,mobile
o003109,c00049,SKU0378,2,9364,USD,2026-03-14T06:08:36,completed,web
o003110,c00625,SKU0174,1,4357,USD,2026-01-20T02:41:59,completed,mobile
o003111,c00551,SKU0102,1,2017,USD,2026-04-27T08:45:37,completed,marketplace
o003112,c00645,SKU0100,2,2862,USD,2026-03-16T03:22:24,shipped,mobile
o003113,c00236,SKU0265,1,2273,USD,2026-04-10T13:55:59,completed,mobile
o003114,c00154,SKU0409,2,6614,USD,2026-01-01T03:11:18,completed,web
o003115,c00648,SKU0182,5,6510,USD,2026-04-15T05:59:34,refunded,web
o003116,c00524,SKU0059,1,1210,USD,2026-02-21T09:45:18,shipped,mobile
o003117,c00451,SKU0250,1,1834,USD,2026-05-10T17:13:05,completed,mobile
o003118,c00820,SKU0114,1,2959,USD,2026-03-03T23:31:45,refunded,web
o003119,c00638,SKU0064,1,3073,USD,2026-04-21T08:51:42,completed,web
o003120,c00637,SKU0261,2,1912,USD,2026-02-17T10:29:12,shipped,web
o003121,c00436,SKU0194,1,1743,USD,2026-03-14T00:46:45,completed,mobile
o003122,c00719,SKU0053,3,5412,USD,2026-02-21T13:10:43,completed,web
o003123,c00442,SKU0160,3,3273,USD,2026-02-12T11:46:15,completed,web
o003124,c00657,SKU0361,1,3303,USD,2026-02-17T08:00:44,completed,web
o003125,c00022,SKU0025,3,2853,USD,2026-04-23T02:51:01,cancelled,web
o003126,c00461,SKU0088,4,5628,USD,2026-03-24T14:43:01,shipped,mobile
o003127,c00037,SKU0179,1,5543,USD,2026-02-13T11:30:02,completed,mobile
o003128,c00351,SKU0107,1,1345,USD,2025-12-20T06:30:03,completed,web
o003129,c00959,SKU0445,1,2862,USD,2026-02-16T09:31:57,completed,web
o003130,c00363,SKU0346,2,1146,USD,2026-03-13T06:36:51,cancelled,web
o003131,c00556,SKU0338,2,6992,USD,2026-03-23T09:07:13,completed,mobile
o003132,c00767,SKU0399,4,10352,USD,2026-02-16T02:36:49,shipped,web
o003133,c00268,SKU0476,5,7755,USD,2026-03-25T16:43:39,completed,web
o003134,c00558,SKU0099,1,454,USD,2025-12-19T09:36:52,cancelled,web
o003135,c00764,SKU0219,1,2570,USD,2026-04-09T03:42:35,completed,web
o003136,c00049,SKU0137,1,1772,USD,2026-03-13T01:00:10,completed,api
o003137,c00517,SKU0049,1,1403,USD,2026-03-08T06:15:49,completed,mobile
o003138,c00367,SKU0164,1,2416,USD,2026-05-09T11:31:30,completed,web
o003139,c00753,SKU0087,4,12000,USD,2026-03-08T23:42:02,completed,web
o003140,c00754,SKU0005,1,2106,USD,2026-03-24T18:50:20,completed,mobile
o003141,c00642,SKU0228,4,4568,USD,2026-02-02T00:16:57,refunded,web
o003142,c00070,SKU0216,1,2606,USD,2026-03-08T14:30:16,completed,web
o003143,c00064,SKU0305,3,4851,USD,2026-01-20T14:58:40,completed,mobile
o003144,c00556,SKU0493,4,3292,USD,2026-04-17T22:58:45,refunded,mobile
o003145,c00569,SKU0177,1,8166,USD,2026-02-13T20:31:29,shipped,web
o003146,c00357,SKU0373,2,1564,USD,2026-03-25T03:18:55,cancelled,web
o003147,c00664,SKU0225,1,1553,USD,2026-03-02T19:14:31,refunded,marketplace
o003148,c00363,SKU0025,1,951,USD,2026-05-05T13:31:58,cancelled,web
o003149,c00466,SKU0181,2,1790,USD,2026-04-26T09:11:13,shipped,web
o003150,c00493,SKU0231,5,22710,USD,2025-11-24T02:31:39,completed,web
o003151,c00269,SKU0129,2,3010,USD,2026-02-07T14:41:01,refunded,mobile
o003152,c00559,SKU0369,3,10758,USD,2026-03-14T14:42:31,cancelled,web
o003153,c00150,SKU0411,2,8844,USD,2026-03-30T06:39:50,cancelled,mobile
o003154,c00463,SKU0027,1,926,USD,2026-02-18T13:52:19,completed,mobile
o003155,c00956,SKU0383,4,6136,USD,2026-03-25T02:14:40,cancelled,web
o003156,c00051,SKU0186,1,2725,USD,2026-03-09T01:46:24,completed,mobile
o003157,c00945,SKU0322,4,2296,USD,2026-04-21T23:43:07,completed,web
o003158,c00065,SKU0212,1,1375,USD,2025-12-24T23:56:16,completed,marketplace
o003159,c00242,SKU0276,1,1601,USD,2026-03-30T23:21:58,completed,web
o003160,c00257,SKU0475,1,681,USD,2026-03-10T23:24:14,cancelled,web
o003161,c00635,SKU0059,2,2420,USD,2026-01-05T11:30:45,completed,web
o003162,c00832,SKU0233,1,2573,USD,2026-03-08T23:16:59,completed,web
o003163,c00030,SKU0238,1,665,USD,2026-02-18T14:28:38,completed,web
o003164,c00265,SKU0131,2,1676,USD,2026-02-19T10:44:04,refunded,mobile
o003165,c00662,SKU0355,2,2194,USD,2026-02-17T10:42:47,shipped,mobile
o003166,c00753,SKU0104,1,1762,USD,2026-03-31T13:01:56,shipped,mobile
o003167,c00544,SKU0430,1,6918,USD,2026-02-26T09:06:04,completed,mobile
o003168,c00785,SKU0099,3,1362,USD,2026-03-25T20:56:10,completed,web
o003169,c00515,SKU0344,1,2857,USD,2026-04-08T19:04:23,refunded,mobile
o003170,c00151,SKU0444,1,858,USD,2026-04-26T15:59:14,cancelled,web
o003171,c00551,SKU0067,1,2579,USD,2026-03-10T19:37:11,shipped,web
o003172,c00666,SKU0073,1,5362,USD,2026-04-30T05:27:43,completed,mobile
o003173,c00934,SKU0216,2,5212,USD,2025-12-13T14:19:30,refunded,web
o003174,c00647,SKU0046,1,838,USD,2025-12-12T14:04:40,completed,marketplace
o003175,c00138,SKU0112,1,1132,USD,2025-12-31T00:30:39,cancelled,web
o003176,c00638,SKU0263,1,1223,USD,2026-03-11T03:54:53,completed,web
o003177,c00937,SKU0124,2,4916,USD,2026-04-07T23:23:57,completed,web
o003178,c00565,SKU0190,3,5796,USD,2026-01-26T05:00:57,cancelled,web
o003179,c00853,SKU0237,1,2864,USD,2025-12-24T07:24:19,shipped,web
o003180,c00652,SKU0406,2,3880,USD,2026-04-13T15:33:06,completed,web
o003181,c00956,SKU0387,1,671,USD,2026-03-03T17:15:02,completed,web
o003182,c00537,SKU0059,2,2420,USD,2026-01-10T01:02:06,completed,web
o003183,c00970,SKU0206,1,906,USD,2026-01-01T16:57:06,completed,web
o003184,c00477,SKU0007,1,619,USD,2026-05-02T21:50:19,shipped,web
o003185,c00340,SKU0377,1,1540,USD,2026-02-25T08:11:03,completed,web
o003186,c00020,SKU0058,1,3744,USD,2026-04-12T02:53:05,completed,marketplace
o003187,c00458,SKU0498,1,2150,USD,2025-12-16T08:48:30,shipped,web
o003188,c00647,SKU0040,1,697,USD,2026-03-16T22:51:26,completed,mobile
o003189,c00947,SKU0420,4,2640,USD,2026-04-01T18:31:53,completed,mobile
o003190,c00255,SKU0240,3,5235,USD,2026-03-05T23:45:10,shipped,web
o003191,c00936,SKU0433,2,6068,USD,2026-04-04T15:23:10,completed,marketplace
o003192,c00374,SKU0366,3,4434,USD,2026-02-06T10:45:27,completed,mobile
o003193,c00217,SKU0256,1,1479,USD,2026-04-11T11:15:20,shipped,marketplace
o003194,c00966,SKU0060,3,12525,USD,2026-04-10T03:04:03,shipped,web
o003195,c00052,SKU0159,3,3000,USD,2026-02-20T19:16:01,completed,mobile
o003196,c00534,SKU0267,3,7014,USD,2026-01-20T12:50:52,completed,mobile
o003197,c00049,SKU0138,1,1820,USD,2026-03-24T18:17:05,completed,mobile
o003198,c00162,SKU0485,1,2721,USD,2026-01-15T23:44:55,completed,web
o003199,c00671,SKU0108,3,12057,USD,2026-02-05T22:19:06,cancelled,web
o003200,c00763,SKU0301,1,616,USD,2026-02-11T20:20:05,completed,web
o003201,c00740,SKU0304,1,2148,USD,2026-03-09T12:01:01,shipped,mobile
o003202,c00977,SKU0027,4,3704,USD,2026-02-04T06:52:17,completed,web
o003203,c00324,SKU0056,1,770,USD,2026-02-13T15:58:35,completed,web
o003204,c00922,SKU0445,2,5724,USD,2026-04-20T07:04:55,cancelled,mobile
o003205,c00551,SKU0315,1,2748,USD,2026-04-17T23:43:52,completed,mobile
o003206,c00262,SKU0385,2,3154,USD,2026-03-17T13:33:24,cancelled,marketplace
o003207,c00736,SKU0479,4,14432,USD,2026-04-29T01:51:50,completed,web
o003208,c00226,SKU0145,1,3451,USD,2026-02-04T15:28:28,completed,mobile
o003209,c00769,SKU0386,1,1908,USD,2026-04-12T12:22:26,completed,web
o003210,c00946,SKU0200,2,4978,USD,2026-04-09T17:23:10,completed,mobile
o003211,c00441,SKU0087,3,9000,USD,2026-04-15T18:40:17,completed,mobile
o003212,c00162,SKU0042,1,2480,USD,2026-01-18T00:39:06,cancelled,marketplace
o003213,c00545,SKU0395,1,2169,USD,2026-02-10T15:48:11,completed,web
o003214,c00869,SKU0200,1,2489,USD,2026-04-06T20:28:12,completed,mobile
o003215,c00543,SKU0480,1,1020,USD,2026-01-17T06:42:22,completed,web
o003216,c00856,SKU0342,1,593,USD,2026-05-02T13:53:09,completed,mobile
o003217,c00746,SKU0418,1,593,USD,2026-03-23T10:51:58,cancelled,web
o003218,c00068,SKU0212,3,4125,USD,2026-02-01T12:33:29,cancelled,mobile
o003219,c00541,SKU0405,1,1089,USD,2026-03-25T06:00:06,completed,web
o003220,c00465,SKU0036,1,1224,USD,2026-04-19T03:39:27,completed,web
o003221,c00756,SKU0198,2,2460,USD,2026-05-04T13:43:03,completed,web
o003222,c00646,SKU0453,5,10985,USD,2026-03-03T08:31:37,cancelled,mobile
o003223,c00789,SKU0293,1,3176,USD,2026-04-24T08:55:17,completed,mobile
o003224,c00917,SKU0213,4,11312,USD,2026-05-03T18:57:48,shipped,web
o003225,c00575,SKU0275,1,1309,USD,2026-04-10T18:04:22,cancelled,mobile
o003226,c00542,SKU0043,1,2980,USD,2026-04-09T20:18:00,cancelled,web
o003227,c00945,SKU0216,5,13030,USD,2026-01-24T17:19:03,completed,web
o003228,c00234,SKU0125,1,6254,USD,2026-04-08T01:05:35,cancelled,mobile
o003229,c00751,SKU0001,3,2223,USD,2026-04-21T23:18:09,completed,web
o003230,c00747,SKU0400,1,1781,USD,2026-02-20T06:13:13,completed,web
o003231,c00152,SKU0390,1,1831,USD,2025-12-29T01:14:05,refunded,web
o003232,c00859,SKU0336,2,1268,USD,2026-02-10T16:48:34,refunded,web
o003233,c00378,SKU0156,1,671,USD,2026-04-29T22:07:34,shipped,web
o003234,c00136,SKU0336,1,634,USD,2026-01-31T05:54:06,shipped,web
o003235,c00353,SKU0056,3,2310,USD,2026-04-07T05:31:10,completed,web
o003236,c00364,SKU0220,1,1024,USD,2026-04-14T14:56:27,shipped,marketplace
o003237,c00614,SKU0475,1,681,USD,2026-01-10T14:31:58,cancelled,mobile
o003238,c00432,SKU0384,1,2176,USD,2025-12-03T18:38:30,shipped,marketplace
o003239,c00958,SKU0251,4,10900,USD,2026-01-17T21:18:10,refunded,web
o003240,c00944,SKU0448,4,2140,USD,2026-04-05T20:53:01,completed,web
o003241,c00170,SKU0440,1,2439,USD,2026-04-16T09:08:51,completed,web
o003242,c00433,SKU0083,2,1982,USD,2026-04-04T14:56:04,completed,web
o003243,c00254,SKU0490,1,1229,USD,2026-04-22T05:24:28,cancelled,marketplace
o003244,c00078,SKU0196,1,1240,USD,2026-03-18T23:35:04,shipped,web
o003245,c00235,SKU0200,1,2489,USD,2026-03-30T15:31:53,refunded,mobile
o003246,c00545,SKU0076,5,5235,USD,2026-01-26T14:09:52,shipped,web
o003247,c00266,SKU0131,2,1676,USD,2026-02-25T02:30:26,shipped,api
o003248,c00873,SKU0146,5,6390,USD,2026-01-19T06:23:41,refunded,mobile
o003249,c00321,SKU0034,1,1736,USD,2026-03-27T18:04:20,completed,web
o003250,c00983,SKU0171,1,1150,USD,2025-12-25T17:47:31,completed,web
o003251,c00254,SKU0331,1,1453,USD,2025-12-22T22:55:52,refunded,mobile
o003252,c00952,SKU0150,2,1470,USD,2026-01-28T05:58:36,refunded,marketplace
o003253,c00630,SKU0381,1,5064,USD,2026-05-03T11:57:40,shipped,marketplace
o003254,c00654,SKU0020,2,12284,USD,2026-02-19T21:36:11,cancelled,marketplace
o003255,c00062,SKU0315,1,2748,USD,2026-02-25T20:48:31,completed,marketplace
o003256,c00351,SKU0232,3,4812,USD,2026-02-21T16:42:05,shipped,web
o003257,c00961,SKU0281,1,1705,USD,2026-03-16T05:19:39,completed,mobile
o003258,c00557,SKU0022,2,1780,USD,2026-01-15T17:44:37,completed,web
o003259,c00850,SKU0370,2,2052,USD,2026-03-26T11:44:06,shipped,web
o003260,c00131,SKU0414,1,3365,USD,2026-04-29T08:55:55,refunded,api
o003261,c00445,SKU0436,5,32975,USD,2025-12-19T07:02:10,cancelled,mobile
o003262,c00635,SKU0070,1,1351,USD,2026-02-15T00:12:27,refunded,marketplace
o003263,c00474,SKU0006,1,1173,USD,2026-04-02T15:58:17,completed,web
o003264,c00139,SKU0333,2,3626,USD,2025-12-22T22:42:16,completed,web
o003265,c00742,SKU0204,2,14496,USD,2026-01-13T03:58:40,completed,mobile
o003266,c00267,SKU0434,1,1467,USD,2026-02-26T20:46:48,cancelled,mobile
o003267,c00460,SKU0479,1,3608,USD,2026-01-12T10:54:23,completed,mobile
o003268,c00659,SKU0076,1,1047,USD,2026-01-02T00:57:42,shipped,api
o003269,c00046,SKU0077,1,2877,USD,2026-04-01T01:16:53,cancelled,web
o003270,c00358,SKU0218,2,802,USD,2026-03-08T19:30:33,completed,web
o003271,c00665,SKU0104,1,1762,USD,2026-02-09T22:41:33,cancelled,mobile
o003272,c00360,SKU0158,1,902,USD,2026-02-26T00:10:34,completed,mobile
o003273,c00960,SKU0005,3,6318,USD,2026-02-12T01:47:46,completed,web
o003274,c00830,SKU0133,2,4510,USD,2026-04-24T04:32:46,cancelled,web
o003275,c00739,SKU0048,1,1267,USD,2026-02-14T10:08:18,completed,marketplace
o003276,c00184,SKU0437,1,458,USD,2026-03-29T14:58:16,completed,web
o003277,c00773,SKU0093,1,554,USD,2026-04-28T00:31:15,completed,web
o003278,c00544,SKU0077,2,5754,USD,2026-01-03T02:48:17,completed,web
o003279,c00061,SKU0424,1,2800,USD,2026-05-07T20:06:34,shipped,web
o003280,c00366,SKU0302,4,6508,USD,2026-03-17T17:38:35,completed,web
o003281,c00846,SKU0233,1,2573,USD,2026-04-04T03:02:58,completed,mobile
o003282,c00337,SKU0469,2,3726,USD,2026-02-13T22:57:58,completed,web
o003283,c00836,SKU0309,5,10510,USD,2026-04-26T01:51:18,cancelled,web
o003284,c00038,SKU0446,1,2851,USD,2026-05-07T03:24:31,shipped,web
o003285,c00634,SKU0175,1,1402,USD,2026-03-20T13:02:02,shipped,mobile
o003286,c00430,SKU0045,1,1704,USD,2025-12-30T05:50:31,completed,web
o003287,c00418,SKU0442,1,1767,USD,2026-03-04T15:23:43,completed,web
o003288,c00661,SKU0265,1,2273,USD,2026-03-14T00:58:07,shipped,web
o003289,c00770,SKU0418,1,593,USD,2026-04-13T22:38:30,completed,web
o003290,c00854,SKU0482,1,1037,USD,2026-01-24T19:59:59,completed,mobile
o003291,c00290,SKU0227,2,2010,USD,2026-03-05T06:36:19,completed,marketplace
o003292,c00326,SKU0455,3,1278,USD,2026-02-23T20:26:44,completed,web
o003293,c00032,SKU0151,2,6840,USD,2026-03-23T00:31:26,shipped,mobile
o003294,c00446,SKU0419,2,2608,USD,2026-04-14T20:50:39,refunded,mobile
o003295,c00722,SKU0431,1,1233,USD,2026-04-22T03:19:54,completed,web
o003296,c00371,SKU0357,1,625,USD,2026-04-29T17:17:39,completed,web
o003297,c00741,SKU0453,1,2197,USD,2026-04-28T21:04:44,completed,web
o003298,c00034,SKU0489,1,2358,USD,2026-02-26T02:46:59,shipped,web
o003299,c00245,SKU0054,2,4344,USD,2026-04-19T23:45:41,shipped,web
o003300,c00552,SKU0049,4,5612,USD,2026-01-15T05:23:00,completed,web
o003301,c00760,SKU0221,3,3759,USD,2026-04-12T21:22:33,completed,web
o003302,c00633,SKU0232,2,3208,USD,2026-04-08T17:53:14,completed,web
o003303,c00951,SKU0476,2,3102,USD,2026-04-15T13:57:36,completed,marketplace
o003304,c00960,SKU0376,1,1624,USD,2026-02-03T00:18:20,shipped,api
o003305,c00541,SKU0321,3,3159,USD,2026-01-27T12:43:12,completed,marketplace
o003306,c00332,SKU0247,2,3244,USD,2025-12-25T22:09:30,completed,mobile
o003307,c00750,SKU0246,1,2288,USD,2026-05-06T16:39:21,completed,marketplace
o003308,c00940,SKU0458,1,1157,USD,2026-04-21T14:07:55,completed,web
o003309,c00761,SKU0482,4,4148,USD,2026-04-30T22:02:47,refunded,web
o003310,c00563,SKU0145,2,6902,USD,2026-03-20T09:07:51,cancelled,web
o003311,c00345,SKU0099,1,454,USD,2026-03-23T16:48:05,completed,web
o003312,c00058,SKU0247,5,8110,USD,2026-02-03T05:08:29,refunded,web
o003313,c00246,SKU0308,5,2695,USD,2026-03-14T08:05:29,completed,web
o003314,c00865,SKU0423,1,3461,USD,2026-04-14T16:23:44,cancelled,mobile
o003315,c00539,SKU0368,4,5692,USD,2026-03-08T10:19:07,completed,mobile
o003316,c00032,SKU0107,2,2690,USD,2026-04-17T16:03:12,shipped,web
o003317,c00250,SKU0479,4,14432,USD,2026-03-27T23:26:06,shipped,web
o003318,c00066,SKU0039,1,3312,USD,2026-02-27T14:34:21,completed,marketplace
o003319,c00148,SKU0134,1,2059,USD,2026-05-05T02:25:24,shipped,web
o003320,c00686,SKU0163,1,727,USD,2026-02-16T16:00:24,cancelled,web
o003321,c00420,SKU0403,2,14562,USD,2026-03-09T13:48:22,refunded,web
o003322,c00235,SKU0312,1,1317,USD,2026-01-07T06:46:12,completed,web
o003323,c00750,SKU0056,3,2310,USD,2026-03-03T03:02:39,completed,web
o003324,c00884,SKU0484,2,3314,USD,2026-02-15T10:57:37,completed,web
o003325,c00326,SKU0196,1,1240,USD,2026-04-01T08:03:57,cancelled,marketplace
o003326,c00984,SKU0049,3,4209,USD,2026-03-02T05:18:49,cancelled,mobile
o003327,c00477,SKU0423,1,3461,USD,2026-02-18T22:24:42,completed,web
o003328,c00266,SKU0187,5,4230,USD,2026-02-13T22:46:43,completed,marketplace
o003329,c00039,SKU0484,3,4971,USD,2026-01-03T03:01:22,completed,web
o003330,c00476,SKU0048,2,2534,USD,2026-02-14T23:27:17,completed,web
o003331,c00965,SKU0486,2,1864,USD,2026-02-22T02:47:12,completed,marketplace
o003332,c00254,SKU0045,3,5112,USD,2026-03-08T12:42:51,completed,web
o003333,c00154,SKU0237,1,2864,USD,2026-03-30T23:03:48,cancelled,web
o003334,c00652,SKU0354,1,2674,USD,2026-04-15T20:49:41,shipped,web
o003335,c00438,SKU0292,1,1752,USD,2026-03-03T12:11:54,completed,marketplace
o003336,c00468,SKU0409,1,3307,USD,2026-03-27T15:14:18,completed,web
o003337,c00872,SKU0087,3,9000,USD,2026-05-02T11:46:09,cancelled,mobile
o003338,c00983,SKU0121,1,969,USD,2026-03-25T23:54:46,completed,web
o003339,c00644,SKU0272,1,1569,USD,2025-12-14T14:17:46,cancelled,web
o003340,c00259,SKU0134,1,2059,USD,2026-01-17T04:05:00,shipped,mobile
o003341,c00033,SKU0259,1,1983,USD,2026-01-15T17:13:02,completed,web
o003342,c00549,SKU0409,2,6614,USD,2026-04-11T03:40:48,refunded,web
o003343,c00374,SKU0250,4,7336,USD,2026-03-29T19:07:21,completed,mobile
o003344,c00230,SKU0289,2,2058,USD,2026-02-02T09:28:19,completed,web
o003345,c00933,SKU0137,2,3544,USD,2026-04-22T05:17:53,completed,web
o003346,c00447,SKU0247,4,6488,USD,2026-03-12T19:03:05,completed,web
o003347,c00865,SKU0010,2,2184,USD,2026-03-22T20:50:45,completed,web
o003348,c00055,SKU0002,1,1981,USD,2026-03-22T19:28:38,completed,mobile
o003349,c00570,SKU0283,3,4575,USD,2026-02-23T06:51:00,shipped,web
o003350,c00464,SKU0320,3,1803,USD,2026-03-24T13:37:52,completed,marketplace
o003351,c00335,SKU0004,2,6692,USD,2026-03-07T01:19:28,cancelled,mobile
o003352,c00487,SKU0187,4,3384,USD,2026-03-25T17:51:04,completed,web
o003353,c00435,SKU0139,1,965,USD,2025-11-25T09:24:20,completed,web
o003354,c00439,SKU0207,1,5675,USD,2026-02-23T22:53:01,cancelled,web
o003355,c00153,SKU0483,1,686,USD,2026-01-10T02:01:10,completed,web
o003356,c00553,SKU0070,1,1351,USD,2026-01-04T19:03:08,cancelled,web
o003357,c00052,SKU0362,1,1740,USD,2026-02-17T04:30:15,refunded,web
o003358,c00023,SKU0176,3,6492,USD,2026-02-24T01:48:51,completed,mobile
o003359,c00451,SKU0355,2,2194,USD,2026-04-12T00:29:29,completed,marketplace
o003360,c00661,SKU0343,1,2248,USD,2026-03-30T09:32:12,shipped,web
o003361,c00068,SKU0092,1,924,USD,2026-01-30T01:31:08,completed,mobile
o003362,c00048,SKU0338,3,10488,USD,2025-12-18T19:41:50,completed,mobile
o003363,c00356,SKU0050,1,5065,USD,2026-03-21T15:56:58,cancelled,mobile
o003364,c00462,SKU0314,1,4489,USD,2026-04-10T09:50:12,shipped,web
o003365,c00031,SKU0431,2,2466,USD,2026-01-23T16:25:36,cancelled,web
o003366,c00059,SKU0232,1,1604,USD,2026-04-14T05:29:32,completed,marketplace
o003367,c00437,SKU0195,1,2224,USD,2026-04-16T17:47:09,completed,web
o003368,c00073,SKU0249,2,24522,USD,2025-12-03T19:54:01,refunded,web
o003369,c00947,SKU0396,3,3579,USD,2026-02-27T06:41:21,completed,web
o003370,c00752,SKU0073,1,5362,USD,2026-03-20T14:23:06,cancelled,api
o003371,c00760,SKU0270,1,671,USD,2026-03-22T12:04:14,completed,web
o003372,c00675,SKU0422,1,1034,USD,2026-04-06T15:47:55,completed,web
o003373,c00314,SKU0252,1,598,USD,2026-04-20T22:56:41,shipped,web
o003374,c00262,SKU0390,4,7324,USD,2026-04-03T00:11:50,shipped,mobile
o003375,c00145,SKU0499,1,1836,USD,2026-04-21T00:49:48,completed,marketplace
o003376,c00662,SKU0382,1,3074,USD,2026-01-07T02:08:58,completed,web
o003377,c00766,SKU0038,4,2256,USD,2026-03-30T22:51:27,completed,mobile
o003378,c00667,SKU0466,1,2349,USD,2026-01-25T15:02:50,refunded,marketplace
o003379,c00842,SKU0499,1,1836,USD,2026-03-14T22:47:30,refunded,web
o003380,c00948,SKU0437,1,458,USD,2026-05-06T20:33:47,completed,mobile
o003381,c00564,SKU0231,2,9084,USD,2026-02-17T14:32:56,completed,web
o003382,c00959,SKU0241,4,3080,USD,2026-03-04T07:21:36,cancelled,mobile
o003383,c00148,SKU0124,1,2458,USD,2026-02-01T02:36:48,shipped,web
o003384,c00739,SKU0237,1,2864,USD,2026-04-21T21:15:46,cancelled,web
o003385,c00658,SKU0421,1,558,USD,2026-03-28T18:32:34,shipped,web
o003386,c00179,SKU0356,1,842,USD,2026-02-08T04:33:27,completed,web
o003387,c00130,SKU0224,1,6151,USD,2026-04-12T08:43:01,cancelled,web
o003388,c00449,SKU0466,1,2349,USD,2026-04-22T14:39:08,shipped,web
o003389,c00041,SKU0189,1,1538,USD,2026-01-01T06:42:59,completed,web
o003390,c00241,SKU0117,2,3804,USD,2026-04-05T13:18:27,completed,web
o003391,c00772,SKU0368,2,2846,USD,2026-04-04T10:20:19,refunded,mobile
o003392,c00841,SKU0457,1,786,USD,2026-02-15T13:47:45,completed,marketplace
o003393,c00953,SKU0021,1,731,USD,2026-03-06T07:02:38,shipped,mobile
o003394,c00055,SKU0474,2,1954,USD,2026-03-15T01:22:33,completed,web
o003395,c00755,SKU0271,1,1269,USD,2026-04-16T07:02:47,completed,web
o003396,c00758,SKU0220,2,2048,USD,2026-03-05T18:34:45,completed,web
o003397,c00252,SKU0401,2,1816,USD,2026-03-24T22:04:16,completed,web
o003398,c00544,SKU0367,1,1192,USD,2026-02-23T10:47:22,completed,web
o003399,c00445,SKU0018,3,5811,USD,2026-05-08T02:25:26,refunded,web
o003400,c00754,SKU0472,2,1124,USD,2026-02-18T08:23:16,refunded,web
o003401,c00641,SKU0490,3,3687,USD,2026-04-17T01:05:19,completed,web
o003402,c00849,SKU0350,1,3604,USD,2026-04-07T11:41:03,shipped,mobile
o003403,c00968,SKU0016,4,2804,USD,2026-02-12T10:20:30,completed,web
o003404,c00743,SKU0443,1,973,USD,2026-01-14T20:08:27,completed,mobile
o003405,c00661,SKU0277,1,1657,USD,2026-02-13T22:26:55,completed,web
o003406,c00171,SKU0227,2,2010,USD,2026-03-24T06:37:51,completed,web
o003407,c00971,SKU0294,5,10890,USD,2026-03-29T13:05:51,shipped,web
o003408,c00734,SKU0362,1,1740,USD,2026-01-11T04:09:01,shipped,api
o003409,c00362,SKU0159,1,1000,USD,2026-03-17T17:45:26,cancelled,web
o003410,c00652,SKU0146,1,1278,USD,2026-02-20T20:25:01,shipped,web
o003411,c00728,SKU0084,2,1572,USD,2026-04-25T23:32:19,refunded,web
o003412,c00331,SKU0499,1,1836,USD,2026-03-24T17:26:34,shipped,mobile
o003413,c00061,SKU0008,1,2608,USD,2026-03-16T10:14:11,completed,mobile
o003414,c00752,SKU0326,1,1576,USD,2026-04-10T23:05:30,shipped,mobile
o003415,c00746,SKU0397,1,3024,USD,2026-03-17T01:53:06,completed,mobile
o003416,c00572,SKU0149,3,1038,USD,2026-02-23T12:53:02,completed,web
o003417,c00660,SKU0494,2,1664,USD,2026-04-11T05:25:59,completed,api
o003418,c00547,SKU0377,2,3080,USD,2026-04-06T18:17:38,completed,web
o003419,c00477,SKU0256,3,4437,USD,2026-04-07T12:20:50,refunded,mobile
o003420,c00950,SKU0288,1,471,USD,2026-03-21T12:04:34,completed,web
o003421,c00124,SKU0029,1,991,USD,2026-02-12T13:39:42,completed,web
o003422,c00150,SKU0458,1,1157,USD,2026-03-26T18:48:51,completed,web
o003423,c00540,SKU0260,3,3834,USD,2026-01-17T21:20:04,completed,web
o003424,c00646,SKU0101,1,1816,USD,2026-05-08T23:21:09,refunded,web
o003425,c00991,SKU0459,5,10390,USD,2026-01-19T12:36:47,completed,web
o003426,c00946,SKU0134,2,4118,USD,2026-02-17T22:16:51,completed,mobile
o003427,c00943,SKU0250,1,1834,USD,2026-04-02T13:53:15,completed,mobile
o003428,c00486,SKU0122,1,531,USD,2026-03-05T02:55:08,completed,web
o003429,c00752,SKU0004,2,6692,USD,2026-03-22T20:04:14,cancelled,web
o003430,c00847,SKU0229,3,3825,USD,2026-05-01T17:50:17,completed,api
o003431,c00747,SKU0251,3,8175,USD,2026-04-06T04:05:20,completed,mobile
o003432,c00655,SKU0279,2,1182,USD,2026-04-20T11:22:11,refunded,mobile
o003433,c00244,SKU0457,1,786,USD,2025-12-30T04:16:59,completed,web
o003434,c00042,SKU0355,1,1097,USD,2026-04-06T09:55:49,shipped,mobile
o003435,c00528,SKU0370,1,1026,USD,2026-04-08T18:25:48,shipped,marketplace
o003436,c00460,SKU0319,4,9044,USD,2026-01-29T08:59:54,completed,web
o003437,c00552,SKU0341,1,1378,USD,2026-03-10T00:33:54,refunded,web
o003438,c00240,SKU0104,1,1762,USD,2026-03-08T00:20:43,completed,web
o003439,c00655,SKU0231,1,4542,USD,2026-01-29T02:10:47,shipped,web
o003440,c00637,SKU0034,2,3472,USD,2026-03-11T08:37:09,completed,web
o003441,c00153,SKU0359,1,2743,USD,2026-04-09T17:50:54,refunded,marketplace
o003442,c00959,SKU0085,1,729,USD,2026-04-04T18:29:14,completed,mobile
o003443,c00173,SKU0101,4,7264,USD,2026-03-03T02:27:42,shipped,web
o003444,c00250,SKU0162,1,1276,USD,2026-02-25T01:07:15,completed,web
o003445,c00535,SKU0277,1,1657,USD,2026-04-18T16:43:58,refunded,web
o003446,c00837,SKU0417,1,1442,USD,2026-01-12T04:38:48,cancelled,web
o003447,c00238,SKU0437,5,2290,USD,2026-02-09T01:10:48,refunded,mobile
o003448,c00233,SKU0318,2,5618,USD,2026-03-01T06:32:12,cancelled,mobile
o003449,c00428,SKU0086,1,1247,USD,2026-03-21T09:13:50,completed,web
o003450,c00124,SKU0301,1,616,USD,2026-03-07T11:05:38,completed,web
o003451,c00381,SKU0325,1,2411,USD,2026-01-12T13:47:05,cancelled,web
o003452,c00850,SKU0210,3,7038,USD,2026-02-19T02:05:28,shipped,web
o003453,c00253,SKU0113,5,6050,USD,2026-01-08T06:40:06,cancelled,web
o003454,c00950,SKU0158,1,902,USD,2026-04-30T09:07:06,completed,web
o003455,c00052,SKU0224,2,12302,USD,2026-02-18T16:39:16,shipped,marketplace
o003456,c00343,SKU0467,1,1461,USD,2026-04-25T01:25:29,shipped,web
o003457,c00850,SKU0460,1,406,USD,2026-04-15T01:51:53,completed,marketplace
o003458,c00456,SKU0216,3,7818,USD,2026-04-12T05:39:24,completed,api
o003459,c00520,SKU0259,3,5949,USD,2026-01-16T09:37:36,refunded,web
o003460,c00448,SKU0161,1,1717,USD,2026-02-24T10:11:03,shipped,mobile
o003461,c00641,SKU0215,5,11480,USD,2026-05-03T07:02:00,completed,marketplace
o003462,c00127,SKU0430,3,20754,USD,2026-04-01T20:02:27,shipped,web
o003463,c00073,SKU0412,1,1429,USD,2026-03-19T15:05:35,shipped,web
o003464,c00261,SKU0150,1,735,USD,2026-02-19T11:12:45,cancelled,marketplace
o003465,c00559,SKU0065,2,1898,USD,2025-12-09T01:39:37,completed,web
o003466,c00781,SKU0350,2,7208,USD,2026-04-29T11:59:01,completed,marketplace
o003467,c00867,SKU0142,1,1177,USD,2026-03-14T12:34:06,completed,mobile
o003468,c00620,SKU0042,1,2480,USD,2026-04-25T21:25:47,completed,mobile
o003469,c00835,SKU0161,1,1717,USD,2026-01-31T17:54:41,refunded,web
o003470,c00851,SKU0456,4,7032,USD,2026-04-04T20:56:52,completed,web
o003471,c00017,SKU0211,2,2104,USD,2026-04-03T18:20:31,refunded,web
o003472,c00323,SKU0379,2,3896,USD,2026-02-07T09:44:06,cancelled,web
o003473,c00363,SKU0442,1,1767,USD,2026-03-23T14:12:49,completed,web
o003474,c00043,SKU0201,1,667,USD,2026-02-24T15:12:21,completed,mobile
o003475,c00341,SKU0360,3,8655,USD,2026-03-15T03:39:32,completed,web
o003476,c00821,SKU0240,2,3490,USD,2026-05-05T17:33:03,completed,web
o003477,c00352,SKU0131,2,1676,USD,2026-04-17T03:06:37,completed,web
o003478,c00552,SKU0011,1,3240,USD,2026-03-20T11:18:34,completed,web
o003479,c00863,SKU0462,3,3672,USD,2025-12-16T03:44:27,completed,web
o003480,c00444,SKU0380,2,5606,USD,2026-01-07T18:11:50,completed,web
o003481,c00043,SKU0012,1,541,USD,2026-04-30T12:25:48,cancelled,web
o003482,c00382,SKU0222,2,2204,USD,2026-05-01T10:45:30,completed,web
o003483,c00467,SKU0018,1,1937,USD,2026-03-26T09:03:03,shipped,mobile
o003484,c00654,SKU0282,1,1147,USD,2026-02-07T19:59:02,completed,mobile
o003485,c00587,SKU0203,1,3618,USD,2026-01-02T13:21:40,completed,api
o003486,c00651,SKU0371,1,2100,USD,2026-02-06T09:15:51,cancelled,mobile
o003487,c00683,SKU0312,1,1317,USD,2026-03-11T11:00:01,refunded,mobile
o003488,c00465,SKU0325,1,2411,USD,2026-05-12T21:43:29,cancelled,mobile
o003489,c00165,SKU0470,1,1067,USD,2025-12-17T20:00:24,cancelled,web
o003490,c00670,SKU0146,4,5112,USD,2026-03-11T10:50:42,completed,web
o003491,c00066,SKU0059,1,1210,USD,2026-04-22T23:08:09,completed,mobile
o003492,c00336,SKU0207,1,5675,USD,2026-03-20T23:54:49,completed,web
o003493,c00543,SKU0198,1,1230,USD,2026-02-15T00:47:46,completed,mobile
o003494,c00852,SKU0238,1,665,USD,2026-03-09T20:37:22,refunded,mobile
o003495,c00535,SKU0149,1,346,USD,2025-12-11T00:14:33,shipped,api
o003496,c00717,SKU0207,1,5675,USD,2026-02-24T14:54:58,completed,mobile
o003497,c00864,SKU0375,2,5858,USD,2026-02-09T07:44:01,completed,web
o003498,c00882,SKU0181,1,895,USD,2026-03-26T05:57:49,refunded,mobile
o003499,c00049,SKU0074,3,2037,USD,2026-01-17T22:20:27,refunded,web
o003500,c00269,SKU0339,1,701,USD,2026-04-06T11:17:41,completed,marketplace
o003501,c00433,SKU0112,1,1132,USD,2026-04-29T15:46:28,shipped,web
o003502,c00651,SKU0484,1,1657,USD,2026-05-07T13:28:21,completed,mobile
o003503,c00350,SKU0010,1,1092,USD,2026-04-30T14:31:38,shipped,web
o003504,c00160,SKU0460,2,812,USD,2026-04-01T10:41:13,completed,mobile
o003505,c00421,SKU0391,3,18777,USD,2026-01-30T07:23:01,cancelled,web
o003506,c00428,SKU0420,1,660,USD,2026-03-27T06:53:56,refunded,web
o003507,c00364,SKU0131,1,838,USD,2026-01-21T22:20:47,completed,mobile
o003508,c00984,SKU0001,4,2964,USD,2026-04-12T12:52:00,completed,web
o003509,c00142,SKU0275,1,1309,USD,2026-05-10T13:55:10,refunded,mobile
o003510,c00766,SKU0437,2,916,USD,2026-02-10T12:03:11,completed,mobile
o003511,c00447,SKU0251,1,2725,USD,2026-04-18T09:46:38,completed,web
o003512,c00756,SKU0271,5,6345,USD,2026-04-12T22:18:14,completed,mobile
o003513,c00667,SKU0457,1,786,USD,2026-02-07T02:02:05,shipped,web
o003514,c00564,SKU0359,2,5486,USD,2026-03-13T09:40:45,completed,web
o003515,c00878,SKU0129,2,3010,USD,2026-04-10T20:44:15,completed,web
o003516,c00577,SKU0010,1,1092,USD,2026-03-15T14:18:35,completed,web
o003517,c00768,SKU0153,2,5004,USD,2026-02-27T14:06:27,shipped,mobile
o003518,c00037,SKU0335,1,1527,USD,2026-04-13T03:50:15,shipped,web
o003519,c00633,SKU0203,1,3618,USD,2026-03-05T21:12:04,refunded,mobile
o003520,c00477,SKU0064,1,3073,USD,2026-04-26T00:54:29,completed,marketplace
o003521,c00936,SKU0165,1,424,USD,2026-04-09T06:56:25,cancelled,web
o003522,c00433,SKU0494,2,1664,USD,2026-04-30T12:59:41,completed,web
o003523,c00273,SKU0396,1,1193,USD,2026-04-30T16:07:07,completed,mobile
o003524,c00556,SKU0444,1,858,USD,2026-04-09T04:15:38,completed,mobile
o003525,c00148,SKU0347,2,2348,USD,2026-04-14T23:26:07,refunded,web
o003526,c00133,SKU0242,3,3633,USD,2026-01-19T05:17:56,completed,web
o003527,c00641,SKU0188,1,1669,USD,2025-12-15T10:27:34,refunded,web
o003528,c00062,SKU0206,3,2718,USD,2025-12-17T09:29:34,completed,web
o003529,c00451,SKU0398,1,3476,USD,2026-03-21T19:41:16,cancelled,web
o003530,c00261,SKU0432,1,4370,USD,2026-04-01T09:39:56,shipped,marketplace
o003531,c00635,SKU0097,2,8930,USD,2025-12-03T08:17:12,completed,web
o003532,c00964,SKU0293,2,6352,USD,2026-04-19T20:31:32,completed,mobile
o003533,c00753,SKU0424,1,2800,USD,2026-03-28T18:53:42,shipped,web
o003534,c00036,SKU0038,2,1128,USD,2026-01-31T15:54:11,completed,mobile
o003535,c00066,SKU0294,1,2178,USD,2026-04-18T10:58:08,completed,mobile
o003536,c00347,SKU0270,1,671,USD,2026-02-02T12:49:49,shipped,mobile
o003537,c00458,SKU0498,1,2150,USD,2026-04-26T17:06:03,refunded,web
o003538,c00267,SKU0083,1,991,USD,2026-03-28T04:44:59,completed,web
o003539,c00963,SKU0366,1,1478,USD,2025-12-09T04:25:04,completed,web
o003540,c00398,SKU0253,1,1021,USD,2026-03-30T06:45:51,completed,marketplace
o003541,c00313,SKU0083,5,4955,USD,2026-03-23T04:19:42,completed,mobile
o003542,c00727,SKU0363,1,2194,USD,2026-04-14T05:49:59,shipped,web
o003543,c00847,SKU0116,1,2671,USD,2026-03-08T05:35:56,completed,web
o003544,c00640,SKU0446,1,2851,USD,2026-03-01T11:21:52,completed,web
o003545,c00664,SKU0489,1,2358,USD,2026-04-04T11:13:02,completed,web
o003546,c00630,SKU0435,1,2480,USD,2026-03-02T13:17:47,refunded,marketplace
o003547,c00234,SKU0268,1,1657,USD,2026-05-11T10:50:15,completed,mobile
o003548,c00663,SKU0407,3,6027,USD,2026-03-01T09:16:43,completed,web
o003549,c00046,SKU0440,3,7317,USD,2026-01-04T11:42:31,completed,mobile
o003550,c00439,SKU0430,2,13836,USD,2026-05-01T23:39:03,refunded,mobile
o003551,c00119,SKU0067,1,2579,USD,2026-03-22T23:52:04,cancelled,mobile
o003552,c00751,SKU0306,2,3526,USD,2026-02-06T04:40:16,completed,web
o003553,c00252,SKU0120,2,3748,USD,2026-01-02T18:06:18,completed,mobile
o003554,c00843,SKU0004,2,6692,USD,2026-02-27T15:28:13,completed,web
o003555,c00532,SKU0365,1,4993,USD,2026-04-24T20:51:39,refunded,mobile
o003556,c00274,SKU0042,3,7440,USD,2026-03-17T23:15:39,refunded,mobile
o003557,c00630,SKU0018,2,3874,USD,2026-03-08T00:05:10,cancelled,mobile
o003558,c00135,SKU0076,1,1047,USD,2026-04-30T12:03:31,completed,web
o003559,c00029,SKU0175,2,2804,USD,2026-01-16T17:10:33,refunded,web
o003560,c00621,SKU0086,2,2494,USD,2026-04-17T18:43:47,shipped,mobile
o003561,c00058,SKU0094,1,956,USD,2026-03-31T00:05:16,completed,web
o003562,c00351,SKU0233,2,5146,USD,2026-01-17T18:02:14,refunded,web
o003563,c00640,SKU0434,2,2934,USD,2026-04-23T22:55:47,shipped,mobile
o003564,c00469,SKU0193,1,1684,USD,2026-04-25T01:58:26,refunded,web
o003565,c00677,SKU0252,1,598,USD,2026-03-31T19:17:52,shipped,web
o003566,c00448,SKU0091,1,1316,USD,2026-04-15T07:12:37,shipped,web
o003567,c00141,SKU0249,1,12261,USD,2026-04-09T18:01:40,completed,web
o003568,c00376,SKU0172,1,6055,USD,2026-04-15T21:30:51,refunded,mobile
o003569,c00052,SKU0479,1,3608,USD,2025-12-28T18:45:59,cancelled,web
o003570,c00054,SKU0499,2,3672,USD,2026-04-13T13:44:52,shipped,web
o003571,c00842,SKU0434,1,1467,USD,2026-03-29T13:48:28,cancelled,web
o003572,c00946,SKU0477,1,874,USD,2026-04-12T17:58:55,completed,web
o003573,c00623,SKU0083,2,1982,USD,2025-12-30T19:48:26,completed,web
o003574,c00631,SKU0437,1,458,USD,2026-03-20T18:42:12,refunded,mobile
o003575,c00864,SKU0379,1,1948,USD,2026-02-10T02:13:27,completed,marketplace
o003576,c00237,SKU0391,1,6259,USD,2026-03-24T10:15:11,completed,web
o003577,c00381,SKU0404,1,2548,USD,2026-02-23T18:34:57,cancelled,mobile
o003578,c00345,SKU0294,1,2178,USD,2026-03-26T13:31:07,completed,mobile
o003579,c00955,SKU0038,5,2820,USD,2026-05-03T15:37:51,cancelled,web
o003580,c00229,SKU0251,1,2725,USD,2026-03-21T02:04:15,completed,mobile
o003581,c00950,SKU0233,1,2573,USD,2026-02-18T02:34:31,completed,mobile
o003582,c00543,SKU0404,1,2548,USD,2026-03-16T12:43:28,cancelled,mobile
o003583,c00643,SKU0085,1,729,USD,2026-03-07T07:11:37,completed,web
o003584,c00276,SKU0053,2,3608,USD,2026-05-07T06:47:24,refunded,web
o003585,c00433,SKU0175,1,1402,USD,2026-03-31T07:05:09,completed,mobile
o003586,c00746,SKU0018,1,1937,USD,2026-03-28T05:53:14,cancelled,mobile
o003587,c00261,SKU0060,2,8350,USD,2026-03-13T18:02:36,completed,mobile
o003588,c00938,SKU0281,1,1705,USD,2026-02-25T20:37:48,completed,mobile
o003589,c00559,SKU0497,3,2688,USD,2026-03-25T21:59:41,completed,web
o003590,c00059,SKU0052,3,8691,USD,2026-03-01T04:20:49,cancelled,marketplace
o003591,c00250,SKU0041,1,2840,USD,2026-03-03T14:09:57,completed,mobile
o003592,c00126,SKU0224,5,30755,USD,2026-02-10T18:17:09,completed,web
o003593,c00245,SKU0429,2,856,USD,2026-03-20T17:37:47,completed,web
o003594,c00345,SKU0420,2,1320,USD,2026-03-26T05:33:01,completed,api
o003595,c00974,SKU0475,2,1362,USD,2026-01-22T17:55:39,completed,web
o003596,c00744,SKU0076,1,1047,USD,2026-01-10T06:19:34,completed,mobile
o003597,c00054,SKU0204,1,7248,USD,2026-03-24T01:53:32,shipped,mobile
o003598,c00356,SKU0185,1,2209,USD,2026-02-19T04:25:31,shipped,web
o003599,c00569,SKU0118,2,3578,USD,2025-12-16T20:47:34,completed,mobile
o003600,c00548,SKU0439,1,1845,USD,2026-03-27T10:00:43,cancelled,mobile
o003601,c00170,SKU0222,2,2204,USD,2026-04-25T19:40:03,completed,web
o003602,c00942,SKU0460,2,812,USD,2026-02-20T09:46:13,completed,web
o003603,c00751,SKU0031,2,2662,USD,2025-12-31T16:51:10,completed,web
o003604,c00963,SKU0476,3,4653,USD,2026-01-11T08:01:43,cancelled,mobile
o003605,c00748,SKU0102,3,6051,USD,2026-04-18T10:04:39,shipped,mobile
o003606,c00957,SKU0205,1,1830,USD,2026-03-04T22:52:07,cancelled,web
o003607,c00326,SKU0072,1,999,USD,2026-03-09T01:00:01,completed,mobile
o003608,c00350,SKU0487,1,4417,USD,2026-02-15T04:06:27,refunded,mobile
o003609,c00037,SKU0370,1,1026,USD,2026-02-12T19:03:32,completed,mobile
o003610,c00749,SKU0488,1,2001,USD,2026-04-07T19:09:11,cancelled,web
o003611,c00154,SKU0473,1,582,USD,2026-03-06T12:03:00,shipped,mobile
o003612,c00378,SKU0159,3,3000,USD,2026-04-06T09:43:27,completed,mobile
o003613,c00041,SKU0213,2,5656,USD,2026-03-03T20:13:50,shipped,marketplace
o003614,c00579,SKU0049,1,1403,USD,2026-03-15T19:46:23,completed,mobile
o003615,c00635,SKU0348,1,3302,USD,2026-02-04T18:26:17,completed,web
o003616,c00269,SKU0018,2,3874,USD,2025-12-18T14:14:01,refunded,web
o003617,c00351,SKU0266,1,2362,USD,2026-02-28T21:02:29,completed,mobile
o003618,c00635,SKU0236,3,5559,USD,2026-02-22T15:36:32,refunded,mobile
o003619,c00570,SKU0214,1,1905,USD,2026-03-18T22:54:24,completed,mobile
o003620,c00445,SKU0380,1,2803,USD,2026-01-28T06:42:17,completed,mobile
o003621,c00262,SKU0383,2,3068,USD,2026-04-16T20:02:17,shipped,web
o003622,c00050,SKU0460,2,812,USD,2026-02-14T08:09:11,completed,web
o003623,c00858,SKU0497,1,896,USD,2026-02-14T02:50:10,completed,web
o003624,c00450,SKU0352,1,2939,USD,2026-03-22T08:13:07,completed,web
o003625,c00871,SKU0279,4,2364,USD,2026-02-12T00:46:27,refunded,marketplace
o003626,c00346,SKU0071,3,3906,USD,2026-04-12T00:45:57,shipped,mobile
o003627,c00455,SKU0375,1,2929,USD,2026-01-10T04:18:30,completed,web
o003628,c00930,SKU0162,3,3828,USD,2026-03-21T15:03:52,completed,mobile
o003629,c00744,SKU0175,1,1402,USD,2026-04-12T21:56:10,completed,mobile
o003630,c00623,SKU0422,2,2068,USD,2026-03-21T05:03:22,completed,marketplace
o003631,c00439,SKU0366,2,2956,USD,2026-04-08T12:31:48,cancelled,web
o003632,c00923,SKU0105,2,2934,USD,2025-12-30T03:16:12,shipped,mobile
o003633,c00648,SKU0206,1,906,USD,2026-02-20T06:19:23,completed,web
o003634,c00549,SKU0213,1,2828,USD,2026-04-11T23:20:06,shipped,mobile
o003635,c00246,SKU0482,1,1037,USD,2026-04-03T03:13:27,cancelled,web
o003636,c00856,SKU0313,1,3012,USD,2026-02-08T23:19:59,completed,mobile
o003637,c00731,SKU0427,1,3498,USD,2026-04-09T14:45:04,cancelled,mobile
o003638,c00760,SKU0327,1,531,USD,2026-04-08T22:11:15,completed,web
o003639,c00621,SKU0157,2,2912,USD,2026-03-12T09:53:01,completed,mobile
o003640,c00086,SKU0104,2,3524,USD,2025-12-23T04:20:25,refunded,web
o003641,c00561,SKU0196,1,1240,USD,2026-05-11T03:05:58,completed,web
o003642,c00363,SKU0164,4,9664,USD,2026-04-11T03:34:51,refunded,web
o003643,c00848,SKU0323,2,1462,USD,2025-12-31T13:19:28,refunded,mobile
o003644,c00855,SKU0277,1,1657,USD,2026-01-08T08:46:04,refunded,marketplace
o003645,c00862,SKU0054,1,2172,USD,2026-03-30T10:35:02,shipped,web
o003646,c00365,SKU0084,1,786,USD,2026-04-14T10:54:47,completed,web
o003647,c00762,SKU0279,2,1182,USD,2026-02-24T13:08:14,completed,mobile
o003648,c00953,SKU0305,2,3234,USD,2026-03-04T14:03:24,completed,mobile
o003649,c00546,SKU0205,1,1830,USD,2026-03-14T20:32:43,completed,web
o003650,c00454,SKU0329,2,6690,USD,2026-04-13T02:30:32,completed,marketplace
o003651,c00221,SKU0002,1,1981,USD,2026-02-21T16:52:20,shipped,web
o003652,c00204,SKU0484,1,1657,USD,2026-04-11T22:17:55,cancelled,web
o003653,c00168,SKU0459,1,2078,USD,2026-03-04T08:48:36,completed,web
o003654,c00422,SKU0406,2,3880,USD,2026-04-16T23:25:06,completed,mobile
o003655,c00534,SKU0106,1,4932,USD,2026-02-20T20:51:52,completed,mobile
o003656,c00851,SKU0261,2,1912,USD,2026-04-14T13:34:25,completed,web
o003657,c00660,SKU0005,1,2106,USD,2026-03-04T15:00:24,cancelled,web
o003658,c00260,SKU0432,1,4370,USD,2026-02-08T22:54:21,completed,mobile
o003659,c00607,SKU0295,1,1506,USD,2026-02-26T09:59:38,cancelled,web
o003660,c00932,SKU0280,1,1202,USD,2026-02-22T14:25:45,cancelled,web
o003661,c00260,SKU0278,1,2936,USD,2026-04-07T22:20:01,completed,web
o003662,c00339,SKU0356,1,842,USD,2026-03-06T10:08:08,completed,web
o003663,c00056,SKU0271,1,1269,USD,2026-03-24T05:41:58,cancelled,mobile
o003664,c00257,SKU0207,1,5675,USD,2026-01-20T06:46:35,shipped,web
o003665,c00538,SKU0132,1,3175,USD,2026-01-24T06:15:35,completed,mobile
o003666,c00159,SKU0142,2,2354,USD,2026-04-01T21:52:21,shipped,web
o003667,c00243,SKU0137,3,5316,USD,2026-03-08T23:32:07,completed,web
o003668,c00687,SKU0229,1,1275,USD,2026-05-10T13:31:40,completed,web
o003669,c00855,SKU0260,1,1278,USD,2025-12-18T11:01:19,cancelled,mobile
o003670,c00768,SKU0258,5,6830,USD,2026-04-19T20:22:50,completed,web
o003671,c00923,SKU0333,1,1813,USD,2026-02-19T00:29:01,completed,mobile
o003672,c00327,SKU0390,1,1831,USD,2026-03-16T09:42:14,completed,mobile
o003673,c00369,SKU0139,1,965,USD,2026-03-02T02:34:38,completed,mobile
o003674,c00268,SKU0097,3,13395,USD,2026-04-14T05:55:17,refunded,mobile
o003675,c00050,SKU0377,1,1540,USD,2026-04-06T07:06:29,completed,web
o003676,c00426,SKU0239,1,1011,USD,2026-03-28T02:40:38,completed,web
o003677,c00532,SKU0210,1,2346,USD,2026-03-26T04:09:07,shipped,web
o003678,c00315,SKU0130,1,2599,USD,2026-05-01T09:55:56,refunded,mobile
o003679,c00063,SKU0299,3,6270,USD,2026-04-08T13:22:11,completed,web
o003680,c00640,SKU0242,2,2422,USD,2026-04-10T12:51:41,cancelled,mobile
o003681,c00945,SKU0064,1,3073,USD,2026-03-23T14:16:39,completed,web
o003682,c00736,SKU0268,4,6628,USD,2026-02-20T04:31:10,shipped,web
o003683,c00853,SKU0498,1,2150,USD,2026-02-06T11:03:49,completed,web
o003684,c00757,SKU0094,2,1912,USD,2026-03-21T05:45:24,cancelled,mobile
o003685,c00563,SKU0323,1,731,USD,2026-04-18T18:11:27,cancelled,mobile
o003686,c00834,SKU0013,2,9568,USD,2026-03-25T18:50:01,completed,web
o003687,c00453,SKU0336,1,634,USD,2026-03-28T08:23:26,completed,mobile
o003688,c00171,SKU0462,1,1224,USD,2026-04-03T07:08:48,shipped,api
o003689,c00060,SKU0094,2,1912,USD,2026-02-02T21:49:06,cancelled,web
o003690,c00020,SKU0139,1,965,USD,2026-01-31T12:09:29,completed,mobile
o003691,c00529,SKU0056,2,1540,USD,2026-03-28T10:51:13,completed,web
o003692,c00528,SKU0215,1,2296,USD,2026-01-15T07:26:24,completed,mobile
o003693,c00617,SKU0027,2,1852,USD,2026-02-05T15:54:38,shipped,web
o003694,c00950,SKU0350,1,3604,USD,2026-01-18T23:11:10,cancelled,web
o003695,c00662,SKU0223,3,11484,USD,2026-02-27T06:22:10,cancelled,api
o003696,c00666,SKU0480,1,1020,USD,2026-03-15T21:16:38,completed,mobile
o003697,c00838,SKU0267,1,2338,USD,2026-03-12T19:44:59,refunded,mobile
o003698,c00220,SKU0487,2,8834,USD,2026-02-25T16:24:11,refunded,web
o003699,c00325,SKU0192,1,1482,USD,2026-04-07T08:29:31,completed,web
o003700,c00278,SKU0343,1,2248,USD,2026-03-29T16:53:15,completed,web
o003701,c00772,SKU0364,1,855,USD,2025-12-30T03:04:14,shipped,web
o003702,c00837,SKU0250,2,3668,USD,2026-04-12T12:53:26,refunded,web
o003703,c00258,SKU0110,1,1834,USD,2025-12-30T10:05:46,completed,web
o003704,c00372,SKU0031,2,2662,USD,2026-04-26T13:18:35,refunded,mobile
o003705,c00568,SKU0409,1,3307,USD,2026-01-24T03:33:56,cancelled,mobile
o003706,c00756,SKU0260,4,5112,USD,2026-03-16T03:29:58,completed,web
o003707,c00764,SKU0186,1,2725,USD,2026-03-21T14:47:13,completed,mobile
o003708,c00130,SKU0101,1,1816,USD,2026-01-08T10:56:31,refunded,marketplace
o003709,c00735,SKU0383,2,3068,USD,2026-04-17T11:29:50,completed,mobile
o003710,c00631,SKU0104,1,1762,USD,2026-03-22T23:59:40,completed,web
o003711,c00172,SKU0289,1,1029,USD,2026-01-18T14:56:14,cancelled,web
o003712,c00376,SKU0178,1,2459,USD,2026-04-18T19:21:06,cancelled,mobile
o003713,c00074,SKU0023,1,2615,USD,2026-02-22T05:09:16,completed,mobile
o003714,c00066,SKU0300,3,33684,USD,2026-03-10T03:25:00,completed,web
o003715,c00917,SKU0073,2,10724,USD,2026-03-09T02:37:53,completed,marketplace
o003716,c00407,SKU0354,1,2674,USD,2026-03-13T07:45:19,cancelled,mobile
o003717,c00773,SKU0470,2,2134,USD,2026-02-20T01:37:01,cancelled,web
o003718,c00724,SKU0456,1,1758,USD,2026-01-14T16:03:17,completed,web
o003719,c00549,SKU0200,2,4978,USD,2025-12-24T15:30:43,completed,marketplace
o003720,c00031,SKU0156,4,2684,USD,2026-03-21T00:04:33,refunded,mobile
o003721,c00994,SKU0441,1,1431,USD,2026-01-18T06:07:18,completed,marketplace
o003722,c00842,SKU0499,1,1836,USD,2026-02-02T20:34:19,completed,web
o003723,c00462,SKU0218,1,401,USD,2025-12-17T01:34:04,completed,mobile
o003724,c00277,SKU0081,1,2195,USD,2026-01-06T16:40:31,completed,marketplace
o003725,c00975,SKU0107,2,2690,USD,2026-04-21T03:30:47,completed,web
o003726,c00828,SKU0291,1,1561,USD,2026-02-28T05:34:51,completed,web
o003727,c00857,SKU0200,1,2489,USD,2026-04-15T23:31:28,completed,marketplace
o003728,c00359,SKU0451,1,2349,USD,2026-03-02T10:19:34,completed,web
o003729,c00786,SKU0449,1,1054,USD,2026-04-11T11:44:55,shipped,web
o003730,c00061,SKU0107,2,2690,USD,2025-12-24T11:23:41,shipped,mobile
o003731,c00136,SKU0132,1,3175,USD,2026-02-18T22:36:38,cancelled,web
o003732,c00627,SKU0365,1,4993,USD,2026-04-17T00:52:47,completed,web
o003733,c00453,SKU0272,1,1569,USD,2026-02-06T17:58:30,refunded,web
o003734,c00338,SKU0428,1,1493,USD,2026-04-06T13:59:22,shipped,web
o003735,c00231,SKU0006,1,1173,USD,2026-04-22T03:40:30,cancelled,web
o003736,c00134,SKU0039,2,6624,USD,2026-04-04T03:19:02,cancelled,web
o003737,c00555,SKU0386,2,3816,USD,2026-04-27T00:58:30,cancelled,web
o003738,c00545,SKU0304,1,2148,USD,2026-04-11T15:50:07,completed,mobile
o003739,c00965,SKU0030,2,4646,USD,2026-02-26T19:01:10,cancelled,web
o003740,c00686,SKU0134,3,6177,USD,2026-02-22T17:06:16,refunded,mobile
o003741,c00562,SKU0087,1,3000,USD,2026-05-14T17:11:56,refunded,web
o003742,c00665,SKU0110,1,1834,USD,2026-03-24T04:50:32,refunded,web
o003743,c00059,SKU0275,1,1309,USD,2026-03-15T17:35:51,completed,marketplace
o003744,c00427,SKU0198,1,1230,USD,2026-03-26T18:24:56,completed,web
o003745,c00939,SKU0073,2,10724,USD,2025-12-19T15:57:34,completed,web
o003746,c00936,SKU0453,2,4394,USD,2026-02-13T16:02:35,completed,marketplace
o003747,c00559,SKU0218,1,401,USD,2026-04-02T00:11:30,refunded,web
o003748,c00040,SKU0280,2,2404,USD,2026-02-19T13:32:01,completed,web
o003749,c00950,SKU0200,1,2489,USD,2026-01-22T00:59:10,completed,mobile
o003750,c00547,SKU0251,1,2725,USD,2026-02-26T01:24:47,shipped,mobile
o003751,c00159,SKU0265,4,9092,USD,2026-04-07T20:44:55,shipped,marketplace
o003752,c00448,SKU0158,1,902,USD,2026-02-19T19:11:08,shipped,web
o003753,c00454,SKU0228,1,1142,USD,2026-02-22T20:58:19,cancelled,marketplace
o003754,c00539,SKU0133,1,2255,USD,2026-02-13T22:10:25,completed,web
o003755,c00653,SKU0124,1,2458,USD,2026-03-07T10:32:21,completed,web
o003756,c00855,SKU0488,2,4002,USD,2026-03-16T15:27:10,shipped,mobile
o003757,c00075,SKU0001,1,741,USD,2026-01-30T01:28:39,completed,web
o003758,c00432,SKU0343,1,2248,USD,2026-01-18T14:32:17,shipped,web
o003759,c00546,SKU0004,1,3346,USD,2026-01-09T17:22:23,completed,mobile
o003760,c00464,SKU0333,1,1813,USD,2026-01-18T16:04:04,completed,mobile
o003761,c00258,SKU0030,2,4646,USD,2025-12-08T13:44:28,completed,mobile
o003762,c00536,SKU0188,1,1669,USD,2026-01-04T16:52:29,completed,web
o003763,c00582,SKU0013,1,4784,USD,2026-02-10T16:15:34,shipped,mobile
o003764,c00169,SKU0348,2,6604,USD,2026-03-08T17:29:31,shipped,web
o003765,c00035,SKU0409,1,3307,USD,2026-03-14T04:23:45,cancelled,web
o003766,c00082,SKU0020,1,6142,USD,2026-04-08T01:49:21,completed,web
o003767,c00464,SKU0080,1,2672,USD,2026-04-28T06:03:13,completed,web
o003768,c00327,SKU0344,2,5714,USD,2026-02-19T16:58:47,shipped,web
o003769,c00086,SKU0202,1,700,USD,2026-03-23T23:45:15,completed,mobile
o003770,c00539,SKU0148,2,8140,USD,2026-01-30T01:01:48,completed,web
o003771,c00243,SKU0038,1,564,USD,2026-01-21T09:34:00,completed,api
o003772,c00886,SKU0289,3,3087,USD,2026-02-18T22:05:11,refunded,mobile
o003773,c00642,SKU0279,1,591,USD,2025-12-28T14:04:53,refunded,mobile
o003774,c00340,SKU0426,1,868,USD,2026-03-05T07:01:43,shipped,web
o003775,c00649,SKU0026,1,1628,USD,2026-05-06T06:28:43,shipped,mobile
o003776,c00643,SKU0387,2,1342,USD,2026-03-10T12:32:49,cancelled,marketplace
o003777,c00444,SKU0321,1,1053,USD,2026-04-10T18:45:25,completed,web
o003778,c00669,SKU0500,2,3282,USD,2026-02-22T14:44:57,completed,web
o003779,c00362,SKU0357,1,625,USD,2026-04-11T19:43:01,completed,web
o003780,c00242,SKU0247,2,3244,USD,2026-02-22T18:55:44,shipped,mobile
o003781,c00580,SKU0002,2,3962,USD,2026-02-09T08:04:35,cancelled,mobile
o003782,c00870,SKU0141,1,4650,USD,2026-03-13T06:15:54,completed,web
o003783,c00568,SKU0251,5,13625,USD,2026-04-16T07:21:04,completed,web
o003784,c00434,SKU0150,2,1470,USD,2026-02-20T15:23:36,cancelled,marketplace
o003785,c00649,SKU0348,2,6604,USD,2026-03-29T09:46:44,completed,web
o003786,c00737,SKU0419,1,1304,USD,2026-02-07T12:13:44,cancelled,mobile
o003787,c00025,SKU0408,2,1390,USD,2026-04-06T06:28:38,shipped,mobile
o003788,c00654,SKU0110,1,1834,USD,2026-01-27T04:20:02,shipped,mobile
o003789,c00549,SKU0218,2,802,USD,2026-03-24T18:31:52,completed,web
o003790,c00944,SKU0166,1,1353,USD,2026-03-21T03:45:32,refunded,web
o003791,c00842,SKU0333,1,1813,USD,2026-03-20T14:25:43,cancelled,mobile
o003792,c00167,SKU0087,2,6000,USD,2026-02-15T10:52:22,completed,web
o003793,c00873,SKU0337,1,533,USD,2025-12-17T14:03:55,completed,mobile
o003794,c00651,SKU0074,1,679,USD,2026-01-03T11:57:44,shipped,web
o003795,c00628,SKU0218,2,802,USD,2026-04-11T03:46:15,cancelled,web
o003796,c00292,SKU0319,1,2261,USD,2026-01-21T02:26:41,refunded,web
o003797,c00341,SKU0280,3,3606,USD,2026-01-29T06:13:43,completed,mobile
o003798,c00670,SKU0366,1,1478,USD,2026-03-16T17:02:06,completed,mobile
o003799,c00359,SKU0278,2,5872,USD,2026-03-02T06:04:18,refunded,mobile
o003800,c00541,SKU0392,4,7360,USD,2026-01-18T06:58:30,shipped,marketplace
o003801,c00972,SKU0241,1,770,USD,2026-05-03T23:17:56,completed,marketplace
o003802,c00331,SKU0160,1,1091,USD,2026-02-10T06:49:13,completed,mobile
o003803,c00712,SKU0217,1,2530,USD,2026-04-21T18:52:35,shipped,mobile
o003804,c00756,SKU0473,1,582,USD,2026-02-20T18:58:48,completed,web
o003805,c00431,SKU0143,2,2772,USD,2026-05-05T18:06:58,shipped,web
o003806,c00729,SKU0045,1,1704,USD,2026-03-26T23:58:37,refunded,mobile
o003807,c00957,SKU0123,3,10353,USD,2026-01-19T23:00:52,completed,web
o003808,c00644,SKU0226,1,1523,USD,2026-05-02T21:44:19,completed,web
o003809,c00476,SKU0456,3,5274,USD,2026-02-24T08:36:39,cancelled,web
o003810,c00174,SKU0448,1,535,USD,2026-04-26T22:30:57,completed,web
o003811,c00758,SKU0253,2,2042,USD,2026-01-21T08:57:35,shipped,web
o003812,c00454,SKU0100,1,1431,USD,2026-02-16T18:00:02,completed,marketplace
o003813,c00867,SKU0162,1,1276,USD,2026-04-23T19:43:03,completed,web
o003814,c00120,SKU0135,1,2574,USD,2026-01-05T18:13:07,completed,web
o003815,c00536,SKU0311,1,1905,USD,2026-02-05T13:30:45,cancelled,web
o003816,c00439,SKU0255,2,7024,USD,2026-01-23T01:52:13,completed,mobile
o003817,c00038,SKU0266,1,2362,USD,2025-12-17T14:31:53,cancelled,web
o003818,c00930,SKU0013,2,9568,USD,2026-04-29T06:36:54,refunded,web
o003819,c00654,SKU0235,1,245,USD,2026-04-04T11:51:50,cancelled,web
o003820,c00976,SKU0171,1,1150,USD,2026-01-30T18:14:45,cancelled,web
o003821,c00250,SKU0175,1,1402,USD,2026-02-04T15:24:22,cancelled,mobile
o003822,c00775,SKU0294,1,2178,USD,2026-05-06T23:17:52,completed,web
o003823,c00334,SKU0397,2,6048,USD,2026-04-05T18:28:16,completed,mobile
o003824,c00168,SKU0237,1,2864,USD,2026-01-24T23:59:53,cancelled,web
o003825,c00750,SKU0379,1,1948,USD,2026-03-30T03:28:43,completed,mobile
o003826,c00565,SKU0091,1,1316,USD,2026-01-20T05:54:37,completed,api
o003827,c00235,SKU0315,3,8244,USD,2026-03-20T10:34:30,completed,web
o003828,c00739,SKU0295,1,1506,USD,2026-04-08T07:48:59,completed,web
o003829,c00274,SKU0056,2,1540,USD,2026-01-26T05:01:40,shipped,mobile
o003830,c00530,SKU0115,2,5832,USD,2026-02-26T18:13:59,completed,web
o003831,c00053,SKU0468,4,2952,USD,2026-04-21T17:41:48,refunded,web
o003832,c00259,SKU0114,1,2959,USD,2026-02-18T10:37:00,completed,web
o003833,c00238,SKU0045,3,5112,USD,2026-03-01T20:18:52,completed,mobile
o003834,c00243,SKU0126,1,3264,USD,2026-02-01T06:13:18,refunded,web
o003835,c00280,SKU0152,3,19299,USD,2026-05-01T09:10:00,completed,mobile
o003836,c00715,SKU0030,2,4646,USD,2026-04-10T07:36:36,shipped,web
o003837,c00465,SKU0180,2,4456,USD,2026-02-22T01:04:44,cancelled,mobile
o003838,c00155,SKU0331,2,2906,USD,2026-01-23T14:52:14,cancelled,mobile
o003839,c00665,SKU0481,2,1836,USD,2026-03-05T13:21:38,completed,mobile
o003840,c00325,SKU0368,1,1423,USD,2026-02-27T17:00:12,completed,mobile
o003841,c00542,SKU0458,1,1157,USD,2026-04-19T15:46:01,cancelled,web
o003842,c00185,SKU0111,1,2592,USD,2026-03-20T21:26:25,completed,web
o003843,c00344,SKU0032,3,3669,USD,2026-02-08T09:24:52,completed,web
o003844,c00835,SKU0410,1,1417,USD,2026-04-21T00:49:22,completed,mobile
o003845,c00576,SKU0175,2,2804,USD,2026-04-06T15:35:38,refunded,mobile
o003846,c00661,SKU0094,1,956,USD,2026-05-10T03:03:30,completed,mobile
o003847,c00853,SKU0326,1,1576,USD,2026-03-13T17:24:14,shipped,web
o003848,c00048,SKU0335,1,1527,USD,2026-03-12T21:16:09,completed,web
o003849,c00864,SKU0263,1,1223,USD,2026-04-19T19:06:12,completed,marketplace
o003850,c00832,SKU0394,1,967,USD,2026-01-21T06:06:09,completed,web
o003851,c00723,SKU0302,1,1627,USD,2026-02-01T23:25:21,completed,web
o003852,c00643,SKU0259,1,1983,USD,2026-02-01T13:37:41,shipped,web
o003853,c00561,SKU0078,2,1838,USD,2026-04-08T10:27:06,completed,web
o003854,c00954,SKU0229,5,6375,USD,2026-03-16T14:24:20,refunded,web
o003855,c00534,SKU0327,3,1593,USD,2026-03-31T07:41:57,shipped,web
o003856,c00848,SKU0234,1,1499,USD,2026-04-22T04:50:16,completed,api
o003857,c00048,SKU0393,1,1733,USD,2026-01-11T03:28:03,completed,web
o003858,c00757,SKU0351,1,2459,USD,2025-12-15T03:32:23,completed,web
o003859,c00945,SKU0111,1,2592,USD,2025-12-20T06:05:00,completed,web
o003860,c00855,SKU0269,3,1803,USD,2026-03-27T19:34:42,cancelled,web
o003861,c00046,SKU0018,2,3874,USD,2026-02-03T22:16:48,shipped,marketplace
o003862,c00123,SKU0406,1,1940,USD,2026-01-04T16:21:04,completed,mobile
o003863,c00447,SKU0188,1,1669,USD,2026-03-25T22:04:43,completed,mobile
o003864,c00947,SKU0175,1,1402,USD,2026-03-27T21:54:42,cancelled,marketplace
o003865,c00760,SKU0169,1,1349,USD,2026-05-03T11:36:52,completed,web
o003866,c00455,SKU0194,2,3486,USD,2026-04-07T06:40:41,refunded,web
o003867,c00462,SKU0206,2,1812,USD,2025-12-01T05:55:06,completed,web
o003868,c00758,SKU0345,1,2586,USD,2026-04-14T11:21:52,completed,mobile
o003869,c00467,SKU0201,1,667,USD,2026-03-14T15:35:54,refunded,web
o003870,c00744,SKU0205,4,7320,USD,2026-02-04T14:13:18,cancelled,marketplace
o003871,c00581,SKU0392,1,1840,USD,2026-03-13T07:36:30,completed,web
o003872,c00839,SKU0025,3,2853,USD,2026-03-17T02:36:01,completed,mobile
o003873,c00133,SKU0330,1,2419,USD,2025-12-08T04:43:58,completed,mobile
o003874,c00659,SKU0487,2,8834,USD,2026-04-27T20:03:18,completed,web
o003875,c00566,SKU0217,1,2530,USD,2026-01-31T07:03:06,completed,web
o003876,c00148,SKU0408,1,695,USD,2026-01-28T01:14:49,cancelled,web
o003877,c00844,SKU0425,2,7064,USD,2025-12-05T07:27:17,completed,web
o003878,c00136,SKU0453,2,4394,USD,2026-03-27T18:39:32,cancelled,web
o003879,c00544,SKU0334,1,1403,USD,2026-02-05T18:14:57,refunded,marketplace
o003880,c00734,SKU0314,2,8978,USD,2026-04-17T19:52:07,cancelled,web
o003881,c00766,SKU0333,2,3626,USD,2026-01-10T13:25:45,completed,mobile
o003882,c00877,SKU0464,1,1982,USD,2026-04-14T10:14:34,shipped,web
o003883,c00446,SKU0479,3,10824,USD,2026-01-29T03:27:59,completed,api
o003884,c00080,SKU0188,2,3338,USD,2026-02-23T08:49:35,completed,mobile
o003885,c00576,SKU0176,1,2164,USD,2026-04-17T16:59:12,shipped,web
o003886,c00980,SKU0029,2,1982,USD,2026-03-17T02:29:23,completed,mobile
o003887,c00262,SKU0106,1,4932,USD,2026-05-06T02:42:48,completed,web
o003888,c00148,SKU0428,1,1493,USD,2026-05-01T11:50:37,completed,web
o003889,c00554,SKU0324,2,1192,USD,2026-03-17T16:50:46,completed,api
o003890,c00644,SKU0177,2,16332,USD,2026-01-25T03:24:22,refunded,web
o003891,c00854,SKU0319,1,2261,USD,2025-12-16T11:59:51,refunded,web
o003892,c00736,SKU0258,1,1366,USD,2026-04-30T03:11:37,shipped,web
o003893,c00463,SKU0206,3,2718,USD,2026-04-11T07:10:43,completed,mobile
o003894,c00557,SKU0393,1,1733,USD,2026-04-12T22:21:49,refunded,web
o003895,c00857,SKU0241,2,1540,USD,2026-05-07T03:21:23,refunded,web
o003896,c00960,SKU0033,2,1962,USD,2026-03-18T02:47:43,completed,web
o003897,c00256,SKU0469,1,1863,USD,2026-01-11T18:11:52,completed,web
o003898,c00047,SKU0286,3,7641,USD,2026-01-12T08:02:19,refunded,web
o003899,c00450,SKU0348,3,9906,USD,2026-05-01T14:35:25,completed,web
o003900,c00982,SKU0395,1,2169,USD,2026-04-25T08:47:07,completed,web
o003901,c00857,SKU0024,2,3168,USD,2026-04-06T04:10:07,completed,web
o003902,c00085,SKU0136,1,704,USD,2026-03-06T12:33:53,refunded,web
o003903,c00073,SKU0483,1,686,USD,2026-03-20T02:21:36,completed,mobile
o003904,c00647,SKU0085,1,729,USD,2026-01-18T23:29:45,completed,web
o003905,c00647,SKU0169,3,4047,USD,2026-03-14T00:36:58,completed,web
o003906,c00543,SKU0088,1,1407,USD,2026-04-10T02:47:43,completed,mobile
o003907,c00858,SKU0445,1,2862,USD,2026-04-08T06:18:52,completed,web
o003908,c00866,SKU0482,1,1037,USD,2026-04-16T03:18:12,cancelled,web
o003909,c00868,SKU0204,2,14496,USD,2026-04-29T10:18:06,completed,web
o003910,c00061,SKU0267,1,2338,USD,2026-04-07T19:58:41,completed,mobile
o003911,c00030,SKU0318,4,11236,USD,2026-04-07T20:44:00,completed,web
o003912,c00437,SKU0124,1,2458,USD,2026-04-22T13:44:53,completed,mobile
o003913,c00060,SKU0288,2,942,USD,2026-04-03T14:32:15,completed,mobile
o003914,c00148,SKU0479,1,3608,USD,2026-04-21T10:06:52,shipped,mobile
o003915,c00142,SKU0211,2,2104,USD,2026-04-02T06:54:16,refunded,mobile
o003916,c00014,SKU0094,1,956,USD,2026-03-08T01:17:51,completed,web
o003917,c00554,SKU0277,1,1657,USD,2026-03-24T07:27:31,completed,marketplace
o003918,c00950,SKU0323,2,1462,USD,2025-12-28T05:08:31,cancelled,marketplace
o003919,c00555,SKU0321,2,2106,USD,2026-03-03T16:44:44,completed,web
o003920,c00839,SKU0027,1,926,USD,2026-03-25T05:28:29,shipped,web
o003921,c00562,SKU0495,1,2050,USD,2026-01-28T19:47:29,shipped,mobile
o003922,c00649,SKU0132,2,6350,USD,2026-03-27T10:48:21,completed,web
o003923,c00024,SKU0235,1,245,USD,2026-05-02T15:46:19,completed,mobile
o003924,c00954,SKU0162,2,2552,USD,2026-03-24T12:12:50,completed,web
o003925,c00183,SKU0208,3,3777,USD,2026-02-19T18:14:29,cancelled,web
o003926,c00740,SKU0269,1,601,USD,2026-05-03T00:15:26,cancelled,web
o003927,c00479,SKU0386,2,3816,USD,2026-04-30T12:24:00,cancelled,marketplace
o003928,c00452,SKU0444,2,1716,USD,2026-03-26T16:42:01,completed,web
o003929,c00450,SKU0264,1,3443,USD,2026-03-05T22:03:35,completed,marketplace
o003930,c00862,SKU0003,1,581,USD,2026-03-12T17:44:54,completed,web
o003931,c00943,SKU0379,3,5844,USD,2026-01-07T23:10:07,refunded,mobile
o003932,c00058,SKU0021,1,731,USD,2026-01-30T02:33:54,shipped,web
o003933,c00045,SKU0201,2,1334,USD,2026-02-12T04:36:57,cancelled,mobile
o003934,c00616,SKU0357,1,625,USD,2026-03-10T00:16:29,shipped,api
o003935,c00528,SKU0031,2,2662,USD,2025-12-13T16:16:26,completed,mobile
o003936,c00824,SKU0030,1,2323,USD,2026-02-08T02:21:40,shipped,web
o003937,c00177,SKU0046,1,838,USD,2026-03-21T04:20:10,cancelled,marketplace
o003938,c00640,SKU0076,1,1047,USD,2026-01-29T11:43:35,cancelled,mobile
o003939,c00938,SKU0280,3,3606,USD,2026-03-03T01:03:31,completed,web
o003940,c00146,SKU0458,2,2314,USD,2026-03-13T05:40:53,completed,marketplace
o003941,c00154,SKU0484,4,6628,USD,2026-01-07T10:28:36,completed,web
o003942,c00036,SKU0383,2,3068,USD,2026-03-08T23:25:15,cancelled,marketplace
o003943,c00851,SKU0098,1,657,USD,2026-03-21T08:59:10,shipped,web
o003944,c00323,SKU0128,3,8379,USD,2026-01-20T03:06:39,completed,web
o003945,c00630,SKU0163,1,727,USD,2026-03-18T09:50:41,shipped,api
o003946,c00552,SKU0365,1,4993,USD,2026-02-09T16:37:12,completed,web
o003947,c00442,SKU0424,3,8400,USD,2025-12-17T13:49:07,shipped,marketplace
o003948,c00803,SKU0299,3,6270,USD,2026-03-28T05:45:54,completed,web
o003949,c00163,SKU0204,1,7248,USD,2026-02-26T22:34:38,cancelled,web
o003950,c00282,SKU0246,2,4576,USD,2026-03-30T00:07:06,completed,web
o003951,c00637,SKU0187,1,846,USD,2026-02-20T22:22:57,completed,marketplace
o003952,c00561,SKU0226,2,3046,USD,2026-01-05T00:50:06,completed,mobile
o003953,c00531,SKU0268,1,1657,USD,2026-02-24T16:33:02,completed,web
o003954,c00724,SKU0062,1,3654,USD,2026-03-12T00:25:05,completed,mobile
o003955,c00947,SKU0394,1,967,USD,2026-03-07T07:08:44,completed,web
o003956,c00337,SKU0171,5,5750,USD,2026-03-27T12:50:01,shipped,web
o003957,c00469,SKU0115,1,2916,USD,2026-04-15T17:34:43,completed,web
o003958,c00833,SKU0286,1,2547,USD,2026-04-12T16:11:24,completed,web
o003959,c00730,SKU0429,2,856,USD,2026-04-08T04:49:08,refunded,web
o003960,c00731,SKU0199,5,5765,USD,2026-04-25T04:36:43,completed,mobile
o003961,c00821,SKU0057,1,518,USD,2025-12-31T17:57:52,refunded,mobile
o003962,c00137,SKU0212,1,1375,USD,2026-02-16T16:20:45,completed,web
o003963,c00231,SKU0196,3,3720,USD,2026-03-21T22:55:19,shipped,mobile
o003964,c00051,SKU0347,5,5870,USD,2026-04-29T03:01:44,completed,web
o003965,c00674,SKU0409,2,6614,USD,2026-02-24T06:37:31,refunded,web
o003966,c00733,SKU0298,1,877,USD,2026-01-18T22:21:49,completed,web
o003967,c00437,SKU0421,1,558,USD,2026-01-22T09:46:38,shipped,web
o003968,c00162,SKU0218,1,401,USD,2026-04-10T06:52:52,shipped,web
o003969,c00853,SKU0066,2,5250,USD,2026-04-03T11:21:04,completed,web
o003970,c00656,SKU0016,3,2103,USD,2025-12-06T19:35:31,cancelled,mobile
o003971,c00462,SKU0104,1,1762,USD,2026-04-14T07:42:55,cancelled,api
o003972,c00477,SKU0029,3,2973,USD,2026-04-03T15:20:28,cancelled,web
o003973,c00754,SKU0050,3,15195,USD,2026-04-07T14:27:32,completed,mobile
o003974,c00555,SKU0459,1,2078,USD,2026-04-05T04:10:47,completed,mobile
o003975,c00038,SKU0420,1,660,USD,2026-04-08T19:10:28,cancelled,mobile
o003976,c00041,SKU0202,1,700,USD,2026-02-22T20:08:48,refunded,web
o003977,c00145,SKU0498,1,2150,USD,2025-12-07T05:02:34,completed,web
o003978,c00051,SKU0074,3,2037,USD,2026-04-10T01:58:30,cancelled,web
o003979,c00251,SKU0197,3,4371,USD,2026-03-02T20:48:17,shipped,marketplace
o003980,c00867,SKU0455,1,426,USD,2026-02-14T13:16:10,cancelled,mobile
o003981,c00343,SKU0458,3,3471,USD,2026-02-18T02:42:42,completed,web
o003982,c00840,SKU0430,1,6918,USD,2026-04-01T08:29:18,completed,mobile
o003983,c00166,SKU0302,2,3254,USD,2026-01-31T13:46:37,completed,mobile
o003984,c00960,SKU0338,3,10488,USD,2026-02-13T14:52:57,completed,web
o003985,c00245,SKU0364,4,3420,USD,2026-03-18T01:08:36,completed,web
o003986,c00865,SKU0020,1,6142,USD,2026-02-22T21:40:50,cancelled,web
o003987,c00741,SKU0137,1,1772,USD,2026-02-17T14:22:14,completed,web
o003988,c00052,SKU0306,5,8815,USD,2026-01-15T12:50:25,completed,web
o003989,c00936,SKU0284,2,3822,USD,2026-01-19T18:13:02,cancelled,web
o003990,c00343,SKU0476,4,6204,USD,2026-03-01T02:25:06,completed,web
o003991,c00350,SKU0094,1,956,USD,2025-12-26T08:14:38,completed,marketplace
o003992,c00525,SKU0185,1,2209,USD,2026-02-15T16:22:10,cancelled,web
o003993,c00246,SKU0101,2,3632,USD,2026-01-26T00:26:41,completed,web
o003994,c00339,SKU0477,3,2622,USD,2026-04-06T04:03:08,refunded,marketplace
o003995,c00848,SKU0124,1,2458,USD,2026-01-28T16:24:01,shipped,mobile
o003996,c00534,SKU0220,3,3072,USD,2026-03-20T18:01:59,cancelled,web
o003997,c00252,SKU0431,2,2466,USD,2026-03-08T02:12:04,completed,api
o003998,c00753,SKU0135,1,2574,USD,2026-04-06T02:18:15,shipped,mobile
o003999,c00744,SKU0406,3,5820,USD,2026-03-27T07:49:34,completed,web
o004000,c00747,SKU0448,1,535,USD,2026-04-24T19:27:39,completed,web
o004001,c00681,SKU0253,1,1021,USD,2026-04-18T02:01:49,completed,mobile
o004002,c00538,SKU0028,1,1141,USD,2026-03-22T10:44:19,shipped,mobile
o004003,c00939,SKU0476,4,6204,USD,2026-04-18T19:59:01,completed,marketplace
o004004,c00360,SKU0201,1,667,USD,2026-02-19T00:45:29,cancelled,mobile
o004005,c00554,SKU0123,1,3451,USD,2026-03-02T16:39:23,completed,web
o004006,c00036,SKU0387,1,671,USD,2026-04-06T04:57:40,completed,web
o004007,c00948,SKU0416,1,456,USD,2026-04-10T01:32:10,completed,web
o004008,c00159,SKU0442,2,3534,USD,2026-02-20T17:05:18,completed,mobile
o004009,c00345,SKU0279,1,591,USD,2026-04-18T19:01:30,cancelled,web
o004010,c00026,SKU0410,2,2834,USD,2026-04-02T14:20:33,completed,web
o004011,c00858,SKU0453,2,4394,USD,2026-02-14T15:53:39,completed,web
o004012,c00384,SKU0199,1,1153,USD,2026-04-26T18:31:34,completed,mobile
o004013,c00658,SKU0201,2,1334,USD,2025-12-15T06:16:38,refunded,web
o004014,c00780,SKU0414,1,3365,USD,2026-03-06T08:05:16,completed,mobile
o004015,c00860,SKU0273,1,1382,USD,2026-04-19T06:12:17,refunded,marketplace
o004016,c00858,SKU0094,1,956,USD,2026-02-06T19:28:45,completed,mobile
o004017,c00127,SKU0217,1,2530,USD,2026-05-11T15:50:47,cancelled,web
o004018,c00874,SKU0483,2,1372,USD,2026-02-13T08:41:57,refunded,web
o004019,c00452,SKU0354,5,13370,USD,2026-04-20T07:45:39,shipped,web
o004020,c00849,SKU0275,1,1309,USD,2026-05-09T07:08:51,completed,mobile
o004021,c00087,SKU0211,2,2104,USD,2026-03-12T01:26:24,completed,mobile
o004022,c00250,SKU0340,1,3462,USD,2025-12-26T14:27:54,completed,web
o004023,c00344,SKU0370,1,1026,USD,2026-02-27T04:29:53,shipped,mobile
o004024,c00447,SKU0111,1,2592,USD,2026-03-23T15:26:44,completed,web
o004025,c00147,SKU0225,1,1553,USD,2026-02-04T05:38:51,completed,web
o004026,c00544,SKU0294,2,4356,USD,2026-04-19T07:57:20,cancelled,web
o004027,c00267,SKU0031,1,1331,USD,2026-04-11T09:57:36,cancelled,api
o004028,c00475,SKU0472,4,2248,USD,2026-03-14T01:49:06,refunded,mobile
o004029,c00839,SKU0194,1,1743,USD,2026-03-21T08:49:47,completed,web
o004030,c00935,SKU0039,2,6624,USD,2026-04-04T02:21:57,completed,marketplace
o004031,c00097,SKU0240,5,8725,USD,2026-02-28T03:18:15,shipped,web
o004032,c00139,SKU0068,1,782,USD,2026-03-12T16:51:17,refunded,mobile
o004033,c00959,SKU0461,4,12456,USD,2026-03-24T01:56:01,refunded,mobile
o004034,c00870,SKU0390,1,1831,USD,2026-04-23T15:56:51,completed,web
o004035,c00075,SKU0175,2,2804,USD,2026-03-04T02:46:16,shipped,web
o004036,c00649,SKU0179,1,5543,USD,2025-12-25T22:22:02,completed,web
o004037,c00867,SKU0059,1,1210,USD,2026-02-18T07:59:25,cancelled,web
o004038,c00524,SKU0434,1,1467,USD,2026-04-04T18:05:44,completed,web
o004039,c00483,SKU0463,1,2100,USD,2026-04-21T01:09:19,completed,web
o004040,c00428,SKU0374,2,2700,USD,2026-03-30T11:21:42,refunded,mobile
o004041,c00061,SKU0213,1,2828,USD,2026-03-01T07:36:45,completed,api
o004042,c00046,SKU0016,2,1402,USD,2025-12-25T03:26:47,completed,mobile
o004043,c00763,SKU0291,3,4683,USD,2026-03-09T20:39:40,completed,mobile
o004044,c00654,SKU0297,1,1196,USD,2026-02-21T09:58:45,shipped,mobile
o004045,c00554,SKU0030,2,4646,USD,2026-04-30T03:53:47,shipped,mobile
o004046,c00553,SKU0102,1,2017,USD,2026-05-05T23:07:53,shipped,marketplace
o004047,c00033,SKU0150,1,735,USD,2026-04-05T22:12:04,completed,web
o004048,c00580,SKU0052,1,2897,USD,2026-03-18T04:50:10,completed,web
o004049,c00655,SKU0282,3,3441,USD,2026-05-04T05:06:55,completed,web
o004050,c00747,SKU0436,2,13190,USD,2026-04-04T19:14:19,cancelled,mobile
o004051,c00645,SKU0424,1,2800,USD,2026-03-21T02:27:13,cancelled,mobile
o004052,c00357,SKU0280,4,4808,USD,2026-05-07T22:45:56,completed,web
o004053,c00032,SKU0253,2,2042,USD,2026-04-17T20:30:55,completed,web
o004054,c00651,SKU0006,3,3519,USD,2026-03-07T16:57:25,shipped,web
o004055,c00244,SKU0440,1,2439,USD,2026-01-09T12:18:09,completed,web
o004056,c00943,SKU0422,1,1034,USD,2026-03-23T03:09:01,cancelled,web
o004057,c00232,SKU0272,1,1569,USD,2026-01-11T12:05:30,cancelled,mobile
o004058,c00518,SKU0178,1,2459,USD,2026-02-25T20:21:46,completed,mobile
o004059,c00955,SKU0384,1,2176,USD,2026-03-19T06:31:34,cancelled,mobile
o004060,c00548,SKU0438,1,1785,USD,2026-04-06T02:45:04,cancelled,mobile
o004061,c00553,SKU0192,1,1482,USD,2026-02-27T13:32:52,completed,mobile
o004062,c00933,SKU0135,2,5148,USD,2026-03-27T18:39:08,completed,api
o004063,c00168,SKU0034,1,1736,USD,2026-01-21T06:38:57,cancelled,web
o004064,c00958,SKU0132,1,3175,USD,2026-01-22T07:15:40,completed,mobile
o004065,c00033,SKU0065,5,4745,USD,2026-02-14T21:42:51,completed,mobile
o004066,c00652,SKU0273,3,4146,USD,2026-02-25T21:22:09,refunded,web
o004067,c00022,SKU0359,1,2743,USD,2025-12-17T13:40:25,cancelled,web
o004068,c00253,SKU0091,2,2632,USD,2026-04-11T21:48:58,refunded,mobile
o004069,c00681,SKU0204,1,7248,USD,2026-04-08T14:15:56,completed,web
o004070,c00275,SKU0115,1,2916,USD,2026-02-20T06:40:44,completed,mobile
o004071,c00629,SKU0260,1,1278,USD,2025-12-22T04:39:43,refunded,web
o004072,c00859,SKU0144,1,471,USD,2026-01-13T18:49:46,refunded,web
o004073,c00250,SKU0353,1,1723,USD,2026-04-21T13:07:14,cancelled,web
o004074,c00839,SKU0402,2,5708,USD,2026-01-09T01:15:14,cancelled,web
o004075,c00478,SKU0359,2,5486,USD,2026-01-13T13:43:55,shipped,web
o004076,c00281,SKU0186,5,13625,USD,2026-01-14T09:15:27,refunded,web
o004077,c00629,SKU0288,3,1413,USD,2026-03-27T02:22:23,completed,mobile
o004078,c00168,SKU0465,2,4886,USD,2026-04-23T04:58:32,refunded,web
o004079,c00598,SKU0364,1,855,USD,2026-04-28T07:33:01,cancelled,marketplace
o004080,c00235,SKU0215,5,11480,USD,2026-03-05T17:11:12,cancelled,mobile
o004081,c00253,SKU0409,1,3307,USD,2026-03-15T06:54:30,shipped,mobile
o004082,c00689,SKU0436,4,26380,USD,2026-03-25T15:48:40,cancelled,marketplace
o004083,c00474,SKU0051,1,380,USD,2026-02-04T22:31:05,completed,mobile
o004084,c00984,SKU0183,1,1086,USD,2025-12-24T09:39:43,completed,mobile
o004085,c00777,SKU0411,5,22110,USD,2026-01-29T16:15:09,cancelled,mobile
o004086,c00544,SKU0288,1,471,USD,2026-02-25T11:18:31,completed,web
o004087,c00839,SKU0446,1,2851,USD,2026-02-12T17:51:51,refunded,web
o004088,c00666,SKU0063,2,3678,USD,2025-11-29T17:38:08,cancelled,mobile
o004089,c00374,SKU0353,1,1723,USD,2026-05-01T09:04:26,cancelled,mobile
o004090,c00758,SKU0037,1,1890,USD,2026-02-15T16:48:20,completed,web
o004091,c00827,SKU0038,1,564,USD,2026-03-30T15:33:23,completed,mobile
o004092,c00952,SKU0493,2,1646,USD,2026-04-08T06:54:56,completed,web
o004093,c00225,SKU0499,1,1836,USD,2026-04-11T20:54:44,completed,web
o004094,c00153,SKU0263,1,1223,USD,2026-03-29T10:39:21,completed,mobile
o004095,c00165,SKU0437,1,458,USD,2026-02-16T11:39:41,cancelled,mobile
o004096,c00646,SKU0183,1,1086,USD,2026-03-06T17:00:34,completed,web
o004097,c00873,SKU0453,3,6591,USD,2026-04-21T12:10:05,completed,web
o004098,c00645,SKU0302,1,1627,USD,2026-04-02T05:17:21,completed,mobile
o004099,c00027,SKU0451,1,2349,USD,2026-03-16T03:23:12,refunded,web
o004100,c00055,SKU0369,3,10758,USD,2025-12-26T04:45:59,refunded,web
o004101,c00171,SKU0341,4,5512,USD,2026-02-22T11:59:11,completed,marketplace
o004102,c00673,SKU0499,1,1836,USD,2026-04-18T09:48:14,completed,web
o004103,c00870,SKU0364,2,1710,USD,2026-04-04T09:19:40,refunded,mobile
o004104,c00035,SKU0313,3,9036,USD,2026-03-26T00:43:05,refunded,web
o004105,c00059,SKU0419,1,1304,USD,2026-01-25T23:11:57,completed,web
o004106,c00040,SKU0226,2,3046,USD,2026-02-12T18:35:10,completed,mobile
o004107,c00661,SKU0086,1,1247,USD,2026-02-25T20:27:10,completed,web
o004108,c00977,SKU0459,2,4156,USD,2026-04-26T04:19:08,completed,mobile
o004109,c00157,SKU0231,1,4542,USD,2026-04-15T11:52:35,completed,web
o004110,c00022,SKU0236,1,1853,USD,2026-04-05T14:41:30,cancelled,api
o004111,c00843,SKU0075,1,970,USD,2026-03-27T07:11:20,completed,web
o004112,c00758,SKU0115,1,2916,USD,2026-05-01T04:53:11,completed,web
o004113,c00754,SKU0369,3,10758,USD,2026-02-23T07:26:25,completed,mobile
o004114,c00640,SKU0052,5,14485,USD,2026-02-19T07:56:39,completed,web
o004115,c00457,SKU0310,1,2775,USD,2026-05-10T03:01:01,completed,api
o004116,c00966,SKU0037,1,1890,USD,2026-04-23T23:38:06,completed,web
o004117,c00737,SKU0007,5,3095,USD,2026-04-01T20:45:14,completed,web
o004118,c00360,SKU0219,2,5140,USD,2026-01-25T00:21:26,completed,web
o004119,c00175,SKU0122,1,531,USD,2026-02-11T04:51:44,completed,web
o004120,c00250,SKU0043,1,2980,USD,2026-03-24T07:56:01,completed,web
o004121,c00886,SKU0437,4,1832,USD,2026-02-28T06:09:24,cancelled,web
o004122,c00868,SKU0235,1,245,USD,2026-04-28T08:29:29,completed,web
o004123,c00557,SKU0005,2,4212,USD,2026-04-22T19:13:43,completed,web
o004124,c00345,SKU0431,4,4932,USD,2026-01-14T01:14:16,completed,web
o004125,c00740,SKU0066,3,7875,USD,2026-03-19T15:31:54,completed,web
o004126,c00926,SKU0081,1,2195,USD,2026-04-08T04:05:46,completed,mobile
o004127,c00258,SKU0296,4,6024,USD,2025-12-01T18:54:33,shipped,web
o004128,c00652,SKU0451,1,2349,USD,2026-01-26T12:25:41,completed,web
o004129,c00787,SKU0092,3,2772,USD,2026-02-26T21:03:21,completed,api
o004130,c00843,SKU0235,1,245,USD,2026-03-25T19:41:54,shipped,web
o004131,c00356,SKU0424,1,2800,USD,2026-04-30T12:00:08,cancelled,web
o004132,c00064,SKU0390,1,1831,USD,2026-03-08T14:26:52,cancelled,web
o004133,c00785,SKU0237,1,2864,USD,2026-02-06T05:38:51,completed,web
o004134,c00365,SKU0240,1,1745,USD,2026-03-06T01:46:23,refunded,mobile
o004135,c00184,SKU0346,5,2865,USD,2026-03-09T18:07:59,completed,web
o004136,c00749,SKU0302,1,1627,USD,2026-04-29T18:43:32,shipped,web
o004137,c00537,SKU0295,3,4518,USD,2026-03-05T11:03:35,completed,web
o004138,c00099,SKU0407,3,6027,USD,2026-05-07T20:40:34,completed,web
o004139,c00739,SKU0159,1,1000,USD,2026-03-18T15:49:00,cancelled,web
o004140,c00354,SKU0181,1,895,USD,2026-02-04T15:17:25,cancelled,web
o004141,c00857,SKU0100,1,1431,USD,2026-03-21T17:34:20,completed,web
o004142,c00551,SKU0358,1,4889,USD,2026-04-04T19:35:46,completed,mobile
o004143,c00556,SKU0209,1,2692,USD,2026-03-17T02:18:00,completed,web
o004144,c00644,SKU0233,1,2573,USD,2026-04-10T18:54:47,completed,web
o004145,c00448,SKU0267,2,4676,USD,2026-05-03T02:49:52,completed,mobile
o004146,c00577,SKU0256,1,1479,USD,2026-01-27T16:18:21,cancelled,web
o004147,c00563,SKU0312,4,5268,USD,2026-04-25T09:18:47,completed,web
o004148,c00977,SKU0429,1,428,USD,2026-03-28T19:20:07,refunded,web
o004149,c00158,SKU0030,1,2323,USD,2026-04-18T01:45:11,completed,web
o004150,c00875,SKU0296,1,1506,USD,2026-04-13T18:05:27,completed,mobile
o004151,c00653,SKU0251,1,2725,USD,2026-02-14T01:48:40,cancelled,marketplace
o004152,c00362,SKU0018,3,5811,USD,2026-01-27T08:01:08,completed,marketplace
o004153,c00366,SKU0471,1,796,USD,2026-04-29T18:28:19,shipped,web
o004154,c00265,SKU0445,2,5724,USD,2026-04-20T12:57:46,shipped,web
o004155,c00742,SKU0047,1,1735,USD,2026-03-12T22:02:44,cancelled,mobile
o004156,c00150,SKU0028,2,2282,USD,2026-02-25T23:50:11,completed,web
o004157,c00348,SKU0030,2,4646,USD,2026-03-19T22:59:03,cancelled,web
o004158,c00883,SKU0050,1,5065,USD,2026-03-20T19:19:10,cancelled,web
o004159,c00341,SKU0425,1,3532,USD,2026-01-28T12:23:56,refunded,web
o004160,c00554,SKU0416,1,456,USD,2026-04-29T15:53:58,cancelled,web
o004161,c00137,SKU0467,2,2922,USD,2026-03-25T19:23:30,cancelled,web
o004162,c00451,SKU0296,3,4518,USD,2026-04-22T19:17:45,shipped,web
o004163,c00816,SKU0013,1,4784,USD,2026-04-13T02:46:28,shipped,marketplace
o004164,c00054,SKU0053,4,7216,USD,2026-02-01T03:13:59,shipped,web
o004165,c00652,SKU0405,1,1089,USD,2026-01-19T14:31:18,refunded,mobile
o004166,c00842,SKU0170,1,1911,USD,2026-04-28T07:19:52,refunded,mobile
o004167,c00162,SKU0374,1,1350,USD,2026-04-01T05:29:36,completed,web
o004168,c00142,SKU0285,1,1369,USD,2026-04-03T14:40:22,refunded,web
o004169,c00341,SKU0365,1,4993,USD,2025-12-18T02:08:52,completed,web
o004170,c00439,SKU0216,1,2606,USD,2026-02-26T10:28:47,shipped,web
o004171,c00452,SKU0416,1,456,USD,2026-02-01T02:03:03,completed,web
o004172,c00159,SKU0142,1,1177,USD,2026-04-03T10:37:43,completed,web
o004173,c00452,SKU0047,1,1735,USD,2025-12-20T07:35:38,completed,web
o004174,c00469,SKU0484,1,1657,USD,2026-04-11T02:06:35,completed,web
o004175,c00861,SKU0165,5,2120,USD,2026-04-16T02:59:00,completed,web
o004176,c00347,SKU0094,1,956,USD,2026-03-16T06:06:31,shipped,mobile
o004177,c00374,SKU0247,1,1622,USD,2026-01-23T12:40:30,refunded,marketplace
o004178,c00231,SKU0373,1,782,USD,2026-04-01T05:45:11,shipped,mobile
o004179,c00410,SKU0119,5,8170,USD,2026-04-07T21:57:03,completed,mobile
o004180,c00045,SKU0294,3,6534,USD,2025-12-22T13:00:05,completed,mobile
o004181,c00161,SKU0269,1,601,USD,2026-03-01T09:06:06,completed,mobile
o004182,c00627,SKU0290,1,1927,USD,2026-02-13T10:27:26,completed,web
o004183,c00643,SKU0005,2,4212,USD,2026-04-24T23:25:45,completed,mobile
o004184,c00342,SKU0020,1,6142,USD,2026-03-02T18:14:15,refunded,marketplace
o004185,c00462,SKU0080,2,5344,USD,2026-01-26T07:11:18,cancelled,marketplace
o004186,c00379,SKU0390,1,1831,USD,2026-03-31T15:33:12,completed,web
o004187,c00647,SKU0117,5,9510,USD,2026-04-20T17:54:18,completed,mobile
o004188,c00553,SKU0149,1,346,USD,2026-03-22T18:16:29,completed,web
o004189,c00329,SKU0043,5,14900,USD,2026-04-29T22:08:00,refunded,web
o004190,c00347,SKU0437,4,1832,USD,2026-01-31T01:28:34,completed,web
o004191,c00749,SKU0081,1,2195,USD,2025-12-17T02:58:05,completed,web
o004192,c00459,SKU0379,1,1948,USD,2026-01-02T06:55:52,shipped,web
o004193,c00346,SKU0068,3,2346,USD,2026-03-04T19:51:55,shipped,web
o004194,c00532,SKU0037,1,1890,USD,2025-12-19T02:42:00,refunded,web
o004195,c00746,SKU0464,2,3964,USD,2026-01-17T07:30:02,completed,web
o004196,c00740,SKU0092,1,924,USD,2026-02-23T06:47:47,cancelled,mobile
o004197,c00145,SKU0003,4,2324,USD,2025-12-31T00:10:55,shipped,mobile
o004198,c00342,SKU0106,2,9864,USD,2026-02-09T13:29:54,shipped,web
o004199,c00528,SKU0246,2,4576,USD,2025-12-31T06:06:16,cancelled,web
o004200,c00054,SKU0068,2,1564,USD,2026-02-03T20:18:05,shipped,web
o004201,c00345,SKU0069,1,3981,USD,2026-04-30T10:46:31,shipped,mobile
o004202,c00079,SKU0392,3,5520,USD,2026-02-03T21:31:53,cancelled,mobile
o004203,c00950,SKU0452,2,5092,USD,2026-04-11T10:08:49,cancelled,web
o004204,c00933,SKU0027,1,926,USD,2026-02-23T17:58:16,completed,web
o004205,c00376,SKU0038,3,1692,USD,2026-05-06T05:48:56,cancelled,mobile
o004206,c00649,SKU0028,2,2282,USD,2026-05-03T15:58:29,shipped,web
o004207,c00578,SKU0285,2,2738,USD,2026-03-02T08:22:04,completed,web
o004208,c00888,SKU0017,2,2920,USD,2026-03-02T12:53:24,completed,web
o004209,c00871,SKU0026,3,4884,USD,2026-03-31T11:42:42,cancelled,web
o004210,c00164,SKU0379,3,5844,USD,2026-01-29T10:38:20,cancelled,web
o004211,c00155,SKU0418,1,593,USD,2026-04-16T03:23:35,completed,web
o004212,c00736,SKU0417,1,1442,USD,2026-01-09T01:05:11,refunded,web
o004213,c00746,SKU0444,1,858,USD,2026-02-09T10:37:51,refunded,web
o004214,c00626,SKU0052,1,2897,USD,2026-02-27T01:23:24,completed,web
o004215,c00351,SKU0492,5,5040,USD,2026-01-27T21:49:50,cancelled,api
o004216,c00443,SKU0370,2,2052,USD,2026-03-24T22:01:37,refunded,mobile
o004217,c00047,SKU0472,1,562,USD,2026-04-11T07:24:36,completed,marketplace
o004218,c00153,SKU0398,1,3476,USD,2026-01-09T12:16:39,completed,web
o004219,c00341,SKU0101,1,1816,USD,2026-01-29T09:19:24,shipped,web
o004220,c00143,SKU0138,1,1820,USD,2026-01-08T01:08:05,completed,marketplace
o004221,c00059,SKU0175,1,1402,USD,2026-04-04T01:39:00,cancelled,mobile
o004222,c00645,SKU0373,3,2346,USD,2026-04-27T01:55:07,refunded,web
o004223,c00455,SKU0296,3,4518,USD,2026-01-29T01:26:46,completed,web
o004224,c00687,SKU0251,1,2725,USD,2026-02-23T14:37:26,completed,web
o004225,c00945,SKU0153,2,5004,USD,2026-03-24T03:34:20,refunded,mobile
o004226,c00165,SKU0298,1,877,USD,2026-02-19T05:29:19,completed,mobile
o004227,c00945,SKU0020,3,18426,USD,2026-04-08T13:46:00,shipped,web
o004228,c00180,SKU0452,1,2546,USD,2026-01-10T01:06:06,completed,web
o004229,c00460,SKU0188,1,1669,USD,2026-02-12T22:38:04,completed,mobile
o004230,c00430,SKU0398,3,10428,USD,2026-02-16T10:12:38,refunded,web
o004231,c00252,SKU0126,2,6528,USD,2025-12-12T19:26:42,completed,web
o004232,c00344,SKU0468,1,738,USD,2025-12-05T05:49:40,cancelled,mobile
o004233,c00554,SKU0354,2,5348,USD,2026-04-24T16:38:19,completed,web
o004234,c00968,SKU0402,1,2854,USD,2026-02-18T16:26:59,cancelled,marketplace
o004235,c00461,SKU0426,1,868,USD,2026-02-23T05:59:33,completed,web
o004236,c00144,SKU0072,2,1998,USD,2026-03-08T09:15:55,completed,web
o004237,c00149,SKU0253,1,1021,USD,2026-03-19T15:55:26,completed,mobile
o004238,c00466,SKU0023,1,2615,USD,2026-04-14T01:30:50,completed,mobile
o004239,c00244,SKU0410,3,4251,USD,2026-05-12T15:58:28,completed,marketplace
o004240,c00558,SKU0259,1,1983,USD,2026-02-19T18:50:27,completed,web
o004241,c00044,SKU0039,5,16560,USD,2026-04-14T03:23:41,completed,mobile
o004242,c00333,SKU0193,1,1684,USD,2026-02-17T12:00:05,completed,marketplace
o004243,c00080,SKU0354,4,10696,USD,2026-04-06T16:52:14,shipped,marketplace
o004244,c00574,SKU0114,1,2959,USD,2026-03-10T21:04:18,completed,web
o004245,c00549,SKU0453,2,4394,USD,2026-02-09T05:05:50,cancelled,mobile
o004246,c00452,SKU0142,1,1177,USD,2026-03-23T09:21:10,completed,web
o004247,c00062,SKU0489,5,11790,USD,2026-03-01T17:25:22,completed,web
o004248,c00231,SKU0108,1,4019,USD,2026-04-04T23:15:32,completed,web
o004249,c00082,SKU0243,3,5682,USD,2026-04-10T23:50:23,completed,api
o004250,c00344,SKU0438,1,1785,USD,2026-04-03T16:20:46,shipped,marketplace
o004251,c00151,SKU0210,1,2346,USD,2026-04-06T23:17:20,completed,web
o004252,c00235,SKU0365,1,4993,USD,2026-04-03T09:09:14,refunded,marketplace
o004253,c00161,SKU0289,4,4116,USD,2026-02-02T14:39:00,completed,web
o004254,c00937,SKU0145,2,6902,USD,2026-04-16T00:25:08,cancelled,web
o004255,c00047,SKU0160,1,1091,USD,2026-03-16T08:27:31,cancelled,mobile
o004256,c00355,SKU0059,1,1210,USD,2026-04-09T15:36:54,refunded,web
o004257,c00135,SKU0328,1,1502,USD,2026-03-05T08:52:57,completed,mobile
o004258,c00838,SKU0360,1,2885,USD,2026-03-24T09:34:00,refunded,mobile
o004259,c00470,SKU0373,1,782,USD,2026-01-27T05:59:41,refunded,web
o004260,c00456,SKU0115,2,5832,USD,2026-01-24T10:40:33,completed,web
o004261,c00661,SKU0489,1,2358,USD,2026-03-19T01:13:59,refunded,mobile
o004262,c00740,SKU0005,2,4212,USD,2025-12-27T18:32:34,completed,web
o004263,c00428,SKU0496,1,4695,USD,2026-03-20T09:55:06,completed,web
o004264,c00480,SKU0493,1,823,USD,2026-01-12T14:55:42,completed,mobile
o004265,c00341,SKU0246,1,2288,USD,2026-04-04T00:26:40,completed,web
o004266,c00615,SKU0438,1,1785,USD,2025-12-04T01:44:11,completed,marketplace
o004267,c00229,SKU0225,2,3106,USD,2026-05-05T14:07:50,shipped,web
o004268,c00645,SKU0397,2,6048,USD,2025-12-29T18:58:24,completed,mobile
o004269,c00848,SKU0446,2,5702,USD,2026-03-09T07:27:00,refunded,web
o004270,c00450,SKU0237,1,2864,USD,2026-01-24T18:47:24,completed,web
o004271,c00165,SKU0214,1,1905,USD,2026-02-21T08:16:26,cancelled,mobile
o004272,c00657,SKU0203,1,3618,USD,2026-03-12T17:15:05,refunded,mobile
o004273,c00426,SKU0445,1,2862,USD,2026-04-20T23:56:07,completed,mobile
o004274,c00539,SKU0263,2,2446,USD,2026-02-17T01:17:12,cancelled,web
o004275,c00697,SKU0492,2,2016,USD,2026-04-07T22:14:26,shipped,web
o004276,c00854,SKU0268,1,1657,USD,2026-03-12T22:10:12,completed,mobile
o004277,c00066,SKU0289,1,1029,USD,2026-02-11T09:37:52,refunded,mobile
o004278,c00145,SKU0114,1,2959,USD,2026-02-26T03:01:01,shipped,web
o004279,c00638,SKU0394,1,967,USD,2026-01-13T18:53:35,completed,mobile
o004280,c00685,SKU0449,1,1054,USD,2026-03-12T19:46:20,completed,web
o004281,c00970,SKU0112,1,1132,USD,2026-02-02T11:15:50,completed,web
o004282,c00554,SKU0307,2,2192,USD,2026-03-22T17:10:59,completed,mobile
o004283,c00149,SKU0282,1,1147,USD,2026-03-24T01:02:21,refunded,mobile
o004284,c00246,SKU0088,3,4221,USD,2026-04-21T20:56:55,shipped,api
o004285,c00763,SKU0077,1,2877,USD,2026-02-27T10:52:57,shipped,web
o004286,c00744,SKU0307,2,2192,USD,2026-02-18T03:49:14,completed,web
o004287,c00942,SKU0447,1,5159,USD,2026-04-16T19:37:08,completed,mobile
o004288,c00950,SKU0411,1,4422,USD,2026-03-11T20:47:42,refunded,web
o004289,c00551,SKU0415,1,1794,USD,2025-12-22T00:14:29,refunded,web
o004290,c00360,SKU0136,1,704,USD,2026-03-21T22:32:38,refunded,web
o004291,c00140,SKU0404,2,5096,USD,2026-03-26T16:34:47,cancelled,web
o004292,c00668,SKU0318,1,2809,USD,2026-04-02T14:24:46,completed,web
o004293,c00260,SKU0272,2,3138,USD,2026-03-11T00:13:38,refunded,mobile
o004294,c00127,SKU0278,1,2936,USD,2026-02-22T16:44:57,completed,mobile
o004295,c00165,SKU0448,1,535,USD,2026-04-05T14:23:10,shipped,web
o004296,c00898,SKU0388,1,2098,USD,2026-04-06T15:58:51,cancelled,web
o004297,c00047,SKU0329,1,3345,USD,2026-04-18T16:42:45,completed,web
o004298,c00385,SKU0010,4,4368,USD,2026-04-10T06:47:36,cancelled,web
o004299,c00846,SKU0408,1,695,USD,2026-02-17T01:44:06,completed,marketplace
o004300,c00554,SKU0139,2,1930,USD,2026-04-14T07:04:54,refunded,marketplace
o004301,c00127,SKU0067,1,2579,USD,2026-02-04T23:40:49,completed,web
o004302,c00365,SKU0139,1,965,USD,2026-03-23T02:43:15,completed,web
o004303,c00763,SKU0272,1,1569,USD,2026-04-21T02:47:06,shipped,mobile
o004304,c00904,SKU0236,1,1853,USD,2025-12-26T11:19:42,completed,mobile
o004305,c00544,SKU0470,4,4268,USD,2026-04-14T04:06:24,refunded,web
o004306,c00259,SKU0092,2,1848,USD,2026-04-14T05:14:49,cancelled,web
o004307,c00835,SKU0184,1,1456,USD,2026-02-20T09:42:35,refunded,web
o004308,c00537,SKU0064,2,6146,USD,2026-02-01T18:35:31,refunded,mobile
o004309,c00559,SKU0423,1,3461,USD,2026-04-11T08:43:06,completed,web
o004310,c00553,SKU0495,5,10250,USD,2025-12-15T08:55:02,refunded,web
o004311,c00944,SKU0443,1,973,USD,2026-03-19T11:20:05,completed,web
o004312,c00682,SKU0493,1,823,USD,2026-04-06T17:55:49,completed,mobile
o004313,c00962,SKU0219,2,5140,USD,2026-03-16T18:45:11,completed,mobile
o004314,c00546,SKU0084,1,786,USD,2025-12-30T16:09:46,completed,web
o004315,c00657,SKU0477,1,874,USD,2026-04-16T17:18:19,completed,mobile
o004316,c00950,SKU0219,1,2570,USD,2026-04-21T06:42:12,completed,mobile
o004317,c00952,SKU0263,3,3669,USD,2025-11-26T06:51:06,completed,web
o004318,c00854,SKU0003,4,2324,USD,2026-01-21T05:32:40,cancelled,mobile
o004319,c00441,SKU0236,2,3706,USD,2026-01-06T18:04:25,completed,web
o004320,c00862,SKU0362,1,1740,USD,2026-02-22T02:25:14,cancelled,web
o004321,c00647,SKU0406,1,1940,USD,2026-03-12T15:25:01,completed,web
o004322,c00780,SKU0003,1,581,USD,2026-03-15T17:52:27,refunded,web
o004323,c00784,SKU0295,1,1506,USD,2026-01-16T06:15:41,refunded,web
o004324,c00851,SKU0343,2,4496,USD,2026-02-23T06:29:00,shipped,api
o004325,c00633,SKU0403,2,14562,USD,2026-01-12T03:52:32,cancelled,web
o004326,c00154,SKU0055,1,1225,USD,2026-05-08T18:35:07,completed,web
o004327,c00875,SKU0399,1,2588,USD,2026-02-22T10:43:43,completed,web
o004328,c00340,SKU0056,2,1540,USD,2026-03-22T17:48:49,shipped,web
o004329,c00079,SKU0344,2,5714,USD,2026-04-13T19:47:53,completed,web
o004330,c00267,SKU0165,1,424,USD,2026-03-18T23:43:46,completed,mobile
o004331,c00252,SKU0358,4,19556,USD,2026-04-21T18:49:56,completed,web
o004332,c00848,SKU0189,1,1538,USD,2026-04-16T05:56:01,completed,mobile
o004333,c00434,SKU0080,1,2672,USD,2026-03-25T12:00:15,completed,web
o004334,c00418,SKU0110,1,1834,USD,2026-04-29T08:59:23,refunded,mobile
o004335,c00249,SKU0476,1,1551,USD,2026-04-10T17:30:28,completed,web
o004336,c00567,SKU0205,1,1830,USD,2026-03-04T14:38:21,cancelled,web
o004337,c00258,SKU0380,1,2803,USD,2026-04-08T22:14:15,cancelled,marketplace
o004338,c00147,SKU0487,1,4417,USD,2026-04-17T23:47:59,completed,marketplace
o004339,c00360,SKU0246,1,2288,USD,2026-03-28T01:14:39,completed,mobile
o004340,c00849,SKU0067,1,2579,USD,2026-02-20T20:30:43,cancelled,web
o004341,c00949,SKU0336,2,1268,USD,2026-01-18T18:23:21,shipped,marketplace
o004342,c00811,SKU0121,1,969,USD,2026-04-27T11:50:49,completed,mobile
o004343,c00149,SKU0005,2,4212,USD,2025-12-22T17:14:59,completed,mobile
o004344,c00036,SKU0056,1,770,USD,2026-02-11T18:18:51,completed,web
o004345,c00346,SKU0057,1,518,USD,2026-05-04T14:15:07,shipped,web
o004346,c00445,SKU0046,2,1676,USD,2025-12-24T07:15:27,refunded,web
o004347,c00089,SKU0299,1,2090,USD,2026-03-27T05:04:11,cancelled,web
o004348,c00255,SKU0169,3,4047,USD,2026-02-17T13:55:20,cancelled,mobile
o004349,c00844,SKU0269,2,1202,USD,2026-01-11T12:30:52,completed,mobile
o004350,c00033,SKU0202,2,1400,USD,2026-04-04T06:03:17,shipped,web
o004351,c00281,SKU0345,3,7758,USD,2026-02-14T02:59:05,cancelled,web
o004352,c00258,SKU0419,5,6520,USD,2026-03-28T17:30:10,cancelled,mobile
o004353,c00546,SKU0485,2,5442,USD,2026-04-07T19:49:04,completed,web
o004354,c00128,SKU0229,5,6375,USD,2026-02-19T05:26:44,completed,web
o004355,c00033,SKU0214,3,5715,USD,2026-04-23T11:34:06,cancelled,web
o004356,c00456,SKU0412,3,4287,USD,2026-05-05T19:52:46,shipped,web
o004357,c00134,SKU0221,1,1253,USD,2026-03-12T12:35:26,completed,mobile
o004358,c00738,SKU0495,1,2050,USD,2026-04-26T12:03:11,completed,web
o004359,c00546,SKU0215,1,2296,USD,2026-03-23T15:16:31,completed,mobile
o004360,c00779,SKU0453,5,10985,USD,2026-02-04T03:22:35,completed,web
o004361,c00450,SKU0062,1,3654,USD,2026-01-14T07:36:10,completed,mobile
o004362,c00067,SKU0395,1,2169,USD,2026-04-24T13:08:27,refunded,web
o004363,c00137,SKU0158,1,902,USD,2026-03-06T11:29:07,completed,web
o004364,c00844,SKU0272,2,3138,USD,2026-01-08T11:04:30,cancelled,web
o004365,c00256,SKU0406,1,1940,USD,2026-05-05T12:48:16,completed,web
o004366,c00527,SKU0085,5,3645,USD,2026-04-11T04:10:33,completed,marketplace
o004367,c00618,SKU0417,5,7210,USD,2026-04-29T14:14:46,refunded,web
o004368,c00657,SKU0345,2,5172,USD,2026-02-18T20:58:13,shipped,mobile
o004369,c00155,SKU0419,3,3912,USD,2026-04-12T17:29:13,cancelled,mobile
o004370,c00355,SKU0305,1,1617,USD,2025-12-11T03:16:05,refunded,mobile
o004371,c00555,SKU0420,4,2640,USD,2026-02-14T13:16:12,shipped,web
o004372,c00066,SKU0065,1,949,USD,2026-01-13T03:28:26,shipped,web
o004373,c00043,SKU0130,2,5198,USD,2026-02-01T14:44:07,completed,web
o004374,c00060,SKU0053,2,3608,USD,2026-02-19T06:23:25,completed,marketplace
o004375,c00440,SKU0243,3,5682,USD,2026-01-24T21:33:53,shipped,web
o004376,c00762,SKU0194,1,1743,USD,2026-02-12T19:56:08,completed,web
o004377,c00753,SKU0066,1,2625,USD,2026-01-16T11:49:53,completed,web
o004378,c00328,SKU0370,1,1026,USD,2026-04-04T06:06:37,completed,web
o004379,c00254,SKU0490,1,1229,USD,2026-04-04T07:59:13,cancelled,web
o004380,c00768,SKU0121,1,969,USD,2026-02-24T04:34:08,cancelled,api
o004381,c00067,SKU0349,1,1056,USD,2025-12-28T22:16:30,cancelled,mobile
o004382,c00443,SKU0253,1,1021,USD,2026-01-04T18:24:49,completed,marketplace
o004383,c00049,SKU0096,1,711,USD,2026-03-21T12:18:05,cancelled,web
o004384,c00870,SKU0257,1,5564,USD,2026-03-18T06:12:59,cancelled,mobile
o004385,c00322,SKU0068,2,1564,USD,2026-03-09T02:59:24,cancelled,mobile
o004386,c00036,SKU0080,1,2672,USD,2026-03-10T08:28:50,refunded,web
o004387,c00539,SKU0029,2,1982,USD,2026-01-28T12:25:34,completed,web
o004388,c00954,SKU0398,4,13904,USD,2026-05-05T06:54:21,cancelled,web
o004389,c00517,SKU0140,1,2907,USD,2026-05-11T19:42:41,completed,web
o004390,c00681,SKU0303,1,913,USD,2026-03-26T07:52:28,completed,web
o004391,c00767,SKU0249,4,49044,USD,2026-04-13T07:49:58,completed,mobile
o004392,c00128,SKU0100,5,7155,USD,2026-03-16T07:42:56,completed,web
o004393,c00950,SKU0380,1,2803,USD,2026-01-20T23:46:02,completed,web
o004394,c00266,SKU0121,1,969,USD,2026-03-17T08:34:27,completed,web
o004395,c00959,SKU0309,1,2102,USD,2026-01-05T20:18:07,completed,web
o004396,c00023,SKU0390,4,7324,USD,2026-02-08T16:51:57,refunded,web
o004397,c00590,SKU0357,1,625,USD,2026-03-20T23:11:48,refunded,web
o004398,c00259,SKU0100,1,1431,USD,2026-03-20T23:19:42,shipped,web
o004399,c00954,SKU0422,2,2068,USD,2026-04-13T18:40:01,completed,mobile
o004400,c00451,SKU0293,1,3176,USD,2026-03-31T05:07:27,completed,web
o004401,c00673,SKU0356,1,842,USD,2026-04-06T16:14:52,completed,web
o004402,c00445,SKU0098,2,1314,USD,2026-02-09T16:04:40,cancelled,mobile
o004403,c00452,SKU0032,1,1223,USD,2026-04-15T05:36:16,completed,web
o004404,c00449,SKU0181,2,1790,USD,2026-03-02T09:53:35,refunded,web
o004405,c00551,SKU0031,1,1331,USD,2026-01-04T21:30:40,cancelled,mobile
o004406,c00054,SKU0293,2,6352,USD,2026-03-29T13:00:56,shipped,marketplace
o004407,c00044,SKU0356,1,842,USD,2026-04-27T13:46:04,completed,web
o004408,c00665,SKU0492,1,1008,USD,2026-02-15T19:11:51,cancelled,web
o004409,c00729,SKU0339,1,701,USD,2026-04-07T07:47:29,cancelled,api
o004410,c00840,SKU0476,4,6204,USD,2026-03-12T06:25:53,completed,web
o004411,c00961,SKU0040,5,3485,USD,2026-04-19T05:35:09,completed,mobile
o004412,c00164,SKU0030,2,4646,USD,2026-01-08T18:51:06,refunded,web
o004413,c00268,SKU0140,4,11628,USD,2026-01-01T09:27:35,cancelled,web
o004414,c00828,SKU0181,4,3580,USD,2026-01-19T15:59:12,shipped,web
o004415,c00041,SKU0314,1,4489,USD,2026-04-07T20:41:53,completed,mobile
o004416,c00527,SKU0202,1,700,USD,2026-05-03T02:25:10,completed,web
o004417,c00652,SKU0321,5,5265,USD,2026-05-03T23:39:26,completed,web
o004418,c00760,SKU0054,1,2172,USD,2026-01-22T12:45:14,cancelled,mobile
o004419,c00649,SKU0091,4,5264,USD,2026-02-22T22:10:00,completed,web
o004420,c00643,SKU0248,2,2356,USD,2025-12-31T19:55:42,completed,mobile
o004421,c00266,SKU0111,2,5184,USD,2026-02-26T09:19:40,refunded,web
o004422,c00444,SKU0037,5,9450,USD,2026-02-16T18:35:24,completed,web
o004423,c00539,SKU0091,1,1316,USD,2026-03-28T22:29:28,cancelled,web
o004424,c00030,SKU0037,2,3780,USD,2025-12-04T09:54:39,shipped,mobile
o004425,c00457,SKU0454,3,4716,USD,2026-05-02T01:29:48,completed,web
o004426,c00047,SKU0462,1,1224,USD,2026-02-20T23:04:40,completed,mobile
o004427,c00244,SKU0458,5,5785,USD,2026-04-08T02:25:38,completed,web
o004428,c00239,SKU0242,1,1211,USD,2026-01-23T17:39:46,completed,mobile
o004429,c00642,SKU0316,1,1284,USD,2026-01-05T11:19:07,completed,web
o004430,c00756,SKU0429,1,428,USD,2026-05-08T18:56:04,shipped,web
o004431,c00242,SKU0234,2,2998,USD,2026-04-05T16:04:53,completed,web
o004432,c00548,SKU0198,1,1230,USD,2026-01-09T02:28:17,cancelled,mobile
o004433,c00939,SKU0476,2,3102,USD,2026-04-14T07:56:54,cancelled,mobile
o004434,c00849,SKU0022,1,890,USD,2026-04-21T00:30:28,completed,mobile
o004435,c00245,SKU0449,1,1054,USD,2025-12-29T17:30:48,completed,web
o004436,c00518,SKU0334,1,1403,USD,2026-03-30T15:59:10,shipped,mobile
o004437,c00958,SKU0350,2,7208,USD,2025-12-07T21:11:41,refunded,web
o004438,c00032,SKU0176,3,6492,USD,2026-01-28T06:13:44,refunded,mobile
o004439,c00342,SKU0294,2,4356,USD,2026-03-05T07:24:53,refunded,web
o004440,c00741,SKU0156,2,1342,USD,2026-02-15T21:57:28,refunded,web
o004441,c00150,SKU0372,1,1174,USD,2026-04-30T09:09:57,cancelled,web
o004442,c00295,SKU0329,1,3345,USD,2026-03-09T23:58:42,completed,web
o004443,c00318,SKU0499,1,1836,USD,2026-02-26T13:44:54,completed,mobile
o004444,c00545,SKU0420,2,1320,USD,2026-04-04T21:51:05,cancelled,mobile
o004445,c00725,SKU0243,1,1894,USD,2025-12-19T23:57:37,completed,web
o004446,c00769,SKU0401,2,1816,USD,2026-03-19T20:40:28,cancelled,web
o004447,c00843,SKU0467,2,2922,USD,2026-01-20T09:48:54,cancelled,web
o004448,c00936,SKU0069,1,3981,USD,2026-04-24T13:46:53,cancelled,mobile
o004449,c00751,SKU0104,2,3524,USD,2026-02-20T11:16:32,refunded,web
o004450,c00275,SKU0267,2,4676,USD,2026-03-17T11:35:57,completed,web
o004451,c00131,SKU0364,2,1710,USD,2026-01-11T04:22:14,completed,mobile
o004452,c00626,SKU0490,2,2458,USD,2026-04-30T07:28:19,cancelled,mobile
o004453,c00683,SKU0148,1,4070,USD,2026-04-27T01:44:16,refunded,web
o004454,c00375,SKU0297,1,1196,USD,2026-05-02T10:08:42,completed,marketplace
o004455,c00855,SKU0315,2,5496,USD,2026-03-03T22:17:02,cancelled,mobile
o004456,c00131,SKU0232,1,1604,USD,2026-03-10T13:04:49,shipped,mobile
o004457,c00462,SKU0107,1,1345,USD,2026-03-11T20:43:41,cancelled,web
o004458,c00219,SKU0300,1,11228,USD,2026-02-01T01:44:05,refunded,mobile
o004459,c00465,SKU0439,1,1845,USD,2026-05-06T17:49:20,cancelled,mobile
o004460,c00443,SKU0074,1,679,USD,2026-01-05T20:17:34,completed,marketplace
o004461,c00172,SKU0080,1,2672,USD,2026-04-14T02:06:29,completed,mobile
o004462,c00935,SKU0095,1,2196,USD,2026-04-12T21:54:40,completed,web
o004463,c00830,SKU0067,2,5158,USD,2026-04-03T00:26:18,shipped,api
o004464,c00545,SKU0350,1,3604,USD,2026-02-26T21:49:28,completed,web
o004465,c00819,SKU0327,1,531,USD,2026-04-25T14:31:54,cancelled,web
o004466,c00667,SKU0205,2,3660,USD,2026-05-02T12:45:40,shipped,web
o004467,c00481,SKU0462,2,2448,USD,2025-12-27T11:42:57,shipped,web
o004468,c00448,SKU0058,4,14976,USD,2025-12-14T16:33:04,completed,web
o004469,c00347,SKU0355,1,1097,USD,2026-04-22T09:24:33,shipped,web
o004470,c00173,SKU0270,1,671,USD,2026-01-30T07:10:23,cancelled,web
o004471,c00685,SKU0131,3,2514,USD,2026-04-24T07:08:13,refunded,web
o004472,c00112,SKU0185,1,2209,USD,2026-04-15T04:31:47,refunded,web
o004473,c00070,SKU0392,1,1840,USD,2026-02-17T13:58:52,refunded,web
o004474,c00553,SKU0013,1,4784,USD,2026-01-27T19:54:10,completed,mobile
o004475,c00173,SKU0228,1,1142,USD,2026-03-08T22:16:19,completed,web
o004476,c00756,SKU0277,1,1657,USD,2026-04-11T04:12:18,completed,mobile
o004477,c00362,SKU0419,1,1304,USD,2026-03-31T10:52:08,completed,mobile
o004478,c00573,SKU0128,2,5586,USD,2026-01-20T05:18:17,refunded,web
o004479,c00042,SKU0216,2,5212,USD,2026-04-29T19:18:25,completed,web
o004480,c00341,SKU0460,1,406,USD,2026-02-03T05:37:15,completed,web
o004481,c00754,SKU0051,1,380,USD,2026-04-28T06:26:42,completed,mobile
o004482,c00860,SKU0335,1,1527,USD,2026-01-15T21:26:33,refunded,web
o004483,c00150,SKU0101,3,5448,USD,2026-04-14T02:24:49,completed,web
o004484,c00158,SKU0422,1,1034,USD,2026-02-06T19:05:43,cancelled,marketplace
o004485,c00366,SKU0498,1,2150,USD,2026-02-27T17:45:07,cancelled,web
o004486,c00441,SKU0095,1,2196,USD,2026-01-24T20:13:54,cancelled,web
o004487,c00663,SKU0249,1,12261,USD,2026-04-18T03:19:41,cancelled,web
o004488,c00722,SKU0085,1,729,USD,2026-04-03T03:06:25,refunded,web
o004489,c00925,SKU0296,2,3012,USD,2026-02-13T01:03:44,completed,web
o004490,c00243,SKU0160,1,1091,USD,2026-04-12T16:06:57,completed,web
o004491,c00570,SKU0147,1,1012,USD,2026-04-01T23:20:09,completed,mobile
o004492,c00159,SKU0231,1,4542,USD,2026-02-12T07:09:13,completed,web
o004493,c00350,SKU0117,1,1902,USD,2026-03-17T14:23:17,completed,web
o004494,c00683,SKU0357,2,1250,USD,2026-04-19T01:52:29,shipped,web
o004495,c00239,SKU0468,2,1476,USD,2026-04-18T18:27:14,completed,web
o004496,c00035,SKU0246,1,2288,USD,2026-01-14T09:36:30,completed,web
o004497,c00167,SKU0410,1,1417,USD,2026-04-19T09:03:03,completed,mobile
o004498,c00369,SKU0324,5,2980,USD,2026-02-04T18:04:32,completed,mobile
o004499,c00737,SKU0385,4,6308,USD,2026-03-19T10:48:13,completed,web
o004500,c00248,SKU0403,1,7281,USD,2026-02-13T21:32:06,cancelled,web
o004501,c00678,SKU0256,4,5916,USD,2026-02-09T16:14:15,shipped,mobile
o004502,c00961,SKU0105,2,2934,USD,2026-01-15T08:35:06,completed,web
o004503,c00391,SKU0016,1,701,USD,2026-04-16T21:11:49,cancelled,web
o004504,c00257,SKU0135,1,2574,USD,2026-03-30T12:57:28,cancelled,web
o004505,c00475,SKU0107,1,1345,USD,2026-03-19T02:42:47,completed,mobile
o004506,c00937,SKU0049,1,1403,USD,2026-01-27T16:20:44,completed,api
o004507,c00832,SKU0412,1,1429,USD,2026-04-02T21:51:01,refunded,web
o004508,c00735,SKU0153,1,2502,USD,2026-02-20T02:02:34,cancelled,web
o004509,c00839,SKU0349,1,1056,USD,2026-02-25T16:57:59,completed,web
o004510,c00865,SKU0084,1,786,USD,2026-02-25T21:12:02,refunded,web
o004511,c00639,SKU0247,1,1622,USD,2026-04-13T06:13:36,refunded,mobile
o004512,c00120,SKU0150,2,1470,USD,2026-02-17T15:28:59,completed,marketplace
o004513,c00645,SKU0172,1,6055,USD,2026-03-10T07:23:31,completed,web
o004514,c00389,SKU0384,1,2176,USD,2026-03-03T17:59:49,refunded,web
o004515,c00860,SKU0074,1,679,USD,2026-03-21T16:42:15,completed,mobile
o004516,c00562,SKU0376,1,1624,USD,2025-12-20T17:01:15,completed,api
o004517,c00042,SKU0236,1,1853,USD,2026-03-04T09:30:51,cancelled,mobile
o004518,c00243,SKU0278,1,2936,USD,2025-12-28T22:10:21,completed,marketplace
o004519,c00586,SKU0343,1,2248,USD,2026-03-28T15:24:19,completed,web
o004520,c00645,SKU0098,1,657,USD,2026-03-23T16:33:35,shipped,web
o004521,c00252,SKU0326,2,3152,USD,2026-02-24T13:17:36,completed,mobile
o004522,c00363,SKU0296,3,4518,USD,2026-03-16T13:03:54,shipped,mobile
o004523,c00753,SKU0127,2,7078,USD,2026-04-05T01:16:12,completed,web
o004524,c00538,SKU0293,1,3176,USD,2026-03-25T00:07:54,completed,web
o004525,c00269,SKU0218,1,401,USD,2026-03-26T00:03:36,shipped,web
o004526,c00566,SKU0358,1,4889,USD,2026-05-03T20:43:35,cancelled,mobile
o004527,c00840,SKU0253,2,2042,USD,2026-04-07T09:39:09,refunded,mobile
o004528,c00529,SKU0137,1,1772,USD,2026-03-02T01:29:04,cancelled,web
o004529,c00060,SKU0090,1,610,USD,2026-03-08T03:51:21,completed,mobile
o004530,c00015,SKU0139,1,965,USD,2026-03-27T05:08:31,completed,web
o004531,c00138,SKU0157,1,1456,USD,2026-03-07T04:29:58,completed,web
o004532,c00334,SKU0021,2,1462,USD,2026-04-06T18:02:13,shipped,mobile
o004533,c00054,SKU0221,1,1253,USD,2026-04-15T08:23:58,completed,mobile
o004534,c00864,SKU0117,3,5706,USD,2026-03-15T06:57:00,completed,web
o004535,c00369,SKU0163,2,1454,USD,2025-12-01T02:19:22,completed,mobile
o004536,c00351,SKU0233,3,7719,USD,2025-12-04T18:52:27,completed,web
o004537,c00549,SKU0320,1,601,USD,2026-04-04T08:20:50,completed,web
o004538,c00571,SKU0172,1,6055,USD,2026-01-31T17:19:24,completed,web
o004539,c00454,SKU0136,1,704,USD,2026-03-02T14:02:07,refunded,web
o004540,c00253,SKU0270,1,671,USD,2026-01-22T22:26:43,completed,mobile
o004541,c00967,SKU0270,3,2013,USD,2026-05-06T20:51:33,completed,web
o004542,c00738,SKU0328,3,4506,USD,2026-04-14T07:45:45,refunded,web
o004543,c00759,SKU0190,1,1932,USD,2026-04-14T03:24:13,shipped,mobile
o004544,c00126,SKU0283,2,3050,USD,2026-03-10T17:57:01,refunded,web
o004545,c00330,SKU0118,1,1789,USD,2026-01-12T09:15:37,cancelled,web
o004546,c00062,SKU0478,1,1273,USD,2026-04-09T22:44:14,completed,web
o004547,c00523,SKU0343,3,6744,USD,2026-05-06T11:09:36,completed,web
o004548,c00541,SKU0257,1,5564,USD,2026-01-15T12:52:00,completed,marketplace
o004549,c00932,SKU0226,1,1523,USD,2026-03-08T15:30:16,shipped,web
o004550,c00051,SKU0055,2,2450,USD,2026-04-19T17:08:20,completed,mobile
o004551,c00431,SKU0479,1,3608,USD,2026-01-12T14:06:33,shipped,web
o004552,c00263,SKU0049,1,1403,USD,2026-02-14T01:23:47,completed,web
o004553,c00255,SKU0031,2,2662,USD,2026-02-06T14:11:59,completed,web
o004554,c00156,SKU0380,1,2803,USD,2026-03-27T12:16:30,completed,web
o004555,c00760,SKU0041,2,5680,USD,2026-03-14T17:01:02,cancelled,api
o004556,c00127,SKU0039,1,3312,USD,2026-04-26T05:13:45,completed,web
o004557,c00045,SKU0226,4,6092,USD,2026-03-16T10:24:37,refunded,mobile
o004558,c00551,SKU0228,5,5710,USD,2026-03-30T11:56:40,shipped,web
o004559,c00836,SKU0369,4,14344,USD,2026-04-21T23:33:19,completed,web
o004560,c00546,SKU0426,3,2604,USD,2026-03-31T08:54:37,shipped,web
o004561,c00656,SKU0192,1,1482,USD,2026-02-28T22:28:54,refunded,web
o004562,c00231,SKU0078,1,919,USD,2026-02-15T22:51:51,completed,web
o004563,c00124,SKU0342,2,1186,USD,2026-03-07T06:14:50,completed,marketplace
o004564,c00953,SKU0459,4,8312,USD,2026-04-27T15:10:31,completed,web
o004565,c00149,SKU0456,3,5274,USD,2026-03-12T15:43:40,completed,web
o004566,c00367,SKU0286,2,5094,USD,2026-03-04T19:24:06,completed,mobile
o004567,c00162,SKU0297,3,3588,USD,2026-04-30T19:59:28,completed,mobile
o004568,c00147,SKU0362,5,8700,USD,2026-03-15T08:00:03,completed,web
o004569,c00087,SKU0072,1,999,USD,2026-04-13T07:21:26,completed,web
o004570,c00443,SKU0245,1,1602,USD,2025-12-30T09:01:43,completed,web
o004571,c00049,SKU0461,1,3114,USD,2026-03-26T21:14:56,completed,web
o004572,c00564,SKU0316,2,2568,USD,2025-12-24T09:19:25,completed,marketplace
o004573,c00031,SKU0234,1,1499,USD,2026-01-12T10:33:43,completed,mobile
o004574,c00025,SKU0324,1,596,USD,2026-04-28T12:55:13,completed,api
o004575,c00951,SKU0444,4,3432,USD,2026-02-05T02:55:28,completed,web
o004576,c00748,SKU0358,1,4889,USD,2026-02-20T13:19:23,completed,web
o004577,c00022,SKU0014,1,2243,USD,2026-03-21T23:54:37,shipped,mobile
o004578,c00255,SKU0410,1,1417,USD,2026-02-07T19:57:55,completed,web
o004579,c00850,SKU0072,1,999,USD,2026-05-10T15:18:36,shipped,web
o004580,c00549,SKU0245,4,6408,USD,2026-04-09T03:25:58,completed,mobile
o004581,c00145,SKU0130,1,2599,USD,2026-01-29T01:04:22,cancelled,web
o004582,c00166,SKU0049,1,1403,USD,2026-04-07T18:32:28,shipped,web
o004583,c00540,SKU0029,1,991,USD,2026-03-14T16:54:25,shipped,web
o004584,c00649,SKU0284,1,1911,USD,2026-03-31T20:34:44,refunded,web
o004585,c00450,SKU0307,2,2192,USD,2026-04-05T17:54:46,completed,mobile
o004586,c00534,SKU0305,1,1617,USD,2026-01-04T16:22:42,shipped,web
o004587,c00738,SKU0459,2,4156,USD,2026-01-07T07:02:31,completed,mobile
o004588,c00665,SKU0099,1,454,USD,2026-03-13T19:32:18,cancelled,web
o004589,c00628,SKU0135,1,2574,USD,2026-02-12T19:08:26,completed,mobile
o004590,c00148,SKU0276,1,1601,USD,2026-04-24T00:38:42,refunded,mobile
o004591,c00554,SKU0064,2,6146,USD,2026-05-01T13:39:43,completed,web
o004592,c00260,SKU0064,1,3073,USD,2026-02-15T13:07:37,completed,web
o004593,c00648,SKU0306,1,1763,USD,2026-01-20T20:03:55,completed,web
o004594,c00850,SKU0499,1,1836,USD,2026-05-04T01:39:55,refunded,web
o004595,c00059,SKU0281,1,1705,USD,2026-03-12T10:02:49,completed,web
o004596,c00861,SKU0053,1,1804,USD,2026-03-10T22:42:36,completed,web
o004597,c00971,SKU0171,1,1150,USD,2026-03-12T19:50:15,completed,mobile
o004598,c00562,SKU0178,1,2459,USD,2025-11-27T17:50:24,completed,web
o004599,c00168,SKU0261,1,956,USD,2026-03-03T15:26:43,cancelled,web
o004600,c00979,SKU0378,1,4682,USD,2026-04-18T20:23:30,refunded,web
o004601,c00171,SKU0035,4,2156,USD,2025-12-10T01:41:31,completed,marketplace
o004602,c00021,SKU0321,3,3159,USD,2026-02-15T12:55:56,shipped,marketplace
o004603,c00140,SKU0463,4,8400,USD,2026-04-24T07:48:37,shipped,web
o004604,c00571,SKU0459,5,10390,USD,2026-01-14T09:44:32,cancelled,web
o004605,c00343,SKU0174,1,4357,USD,2026-05-05T10:47:43,completed,mobile
o004606,c00036,SKU0050,2,10130,USD,2025-12-06T12:25:45,completed,web
o004607,c00194,SKU0205,1,1830,USD,2026-04-16T12:20:42,completed,web
o004608,c00551,SKU0060,3,12525,USD,2026-02-22T22:28:58,completed,web
o004609,c00443,SKU0230,4,5600,USD,2026-04-13T18:56:02,cancelled,api
o004610,c00769,SKU0057,1,518,USD,2026-03-19T19:03:44,shipped,mobile
o004611,c00037,SKU0494,4,3328,USD,2026-01-04T06:58:49,completed,mobile
o004612,c00323,SKU0495,2,4100,USD,2025-12-22T07:06:38,shipped,mobile
o004613,c00235,SKU0034,1,1736,USD,2026-01-18T05:57:16,completed,mobile
o004614,c00773,SKU0393,2,3466,USD,2026-04-21T21:18:04,shipped,mobile
o004615,c00564,SKU0369,1,3586,USD,2025-12-06T06:44:24,cancelled,web
o004616,c00013,SKU0369,1,3586,USD,2026-04-23T07:00:59,completed,web
o004617,c00465,SKU0139,1,965,USD,2026-01-19T09:17:23,cancelled,web
o004618,c00638,SKU0227,1,1005,USD,2025-12-15T22:03:15,completed,mobile
o004619,c00440,SKU0343,1,2248,USD,2026-04-19T07:05:44,completed,web
o004620,c00170,SKU0407,2,4018,USD,2026-04-16T03:31:10,refunded,web
o004621,c00549,SKU0481,2,1836,USD,2026-03-24T01:31:19,completed,mobile
o004622,c00169,SKU0154,2,3490,USD,2026-02-13T16:24:25,cancelled,web
o004623,c00815,SKU0268,1,1657,USD,2026-03-29T17:51:13,completed,web
o004624,c00945,SKU0327,1,531,USD,2026-02-08T02:28:20,cancelled,mobile
o004625,c00543,SKU0417,1,1442,USD,2026-04-12T13:39:07,completed,web
o004626,c00438,SKU0250,2,3668,USD,2026-02-15T08:16:59,completed,web
o004627,c00139,SKU0176,1,2164,USD,2026-01-13T06:23:19,completed,api
o004628,c00732,SKU0456,2,3516,USD,2026-03-24T09:30:50,refunded,mobile
o004629,c00231,SKU0005,1,2106,USD,2026-05-08T05:01:02,cancelled,web
o004630,c00838,SKU0240,1,1745,USD,2026-04-24T12:12:45,refunded,web
o004631,c00168,SKU0488,2,4002,USD,2026-01-19T11:46:35,refunded,web
o004632,c00229,SKU0144,2,942,USD,2026-03-18T20:58:05,completed,marketplace
o004633,c00934,SKU0315,1,2748,USD,2026-04-15T02:35:26,completed,web
o004634,c00556,SKU0241,1,770,USD,2026-04-18T07:04:58,cancelled,web
o004635,c00167,SKU0251,1,2725,USD,2026-04-05T18:50:03,completed,web
o004636,c00063,SKU0039,1,3312,USD,2026-01-01T18:25:34,cancelled,web
o004637,c00168,SKU0147,2,2024,USD,2026-04-24T22:29:31,refunded,web
o004638,c00651,SKU0085,1,729,USD,2026-03-27T00:40:09,cancelled,web
o004639,c00779,SKU0294,1,2178,USD,2026-04-20T04:55:27,completed,mobile
o004640,c00170,SKU0100,1,1431,USD,2026-02-22T17:11:43,cancelled,mobile
o004641,c00345,SKU0081,1,2195,USD,2026-02-17T04:28:30,completed,web
o004642,c00555,SKU0069,1,3981,USD,2026-03-04T05:26:33,completed,web
o004643,c00617,SKU0396,2,2386,USD,2026-03-06T23:58:38,completed,web
o004644,c00925,SKU0433,5,15170,USD,2026-03-21T04:15:20,completed,web
o004645,c00463,SKU0490,2,2458,USD,2026-03-28T08:25:41,cancelled,web
o004646,c00648,SKU0026,2,3256,USD,2026-01-04T16:13:02,completed,web
o004647,c00343,SKU0408,1,695,USD,2026-04-10T23:39:47,completed,mobile
o004648,c00851,SKU0428,1,1493,USD,2026-05-03T15:35:27,completed,marketplace
o004649,c00367,SKU0055,1,1225,USD,2026-03-16T20:19:19,completed,mobile
o004650,c00165,SKU0311,2,3810,USD,2026-04-24T06:38:01,completed,web
o004651,c00543,SKU0250,2,3668,USD,2026-03-25T23:33:55,refunded,web
o004652,c00644,SKU0056,3,2310,USD,2026-02-24T20:26:37,shipped,web
o004653,c00272,SKU0487,1,4417,USD,2026-03-10T14:23:14,completed,marketplace
o004654,c00448,SKU0416,1,456,USD,2026-03-19T04:03:15,completed,web
o004655,c00260,SKU0190,1,1932,USD,2026-04-29T06:33:13,refunded,mobile
o004656,c00255,SKU0356,1,842,USD,2026-01-25T05:49:39,completed,mobile
o004657,c00052,SKU0161,1,1717,USD,2026-04-23T07:52:03,completed,web
o004658,c00146,SKU0330,2,4838,USD,2026-04-01T10:41:32,completed,mobile
o004659,c00847,SKU0183,2,2172,USD,2026-02-04T18:46:05,completed,web
o004660,c00942,SKU0125,1,6254,USD,2026-03-24T10:02:52,shipped,web
o004661,c00450,SKU0176,1,2164,USD,2026-03-09T13:16:13,completed,web
o004662,c00557,SKU0330,1,2419,USD,2025-12-06T19:24:45,cancelled,mobile
o004663,c00649,SKU0244,1,8360,USD,2025-12-22T03:58:18,cancelled,web
o004664,c00327,SKU0046,1,838,USD,2026-01-31T23:36:15,shipped,mobile
o004665,c00053,SKU0456,2,3516,USD,2026-03-10T05:37:17,completed,web
o004666,c00059,SKU0322,1,574,USD,2026-04-05T13:31:39,refunded,web
o004667,c00929,SKU0263,2,2446,USD,2026-02-18T22:03:05,completed,mobile
o004668,c00786,SKU0404,4,10192,USD,2026-04-09T03:28:11,shipped,web
o004669,c00035,SKU0264,1,3443,USD,2026-03-05T05:25:39,completed,web
o004670,c00357,SKU0393,1,1733,USD,2026-02-04T18:58:25,cancelled,marketplace
o004671,c00380,SKU0283,4,6100,USD,2026-04-20T21:09:24,completed,web
o004672,c00634,SKU0312,1,1317,USD,2026-01-16T10:50:20,completed,web
o004673,c00949,SKU0340,1,3462,USD,2026-03-11T15:21:23,refunded,web
o004674,c00451,SKU0319,1,2261,USD,2026-04-16T08:53:08,completed,web
o004675,c00661,SKU0028,1,1141,USD,2026-03-14T12:07:45,completed,web
o004676,c00350,SKU0338,2,6992,USD,2025-11-23T02:34:20,completed,web
o004677,c00375,SKU0039,1,3312,USD,2026-04-19T08:52:54,completed,web
o004678,c00155,SKU0306,1,1763,USD,2026-04-25T10:31:04,refunded,api
o004679,c00442,SKU0009,1,2365,USD,2026-03-07T20:48:16,completed,web
o004680,c00542,SKU0339,1,701,USD,2026-04-04T22:35:24,refunded,mobile
o004681,c00440,SKU0040,5,3485,USD,2026-03-18T12:12:58,completed,mobile
o004682,c00835,SKU0065,2,1898,USD,2026-04-29T14:53:06,completed,web
o004683,c00152,SKU0076,3,3141,USD,2026-03-14T06:08:54,cancelled,web
o004684,c00441,SKU0237,1,2864,USD,2026-04-09T11:04:06,completed,api
o004685,c00054,SKU0305,1,1617,USD,2026-05-08T08:13:51,completed,web
o004686,c00063,SKU0238,1,665,USD,2026-04-06T15:54:26,completed,web
o004687,c00158,SKU0286,2,5094,USD,2026-03-27T21:02:21,completed,web
o004688,c00367,SKU0418,1,593,USD,2026-04-01T13:51:17,cancelled,mobile
o004689,c00315,SKU0467,1,1461,USD,2026-04-28T07:23:51,completed,web
o004690,c00972,SKU0211,1,1052,USD,2026-05-06T12:28:53,completed,web
o004691,c00466,SKU0373,3,2346,USD,2026-04-16T17:19:36,completed,web
o004692,c00351,SKU0019,4,8156,USD,2026-01-25T09:44:23,completed,web
o004693,c00166,SKU0010,2,2184,USD,2026-02-06T05:37:26,cancelled,web
o004694,c00252,SKU0398,2,6952,USD,2025-12-17T12:28:01,cancelled,mobile
o004695,c00678,SKU0095,2,4392,USD,2026-02-17T22:07:21,completed,web
o004696,c00631,SKU0060,1,4175,USD,2026-01-25T12:37:43,completed,web
o004697,c00236,SKU0309,1,2102,USD,2026-02-02T07:51:43,completed,web
o004698,c00942,SKU0425,1,3532,USD,2026-03-10T22:58:14,completed,web
o004699,c00952,SKU0052,1,2897,USD,2026-03-16T06:34:34,completed,mobile
o004700,c00023,SKU0181,2,1790,USD,2026-04-22T05:02:43,completed,web
o004701,c00248,SKU0133,1,2255,USD,2026-03-19T18:39:05,completed,web
o004702,c00449,SKU0332,1,3736,USD,2026-03-23T10:34:01,completed,web
o004703,c00647,SKU0195,2,4448,USD,2026-03-16T05:08:37,cancelled,mobile
o004704,c00154,SKU0441,1,1431,USD,2026-03-05T13:14:55,completed,web
o004705,c00847,SKU0054,4,8688,USD,2026-04-18T22:42:55,completed,web
o004706,c00134,SKU0009,3,7095,USD,2026-04-20T10:00:17,shipped,web
o004707,c00744,SKU0327,3,1593,USD,2026-03-18T20:49:06,completed,mobile
o004708,c00631,SKU0017,1,1460,USD,2026-04-10T08:58:50,refunded,web
o004709,c00256,SKU0329,1,3345,USD,2026-01-16T01:04:23,shipped,web
o004710,c00068,SKU0335,1,1527,USD,2026-03-09T22:44:41,completed,web
o004711,c00083,SKU0092,3,2772,USD,2026-03-01T16:13:07,completed,web
o004712,c00548,SKU0026,2,3256,USD,2026-03-23T22:36:12,cancelled,web
o004713,c00052,SKU0058,1,3744,USD,2026-03-11T01:17:22,cancelled,web
o004714,c00034,SKU0409,1,3307,USD,2026-05-05T02:48:59,completed,web
o004715,c00981,SKU0473,2,1164,USD,2026-01-19T00:36:50,completed,mobile
o004716,c00070,SKU0022,1,890,USD,2026-03-20T06:44:48,shipped,marketplace
o004717,c00949,SKU0456,1,1758,USD,2026-04-13T15:00:54,completed,web
o004718,c00359,SKU0170,1,1911,USD,2026-04-03T09:48:03,completed,marketplace
o004719,c00981,SKU0419,1,1304,USD,2026-04-21T04:42:23,completed,web
o004720,c00676,SKU0339,2,1402,USD,2026-03-24T00:13:57,completed,web
o004721,c00063,SKU0090,2,1220,USD,2026-04-07T21:57:51,refunded,mobile
o004722,c00741,SKU0069,1,3981,USD,2026-02-06T08:27:26,refunded,web
o004723,c00882,SKU0325,1,2411,USD,2026-03-24T11:43:25,refunded,mobile
o004724,c00418,SKU0497,1,896,USD,2026-04-25T02:55:47,completed,web
o004725,c00253,SKU0188,1,1669,USD,2026-03-05T23:50:07,completed,mobile
o004726,c00160,SKU0331,1,1453,USD,2026-05-04T23:04:44,completed,mobile
o004727,c00129,SKU0455,5,2130,USD,2026-03-19T20:10:26,refunded,web
o004728,c00142,SKU0454,2,3144,USD,2026-03-07T20:13:12,shipped,web
o004729,c00636,SKU0097,5,22325,USD,2026-05-04T23:41:00,shipped,mobile
o004730,c00056,SKU0108,2,8038,USD,2026-03-14T14:27:32,completed,web
o004731,c00845,SKU0045,1,1704,USD,2026-03-24T10:32:39,cancelled,mobile
o004732,c00279,SKU0132,1,3175,USD,2026-04-21T09:48:56,cancelled,web
o004733,c00978,SKU0306,1,1763,USD,2026-04-02T17:30:12,completed,web
o004734,c00546,SKU0147,1,1012,USD,2026-03-06T21:10:46,completed,web
o004735,c00150,SKU0004,5,16730,USD,2025-12-05T00:20:56,completed,mobile
o004736,c00168,SKU0019,2,4078,USD,2026-04-16T00:33:58,refunded,marketplace
o004737,c00780,SKU0310,1,2775,USD,2026-03-15T05:40:43,completed,web
o004738,c00847,SKU0275,2,2618,USD,2026-04-12T13:38:11,refunded,mobile
o004739,c00124,SKU0279,1,591,USD,2026-04-25T04:00:24,cancelled,web
o004740,c00530,SKU0421,1,558,USD,2026-04-21T05:27:44,completed,web
o004741,c00250,SKU0484,1,1657,USD,2025-12-31T13:56:34,cancelled,web
o004742,c00228,SKU0469,3,5589,USD,2026-02-17T09:37:33,refunded,web
o004743,c00748,SKU0285,1,1369,USD,2025-12-25T09:48:06,shipped,web
o004744,c00141,SKU0307,1,1096,USD,2026-02-21T08:09:09,completed,web
o004745,c00476,SKU0440,1,2439,USD,2026-03-16T17:19:53,completed,mobile
o004746,c00446,SKU0023,1,2615,USD,2026-02-28T15:41:06,completed,mobile
o004747,c00936,SKU0351,1,2459,USD,2026-04-03T20:54:52,completed,web
o004748,c00448,SKU0454,2,3144,USD,2026-04-24T05:14:04,completed,web
o004749,c00071,SKU0100,1,1431,USD,2026-05-01T14:24:29,completed,mobile
o004750,c00038,SKU0416,3,1368,USD,2026-03-28T17:48:58,refunded,web
o004751,c00562,SKU0371,2,4200,USD,2026-04-18T19:57:20,completed,web
o004752,c00747,SKU0084,1,786,USD,2026-03-10T13:19:32,completed,web
o004753,c00254,SKU0124,1,2458,USD,2026-04-10T16:21:49,completed,web
o004754,c00535,SKU0412,1,1429,USD,2025-12-26T02:02:17,refunded,web
o004755,c00580,SKU0392,1,1840,USD,2026-03-29T04:23:41,refunded,web
o004756,c00338,SKU0100,4,5724,USD,2026-03-10T03:11:29,completed,mobile
o004757,c00255,SKU0065,4,3796,USD,2026-04-26T14:19:43,completed,web
o004758,c00532,SKU0076,4,4188,USD,2025-12-29T14:57:44,completed,web
o004759,c00133,SKU0205,3,5490,USD,2026-03-21T04:18:00,completed,api
o004760,c00540,SKU0244,1,8360,USD,2026-02-21T10:16:17,completed,api
o004761,c00742,SKU0402,1,2854,USD,2025-12-14T23:49:39,completed,web
o004762,c00032,SKU0437,3,1374,USD,2026-04-04T11:01:14,completed,web
o004763,c00174,SKU0231,1,4542,USD,2025-12-25T17:31:34,shipped,web
o004764,c00868,SKU0481,1,918,USD,2026-04-14T21:07:45,completed,mobile
o004765,c00282,SKU0463,2,4200,USD,2026-01-18T08:45:50,completed,web
o004766,c00634,SKU0401,1,908,USD,2025-12-13T20:57:25,completed,mobile
o004767,c00966,SKU0483,2,1372,USD,2025-12-31T09:53:20,completed,mobile
o004768,c00473,SKU0032,1,1223,USD,2025-12-19T14:18:35,refunded,web
o004769,c00753,SKU0239,1,1011,USD,2026-04-16T19:44:13,completed,web
o004770,c00135,SKU0206,1,906,USD,2026-04-01T10:59:10,completed,web
o004771,c00849,SKU0028,3,3423,USD,2026-04-07T03:35:16,completed,web
o004772,c00218,SKU0474,1,977,USD,2026-03-24T00:25:52,cancelled,web
o004773,c00257,SKU0454,2,3144,USD,2026-02-22T21:44:16,shipped,marketplace
o004774,c00748,SKU0300,1,11228,USD,2026-01-11T15:19:21,completed,web
o004775,c00765,SKU0258,1,1366,USD,2026-03-22T08:59:46,cancelled,mobile
o004776,c00351,SKU0349,1,1056,USD,2026-04-03T01:24:08,completed,web
o004777,c00744,SKU0375,2,5858,USD,2026-02-13T00:00:05,shipped,web
o004778,c00751,SKU0451,3,7047,USD,2026-04-09T01:07:31,completed,web
o004779,c00975,SKU0224,4,24604,USD,2026-04-09T06:43:28,completed,mobile
o004780,c00263,SKU0214,1,1905,USD,2026-01-19T17:47:38,refunded,mobile
o004781,c00659,SKU0165,1,424,USD,2026-03-18T00:09:36,completed,web
o004782,c00851,SKU0305,1,1617,USD,2025-12-15T04:49:24,completed,mobile
o004783,c00467,SKU0260,1,1278,USD,2026-04-04T20:58:08,cancelled,web
o004784,c00728,SKU0376,1,1624,USD,2026-02-25T13:43:05,cancelled,mobile
o004785,c00360,SKU0126,2,6528,USD,2026-03-31T23:20:14,refunded,mobile
o004786,c00326,SKU0048,2,2534,USD,2026-01-07T00:11:53,shipped,web
o004787,c00251,SKU0197,1,1457,USD,2026-04-20T05:04:08,cancelled,mobile
o004788,c00077,SKU0325,5,12055,USD,2026-03-13T10:58:32,completed,web
o004789,c00661,SKU0172,1,6055,USD,2026-01-10T17:35:09,cancelled,mobile
o004790,c00623,SKU0195,2,4448,USD,2026-03-11T00:27:11,cancelled,web
o004791,c00347,SKU0296,1,1506,USD,2026-01-28T02:19:55,completed,web
o004792,c00774,SKU0153,3,7506,USD,2026-03-12T13:08:19,completed,web
o004793,c00720,SKU0158,1,902,USD,2026-04-04T20:45:21,refunded,web
o004794,c00854,SKU0075,1,970,USD,2026-03-18T17:37:02,completed,marketplace
o004795,c00853,SKU0108,4,16076,USD,2026-04-24T03:40:50,completed,mobile
o004796,c00057,SKU0206,1,906,USD,2026-01-17T01:47:28,refunded,mobile
o004797,c00546,SKU0460,1,406,USD,2026-04-11T03:28:49,refunded,web
o004798,c00037,SKU0361,1,3303,USD,2026-04-09T01:01:31,shipped,mobile
o004799,c00957,SKU0339,3,2103,USD,2026-04-14T10:50:07,completed,mobile
o004800,c00158,SKU0273,2,2764,USD,2026-04-05T16:47:32,shipped,marketplace
o004801,c00743,SKU0075,1,970,USD,2026-04-15T08:30:47,refunded,mobile
o004802,c00241,SKU0059,1,1210,USD,2026-01-26T02:43:13,refunded,mobile
o004803,c00377,SKU0141,1,4650,USD,2026-03-27T03:19:42,shipped,mobile
o004804,c00148,SKU0376,2,3248,USD,2026-03-28T15:43:16,completed,web
o004805,c00435,SKU0076,1,1047,USD,2026-01-16T18:38:20,shipped,web
o004806,c00342,SKU0073,2,10724,USD,2026-03-22T06:55:15,shipped,web
o004807,c00775,SKU0305,2,3234,USD,2026-03-05T20:45:49,completed,web
o004808,c00864,SKU0352,1,2939,USD,2025-12-30T18:26:13,shipped,web
o004809,c00554,SKU0308,1,539,USD,2026-02-18T04:11:20,cancelled,mobile
o004810,c00256,SKU0270,1,671,USD,2026-04-27T14:35:59,shipped,mobile
o004811,c00523,SKU0244,1,8360,USD,2026-04-09T06:10:08,refunded,web
o004812,c00731,SKU0217,2,5060,USD,2026-04-11T14:30:28,completed,marketplace
o004813,c00782,SKU0025,1,951,USD,2026-02-22T07:31:16,completed,mobile
o004814,c00759,SKU0424,1,2800,USD,2026-05-12T00:35:30,completed,web
o004815,c00252,SKU0134,1,2059,USD,2026-01-11T02:37:52,refunded,marketplace
o004816,c00338,SKU0091,1,1316,USD,2026-02-11T15:12:53,completed,web
o004817,c00441,SKU0183,1,1086,USD,2026-04-14T16:58:57,cancelled,mobile
o004818,c00354,SKU0170,1,1911,USD,2026-01-24T15:38:11,completed,marketplace
o004819,c00970,SKU0243,1,1894,USD,2026-03-07T05:59:10,cancelled,web
o004820,c00556,SKU0301,1,616,USD,2026-04-18T14:52:21,cancelled,marketplace
o004821,c00738,SKU0051,1,380,USD,2026-05-01T18:34:50,refunded,mobile
o004822,c00957,SKU0364,1,855,USD,2026-03-07T00:50:43,refunded,mobile
o004823,c00068,SKU0436,1,6595,USD,2026-04-25T19:51:46,completed,web
o004824,c00152,SKU0411,1,4422,USD,2026-03-28T21:13:02,completed,mobile
o004825,c00148,SKU0060,2,8350,USD,2026-04-02T20:02:17,completed,web
o004826,c00145,SKU0029,2,1982,USD,2026-04-07T08:22:28,completed,web
o004827,c00952,SKU0098,1,657,USD,2026-03-29T05:54:59,completed,web
o004828,c00739,SKU0241,3,2310,USD,2026-03-15T23:24:33,shipped,web
o004829,c00730,SKU0242,2,2422,USD,2026-04-19T22:44:33,refunded,marketplace
o004830,c00975,SKU0461,1,3114,USD,2026-03-16T04:11:05,shipped,web
o004831,c00470,SKU0398,3,10428,USD,2026-03-23T05:41:54,completed,web
o004832,c00566,SKU0133,1,2255,USD,2026-04-07T09:17:54,completed,mobile
o004833,c00882,SKU0238,2,1330,USD,2026-04-12T15:39:39,cancelled,web
o004834,c00323,SKU0045,2,3408,USD,2026-04-12T21:58:36,shipped,marketplace
o004835,c00952,SKU0233,2,5146,USD,2026-01-23T21:56:28,cancelled,web
o004836,c00232,SKU0494,1,832,USD,2026-03-29T15:06:13,completed,web
o004837,c00047,SKU0113,1,1210,USD,2026-03-27T09:47:33,completed,web
o004838,c00242,SKU0345,4,10344,USD,2025-11-24T17:54:10,completed,web
o004839,c00616,SKU0064,2,6146,USD,2026-03-20T01:41:23,completed,web
o004840,c00840,SKU0390,1,1831,USD,2026-04-03T19:06:50,cancelled,mobile
o004841,c00040,SKU0399,1,2588,USD,2026-04-25T08:49:13,shipped,web
o004842,c00560,SKU0390,1,1831,USD,2026-04-22T10:07:29,refunded,web
o004843,c00038,SKU0156,1,671,USD,2026-04-13T17:25:32,completed,mobile
o004844,c00638,SKU0072,1,999,USD,2026-02-25T17:42:29,shipped,web
o004845,c00836,SKU0430,1,6918,USD,2026-02-24T23:12:01,completed,web
o004846,c00251,SKU0046,4,3352,USD,2026-03-11T19:00:48,cancelled,web
o004847,c00241,SKU0017,2,2920,USD,2026-05-01T10:53:40,completed,marketplace
o004848,c00735,SKU0480,1,1020,USD,2026-03-10T10:56:25,shipped,web
o004849,c00525,SKU0432,3,13110,USD,2026-02-16T09:39:11,cancelled,web
o004850,c00060,SKU0059,2,2420,USD,2026-04-11T14:58:37,completed,mobile
o004851,c00518,SKU0185,1,2209,USD,2026-02-11T08:46:34,refunded,mobile
o004852,c00138,SKU0268,1,1657,USD,2026-02-09T15:48:12,completed,web
o004853,c00944,SKU0337,4,2132,USD,2026-04-10T00:39:38,shipped,mobile
o004854,c00074,SKU0223,1,3828,USD,2026-01-14T15:15:52,refunded,web
o004855,c00355,SKU0419,1,1304,USD,2026-04-19T09:43:59,completed,web
o004856,c00581,SKU0225,1,1553,USD,2026-02-26T07:01:16,cancelled,api
o004857,c00850,SKU0184,3,4368,USD,2026-03-22T14:08:54,shipped,marketplace
o004858,c00776,SKU0222,1,1102,USD,2026-02-04T02:50:40,completed,marketplace
o004859,c00837,SKU0394,1,967,USD,2026-01-22T14:50:34,shipped,web
o004860,c00856,SKU0228,2,2284,USD,2026-04-27T10:35:53,cancelled,web
o004861,c00931,SKU0304,1,2148,USD,2026-04-09T11:21:38,completed,web
o004862,c00929,SKU0138,5,9100,USD,2026-01-10T23:17:30,cancelled,web
o004863,c00685,SKU0469,2,3726,USD,2026-03-22T02:06:27,refunded,mobile
o004864,c00967,SKU0141,2,9300,USD,2026-04-19T21:40:19,shipped,mobile
o004865,c00242,SKU0041,2,5680,USD,2026-03-26T08:36:57,completed,web
o004866,c00042,SKU0034,3,5208,USD,2026-04-26T03:37:53,completed,web
o004867,c00146,SKU0499,1,1836,USD,2026-02-12T16:00:58,completed,api
o004868,c00464,SKU0188,4,6676,USD,2026-02-20T03:32:44,completed,mobile
o004869,c00750,SKU0387,2,1342,USD,2026-03-18T12:57:02,shipped,web
o004870,c00165,SKU0111,1,2592,USD,2026-04-12T23:43:25,shipped,mobile
o004871,c00659,SKU0397,2,6048,USD,2026-04-22T04:59:21,completed,web
o004872,c00667,SKU0405,1,1089,USD,2026-02-09T04:21:15,completed,mobile
o004873,c00473,SKU0299,1,2090,USD,2026-02-25T14:15:50,completed,mobile
o004874,c00066,SKU0446,1,2851,USD,2026-03-19T17:20:26,completed,web
o004875,c00876,SKU0466,1,2349,USD,2026-04-02T01:29:05,cancelled,mobile
o004876,c00543,SKU0302,2,3254,USD,2026-03-19T01:17:30,shipped,web
o004877,c00149,SKU0084,2,1572,USD,2026-04-26T07:35:44,shipped,web
o004878,c00190,SKU0498,2,4300,USD,2026-01-12T00:38:35,completed,mobile
o004879,c00026,SKU0181,3,2685,USD,2026-02-25T00:09:33,shipped,web
o004880,c00735,SKU0092,1,924,USD,2026-04-17T06:06:40,completed,marketplace
o004881,c00761,SKU0231,4,18168,USD,2026-01-26T02:21:41,refunded,web
o004882,c00118,SKU0170,1,1911,USD,2026-02-01T09:25:14,refunded,mobile
o004883,c00333,SKU0093,2,1108,USD,2026-02-19T01:01:38,completed,mobile
o004884,c00067,SKU0083,2,1982,USD,2026-02-02T07:27:41,completed,web
o004885,c00542,SKU0474,1,977,USD,2026-03-18T11:30:15,refunded,web
o004886,c00332,SKU0248,1,1178,USD,2026-04-12T18:46:05,shipped,web
o004887,c00228,SKU0446,2,5702,USD,2026-01-29T20:58:02,completed,web
o004888,c00771,SKU0125,1,6254,USD,2026-02-20T22:41:16,completed,web
o004889,c00861,SKU0406,2,3880,USD,2026-04-06T05:59:28,completed,web
o004890,c00748,SKU0402,1,2854,USD,2026-03-25T19:56:28,completed,web
o004891,c00860,SKU0500,3,4923,USD,2026-03-30T22:58:20,completed,web
o004892,c00455,SKU0135,2,5148,USD,2026-03-11T01:24:31,cancelled,web
o004893,c00548,SKU0141,3,13950,USD,2026-03-18T23:45:39,shipped,web
o004894,c00018,SKU0011,1,3240,USD,2026-03-02T19:46:51,shipped,web
o004895,c00929,SKU0222,3,3306,USD,2026-01-06T04:24:20,refunded,mobile
o004896,c00634,SKU0316,1,1284,USD,2026-03-11T01:16:42,completed,mobile
o004897,c00643,SKU0411,3,13266,USD,2026-02-23T21:25:18,completed,mobile
o004898,c00863,SKU0112,1,1132,USD,2026-03-23T14:15:27,cancelled,mobile
o004899,c00028,SKU0347,1,1174,USD,2026-03-09T17:00:57,cancelled,web
o004900,c00522,SKU0466,2,4698,USD,2026-04-13T04:24:45,completed,web
o004901,c00172,SKU0146,2,2556,USD,2026-04-12T18:17:34,shipped,web
o004902,c00234,SKU0331,3,4359,USD,2026-01-01T01:24:13,cancelled,web
o004903,c00882,SKU0180,3,6684,USD,2026-04-13T19:38:12,completed,web
o004904,c00226,SKU0020,1,6142,USD,2026-04-04T00:19:17,completed,web
o004905,c00349,SKU0214,2,3810,USD,2026-04-06T02:11:06,completed,marketplace
o004906,c00650,SKU0082,1,769,USD,2026-03-28T03:41:25,completed,mobile
o004907,c00964,SKU0498,2,4300,USD,2026-03-19T18:47:29,shipped,web
o004908,c00858,SKU0279,4,2364,USD,2026-04-07T18:28:39,completed,web
o004909,c00060,SKU0111,1,2592,USD,2026-02-09T10:03:14,cancelled,marketplace
o004910,c00815,SKU0061,2,6934,USD,2026-03-29T12:17:10,completed,mobile
o004911,c00664,SKU0232,1,1604,USD,2026-04-04T11:01:51,cancelled,marketplace
o004912,c00451,SKU0090,4,2440,USD,2026-04-26T18:40:55,shipped,mobile
o004913,c00448,SKU0125,1,6254,USD,2026-02-19T05:28:13,cancelled,marketplace
o004914,c00046,SKU0263,3,3669,USD,2026-04-19T10:43:20,refunded,mobile
o004915,c00148,SKU0494,1,832,USD,2026-02-21T08:30:59,completed,mobile
o004916,c00033,SKU0068,2,1564,USD,2026-04-27T05:05:47,completed,api
o004917,c00863,SKU0062,2,7308,USD,2026-03-26T02:52:44,completed,web
o004918,c00865,SKU0098,1,657,USD,2025-12-10T21:49:17,shipped,marketplace
o004919,c00836,SKU0496,1,4695,USD,2026-04-17T03:06:09,shipped,mobile
o004920,c00469,SKU0364,1,855,USD,2026-03-10T21:12:18,refunded,web
o004921,c00858,SKU0493,2,1646,USD,2026-03-25T22:51:37,refunded,web
o004922,c00929,SKU0233,1,2573,USD,2026-01-12T22:19:33,completed,web
o004923,c00749,SKU0021,3,2193,USD,2025-12-24T13:28:10,completed,web
o004924,c00828,SKU0152,1,6433,USD,2026-03-07T05:15:45,refunded,mobile
o004925,c00856,SKU0040,1,697,USD,2026-01-15T16:11:41,completed,web
o004926,c00158,SKU0084,1,786,USD,2026-03-03T12:16:26,completed,web
o004927,c00884,SKU0124,1,2458,USD,2026-04-06T08:46:13,cancelled,web
o004928,c00755,SKU0371,1,2100,USD,2026-01-03T13:30:04,completed,api
o004929,c00736,SKU0081,1,2195,USD,2026-01-20T01:15:54,completed,mobile
o004930,c00655,SKU0218,1,401,USD,2026-04-16T08:28:37,completed,web
o004931,c00823,SKU0229,1,1275,USD,2026-03-06T20:51:27,shipped,web
o004932,c00347,SKU0296,1,1506,USD,2026-03-21T04:09:34,completed,marketplace
o004933,c00261,SKU0171,1,1150,USD,2026-05-02T15:26:00,completed,web
o004934,c00648,SKU0383,3,4602,USD,2026-03-03T20:14:23,refunded,web
o004935,c00768,SKU0442,1,1767,USD,2026-02-13T11:19:28,completed,mobile
o004936,c00175,SKU0325,1,2411,USD,2026-02-22T10:10:55,cancelled,mobile
o004937,c00551,SKU0382,2,6148,USD,2026-03-14T14:22:43,completed,web
o004938,c00176,SKU0033,1,981,USD,2026-04-30T17:59:15,cancelled,web
o004939,c00926,SKU0379,1,1948,USD,2026-02-01T05:23:08,completed,mobile
o004940,c00174,SKU0212,1,1375,USD,2026-04-10T14:56:48,completed,web
o004941,c00075,SKU0398,1,3476,USD,2026-04-17T20:24:26,completed,web
o004942,c00354,SKU0111,1,2592,USD,2025-11-20T17:00:15,completed,web
o004943,c00223,SKU0055,1,1225,USD,2026-01-08T12:13:46,completed,web
o004944,c00650,SKU0198,1,1230,USD,2026-03-16T23:01:48,refunded,web
o004945,c00427,SKU0436,1,6595,USD,2026-04-13T09:55:08,refunded,web
o004946,c00671,SKU0311,1,1905,USD,2026-02-19T01:11:36,cancelled,web
o004947,c00054,SKU0066,2,5250,USD,2026-04-12T05:57:48,completed,web
o004948,c00263,SKU0440,2,4878,USD,2026-04-03T07:36:29,completed,web
o004949,c00730,SKU0016,2,1402,USD,2026-01-31T19:32:59,cancelled,web
o004950,c00457,SKU0008,5,13040,USD,2026-02-02T21:55:19,completed,mobile
o004951,c00367,SKU0474,3,2931,USD,2026-02-16T08:19:01,completed,mobile
o004952,c00827,SKU0410,1,1417,USD,2026-03-03T20:32:21,completed,mobile
o004953,c00757,SKU0038,1,564,USD,2026-03-30T08:36:44,shipped,web
o004954,c00846,SKU0252,1,598,USD,2026-01-02T11:56:22,completed,mobile
o004955,c00037,SKU0123,2,6902,USD,2026-04-11T20:22:59,refunded,web
o004956,c00245,SKU0306,1,1763,USD,2026-04-04T11:16:28,completed,mobile
o004957,c00939,SKU0410,2,2834,USD,2026-02-19T13:45:21,completed,web
o004958,c00825,SKU0209,3,8076,USD,2026-04-11T18:46:21,shipped,marketplace
o004959,c00324,SKU0220,1,1024,USD,2026-02-19T02:30:10,completed,marketplace
o004960,c00121,SKU0338,1,3496,USD,2026-03-26T20:21:08,completed,marketplace
o004961,c00272,SKU0364,2,1710,USD,2026-04-19T13:29:40,refunded,web
o004962,c00445,SKU0408,2,1390,USD,2026-03-20T09:42:05,shipped,web
o004963,c00738,SKU0332,1,3736,USD,2026-03-09T15:02:41,completed,web
o004964,c00850,SKU0145,1,3451,USD,2026-03-15T16:46:00,completed,web
o004965,c00333,SKU0020,3,18426,USD,2026-04-13T14:15:50,cancelled,mobile
o004966,c00747,SKU0274,1,3293,USD,2026-01-30T16:06:54,cancelled,web
o004967,c00450,SKU0117,3,5706,USD,2026-03-08T09:42:56,cancelled,mobile
o004968,c00558,SKU0292,1,1752,USD,2026-01-27T15:32:57,completed,api
o004969,c00041,SKU0350,1,3604,USD,2026-03-08T11:43:14,completed,web
o004970,c00059,SKU0080,3,8016,USD,2026-02-16T14:59:20,completed,mobile
o004971,c00047,SKU0429,2,856,USD,2026-01-31T14:14:24,completed,web
o004972,c00239,SKU0210,2,4692,USD,2026-02-06T04:49:58,completed,web
o004973,c00146,SKU0419,1,1304,USD,2026-03-16T10:20:24,completed,web
o004974,c00431,SKU0223,2,7656,USD,2026-04-21T10:09:58,refunded,marketplace
o004975,c00532,SKU0056,2,1540,USD,2026-02-10T07:02:54,shipped,mobile
o004976,c00129,SKU0154,3,5235,USD,2026-02-27T00:26:01,completed,web
o004977,c00335,SKU0092,5,4620,USD,2026-04-16T14:59:40,completed,web
o004978,c00048,SKU0060,4,16700,USD,2026-02-15T00:49:45,completed,web
o004979,c00199,SKU0258,3,4098,USD,2026-01-14T00:40:18,completed,mobile
o004980,c00730,SKU0209,4,10768,USD,2026-04-13T03:14:07,shipped,web
o004981,c00966,SKU0433,1,3034,USD,2025-12-29T18:37:06,completed,mobile
o004982,c00536,SKU0068,1,782,USD,2025-11-24T12:40:32,cancelled,mobile
o004983,c00947,SKU0304,2,4296,USD,2026-03-23T11:03:33,shipped,mobile
o004984,c00428,SKU0254,4,4744,USD,2026-01-10T00:04:26,cancelled,web
o004985,c00763,SKU0418,1,593,USD,2026-02-16T19:17:05,shipped,mobile
o004986,c00938,SKU0214,1,1905,USD,2026-03-31T01:44:27,cancelled,mobile
o004987,c00727,SKU0109,1,2192,USD,2026-04-30T02:40:34,completed,web
o004988,c00765,SKU0265,2,4546,USD,2025-12-27T19:58:28,refunded,web
o004989,c00543,SKU0103,1,380,USD,2025-12-16T02:11:28,completed,web
o004990,c00546,SKU0346,2,1146,USD,2026-02-25T06:14:59,refunded,web
o004991,c00247,SKU0099,1,454,USD,2026-03-03T14:12:55,completed,web
o004992,c00359,SKU0489,5,11790,USD,2026-03-25T08:48:56,shipped,web
o004993,c00825,SKU0211,3,3156,USD,2025-12-02T13:13:42,completed,web
o004994,c00858,SKU0401,1,908,USD,2026-03-29T22:13:03,completed,web
o004995,c00961,SKU0112,1,1132,USD,2026-01-05T03:59:11,refunded,mobile
o004996,c00522,SKU0378,2,9364,USD,2026-03-16T22:34:23,shipped,web
o004997,c00155,SKU0385,1,1577,USD,2026-05-04T09:29:58,shipped,web
o004998,c00055,SKU0198,1,1230,USD,2026-05-05T14:52:00,shipped,mobile
o004999,c00446,SKU0165,2,848,USD,2026-04-09T10:43:46,refunded,mobile
o005000,c00730,SKU0467,3,4383,USD,2026-05-06T02:57:33,completed,web
o005001,c00124,SKU0276,2,3202,USD,2026-01-18T10:55:32,refunded,mobile
o005002,c00241,SKU0331,3,4359,USD,2026-04-22T18:51:55,cancelled,mobile
o005003,c00547,SKU0074,1,679,USD,2026-02-11T01:28:28,completed,web
o005004,c00264,SKU0415,1,1794,USD,2026-04-19T21:28:21,refunded,mobile
o005005,c00439,SKU0254,1,1186,USD,2026-03-20T14:16:29,completed,web
o005006,c00078,SKU0133,1,2255,USD,2026-03-26T09:17:47,completed,mobile
o005007,c00849,SKU0383,1,1534,USD,2026-02-28T00:27:28,completed,mobile
o005008,c00865,SKU0398,1,3476,USD,2026-04-25T09:31:45,shipped,web
o005009,c00163,SKU0100,2,2862,USD,2026-04-07T13:47:58,completed,web
o005010,c00063,SKU0295,1,1506,USD,2026-04-11T06:41:27,cancelled,mobile
o005011,c00040,SKU0411,1,4422,USD,2026-02-07T01:59:53,cancelled,web
o005012,c00854,SKU0250,1,1834,USD,2026-04-30T13:27:08,refunded,web
o005013,c00932,SKU0430,4,27672,USD,2026-02-16T14:25:45,shipped,mobile
o005014,c00454,SKU0330,5,12095,USD,2026-02-16T13:52:26,completed,api
o005015,c00548,SKU0322,1,574,USD,2026-04-16T04:56:55,completed,web
o005016,c00240,SKU0252,4,2392,USD,2026-03-13T15:01:11,completed,mobile
o005017,c00483,SKU0087,1,3000,USD,2026-02-28T21:06:55,completed,web
o005018,c00346,SKU0071,4,5208,USD,2026-05-07T22:55:41,completed,mobile
o005019,c00559,SKU0232,2,3208,USD,2026-04-24T21:39:10,shipped,mobile
o005020,c00066,SKU0388,1,2098,USD,2026-04-10T04:30:25,completed,web
o005021,c00821,SKU0026,1,1628,USD,2026-03-06T11:52:26,shipped,web
o005022,c00576,SKU0412,2,2858,USD,2026-02-14T06:40:56,completed,mobile
o005023,c00846,SKU0082,2,1538,USD,2026-02-07T02:09:47,shipped,web
o005024,c00547,SKU0381,1,5064,USD,2026-04-18T22:57:50,refunded,web
o005025,c00846,SKU0243,3,5682,USD,2026-03-16T16:37:02,cancelled,web
o005026,c00656,SKU0255,2,7024,USD,2026-03-31T11:17:06,completed,web
o005027,c00854,SKU0012,2,1082,USD,2026-02-08T20:47:00,cancelled,mobile
o005028,c00129,SKU0221,1,1253,USD,2026-04-16T12:57:15,completed,web
o005029,c00735,SKU0219,5,12850,USD,2025-12-17T11:01:31,shipped,web
o005030,c00257,SKU0398,1,3476,USD,2026-03-23T10:42:45,completed,api
o005031,c00053,SKU0068,1,782,USD,2026-04-30T20:50:38,completed,web
o005032,c00083,SKU0134,2,4118,USD,2026-05-09T09:03:03,completed,mobile
o005033,c00446,SKU0023,2,5230,USD,2026-02-18T20:43:46,shipped,web
o005034,c00852,SKU0360,1,2885,USD,2026-04-06T00:49:29,completed,web
o005035,c00364,SKU0105,1,1467,USD,2025-12-07T10:18:04,completed,web
o005036,c00152,SKU0116,2,5342,USD,2026-03-02T07:54:22,completed,web
o005037,c00247,SKU0425,2,7064,USD,2026-04-16T14:21:39,completed,web
o005038,c00560,SKU0497,2,1792,USD,2026-04-20T09:54:13,refunded,web
o005039,c00065,SKU0123,2,6902,USD,2026-03-03T22:45:38,completed,web
o005040,c00648,SKU0036,3,3672,USD,2026-04-23T06:53:08,cancelled,web
o005041,c00985,SKU0068,5,3910,USD,2025-11-29T08:46:55,completed,web
o005042,c00824,SKU0067,2,5158,USD,2026-04-07T02:47:49,completed,web
o005043,c00168,SKU0447,2,10318,USD,2026-04-04T12:21:19,completed,marketplace
o005044,c00844,SKU0239,3,3033,USD,2026-04-05T13:38:43,completed,web
o005045,c00374,SKU0422,1,1034,USD,2026-02-13T22:50:36,completed,web
o005046,c00125,SKU0182,1,1302,USD,2026-02-10T11:26:00,refunded,web
o005047,c00165,SKU0413,5,27705,USD,2026-05-02T07:09:52,completed,mobile
o005048,c00955,SKU0211,2,2104,USD,2026-02-24T11:40:49,refunded,mobile
o005049,c00341,SKU0235,1,245,USD,2026-03-02T14:18:30,shipped,web
o005050,c00346,SKU0380,2,5606,USD,2026-03-21T12:20:42,completed,mobile
o005051,c00946,SKU0038,3,1692,USD,2025-12-29T20:47:58,shipped,web
o005052,c00570,SKU0027,1,926,USD,2026-02-15T02:55:40,refunded,marketplace
o005053,c00448,SKU0409,2,6614,USD,2026-04-09T10:57:10,cancelled,web
o005054,c00931,SKU0322,2,1148,USD,2026-04-07T15:53:21,cancelled,web
o005055,c00341,SKU0352,1,2939,USD,2026-01-17T17:58:11,completed,web
o005056,c00448,SKU0046,1,838,USD,2026-02-15T18:43:46,refunded,mobile
o005057,c00359,SKU0091,1,1316,USD,2026-03-17T11:16:21,completed,web
o005058,c00153,SKU0468,1,738,USD,2026-04-15T18:14:20,completed,mobile
o005059,c00073,SKU0468,4,2952,USD,2026-01-26T14:15:54,completed,mobile
o005060,c00244,SKU0096,5,3555,USD,2026-03-20T23:21:35,cancelled,mobile
o005061,c00461,SKU0024,1,1584,USD,2026-02-06T10:31:28,completed,web
o005062,c00419,SKU0323,3,2193,USD,2026-04-13T05:22:25,completed,web
o005063,c00671,SKU0156,1,671,USD,2025-12-15T20:29:05,completed,web
o005064,c00254,SKU0476,1,1551,USD,2026-01-23T04:20:19,completed,web
o005065,c00777,SKU0314,2,8978,USD,2026-02-27T08:41:06,refunded,mobile
o005066,c00769,SKU0287,5,3705,USD,2026-02-01T13:40:31,completed,web
o005067,c00238,SKU0489,2,4716,USD,2026-03-14T13:46:18,completed,web
o005068,c00327,SKU0249,3,36783,USD,2026-04-11T08:42:27,completed,mobile
o005069,c00647,SKU0429,1,428,USD,2025-12-26T09:45:25,shipped,web
o005070,c00661,SKU0436,2,13190,USD,2026-04-09T01:45:12,shipped,web
o005071,c00972,SKU0113,5,6050,USD,2026-01-31T17:03:46,completed,web
o005072,c00545,SKU0256,5,7395,USD,2026-04-18T09:53:08,completed,web
o005073,c00866,SKU0444,1,858,USD,2026-04-25T22:36:38,shipped,web
o005074,c00565,SKU0138,1,1820,USD,2026-01-31T11:17:23,completed,web
o005075,c00657,SKU0430,1,6918,USD,2026-03-21T03:00:39,completed,marketplace
o005076,c00774,SKU0188,2,3338,USD,2026-03-18T04:06:10,shipped,web
o005077,c00282,SKU0130,1,2599,USD,2025-12-15T06:29:36,shipped,web
o005078,c00843,SKU0203,1,3618,USD,2026-04-14T14:12:26,completed,web
o005079,c00337,SKU0179,3,16629,USD,2025-11-21T23:48:14,completed,mobile
o005080,c00165,SKU0001,5,3705,USD,2025-12-27T01:09:10,completed,web
o005081,c00135,SKU0364,2,1710,USD,2026-01-13T19:58:49,completed,mobile
o005082,c00741,SKU0341,4,5512,USD,2026-04-26T04:23:17,completed,web
o005083,c00963,SKU0396,1,1193,USD,2026-01-05T07:31:22,shipped,mobile
o005084,c00370,SKU0062,3,10962,USD,2026-03-31T02:42:19,completed,web
o005085,c00271,SKU0120,2,3748,USD,2026-04-07T12:15:24,completed,web
o005086,c00749,SKU0273,1,1382,USD,2026-01-11T13:48:23,completed,marketplace
o005087,c00065,SKU0281,3,5115,USD,2026-03-10T00:45:56,completed,api
o005088,c00425,SKU0240,3,5235,USD,2025-12-08T12:57:51,shipped,web
o005089,c00271,SKU0245,1,1602,USD,2025-12-26T18:04:17,refunded,mobile
o005090,c00553,SKU0224,1,6151,USD,2026-04-09T23:57:11,completed,web
o005091,c00966,SKU0070,1,1351,USD,2026-03-16T15:40:40,completed,web
o005092,c00856,SKU0442,1,1767,USD,2026-04-17T13:27:56,shipped,web
o005093,c00773,SKU0055,4,4900,USD,2026-03-25T05:34:32,completed,mobile
o005094,c00343,SKU0282,2,2294,USD,2026-05-06T12:07:38,refunded,web
o005095,c00024,SKU0177,2,16332,USD,2026-04-01T06:06:15,shipped,web
o005096,c00148,SKU0069,2,7962,USD,2026-04-18T19:10:25,completed,mobile
o005097,c00750,SKU0006,1,1173,USD,2025-11-19T13:40:24,completed,mobile
o005098,c00180,SKU0023,2,5230,USD,2026-02-03T02:04:35,completed,api
o005099,c00057,SKU0347,2,2348,USD,2026-03-14T23:31:13,completed,mobile
o005100,c00777,SKU0142,1,1177,USD,2026-03-19T09:42:36,cancelled,web
o005101,c00644,SKU0495,1,2050,USD,2025-12-25T22:08:44,completed,web
o005102,c00967,SKU0311,1,1905,USD,2026-04-10T17:33:15,completed,mobile
o005103,c00122,SKU0442,2,3534,USD,2026-04-21T17:05:50,shipped,mobile
o005104,c00839,SKU0473,2,1164,USD,2026-03-10T04:08:58,completed,web
o005105,c00058,SKU0156,1,671,USD,2026-04-30T03:36:46,completed,marketplace
o005106,c00531,SKU0066,1,2625,USD,2026-04-29T17:13:03,completed,mobile
o005107,c00445,SKU0214,4,7620,USD,2026-03-31T20:47:17,completed,mobile
o005108,c00657,SKU0438,1,1785,USD,2026-04-09T23:46:34,shipped,marketplace
o005109,c00839,SKU0471,1,796,USD,2025-12-21T23:19:41,completed,web
o005110,c00457,SKU0475,2,1362,USD,2026-04-29T16:21:00,completed,web
o005111,c00455,SKU0319,3,6783,USD,2026-03-15T00:10:01,completed,mobile
o005112,c00254,SKU0365,1,4993,USD,2026-01-14T19:51:57,completed,web
o005113,c00525,SKU0084,1,786,USD,2026-02-26T21:28:07,refunded,mobile
o005114,c00072,SKU0277,1,1657,USD,2026-01-23T18:12:51,completed,mobile
o005115,c00048,SKU0328,1,1502,USD,2026-03-30T06:16:31,completed,mobile
o005116,c00361,SKU0354,1,2674,USD,2026-03-19T06:00:54,completed,mobile
o005117,c00980,SKU0445,1,2862,USD,2026-03-31T13:14:54,refunded,web
o005118,c00319,SKU0070,1,1351,USD,2026-01-29T01:11:38,cancelled,web
o005119,c00025,SKU0104,1,1762,USD,2026-01-26T00:24:15,shipped,api
o005120,c00019,SKU0499,1,1836,USD,2026-02-16T13:32:20,completed,web
o005121,c00329,SKU0448,2,1070,USD,2026-05-03T04:24:12,completed,mobile
o005122,c00543,SKU0107,1,1345,USD,2026-03-28T17:31:03,completed,web
o005123,c00627,SKU0344,4,11428,USD,2025-12-08T17:18:49,shipped,web
o005124,c00246,SKU0324,1,596,USD,2026-04-20T15:16:34,cancelled,web
o005125,c00070,SKU0203,4,14472,USD,2026-04-08T16:26:58,cancelled,marketplace
o005126,c00535,SKU0132,1,3175,USD,2026-02-20T04:02:27,completed,mobile
o005127,c00342,SKU0330,1,2419,USD,2025-12-15T22:36:12,completed,web
o005128,c00645,SKU0300,2,22456,USD,2026-03-07T21:52:18,completed,mobile
o005129,c00333,SKU0313,1,3012,USD,2026-01-24T04:13:51,completed,web
o005130,c00873,SKU0215,1,2296,USD,2026-02-15T14:00:47,cancelled,mobile
o005131,c00129,SKU0298,1,877,USD,2026-05-04T08:14:20,refunded,web
o005132,c00146,SKU0012,1,541,USD,2026-04-04T08:15:44,completed,web
o005133,c00758,SKU0277,2,3314,USD,2026-03-09T05:49:01,completed,web
o005134,c00545,SKU0042,3,7440,USD,2025-12-14T10:34:39,shipped,api
o005135,c00479,SKU0007,5,3095,USD,2026-02-20T14:21:16,cancelled,mobile
o005136,c00219,SKU0174,1,4357,USD,2026-01-08T22:59:37,cancelled,mobile
o005137,c00385,SKU0369,2,7172,USD,2026-04-25T12:44:02,shipped,marketplace
o005138,c00069,SKU0036,1,1224,USD,2026-03-21T12:04:14,shipped,web
o005139,c00549,SKU0109,2,4384,USD,2026-02-26T15:28:36,completed,web
o005140,c00472,SKU0307,1,1096,USD,2026-04-05T03:42:18,completed,web
o005141,c00925,SKU0246,2,4576,USD,2026-04-13T05:49:08,cancelled,mobile
o005142,c00470,SKU0349,2,2112,USD,2025-11-26T19:23:45,shipped,web
o005143,c00643,SKU0259,1,1983,USD,2025-12-26T04:47:17,completed,mobile
o005144,c00259,SKU0268,3,4971,USD,2026-03-16T02:40:15,completed,web
o005145,c00747,SKU0046,1,838,USD,2026-03-31T18:05:56,completed,web
o005146,c00144,SKU0281,1,1705,USD,2025-11-29T14:58:08,completed,mobile
o005147,c00049,SKU0393,1,1733,USD,2026-02-05T21:53:06,shipped,web
o005148,c00882,SKU0334,2,2806,USD,2026-02-13T00:23:14,shipped,marketplace
o005149,c00031,SKU0304,2,4296,USD,2026-01-26T18:21:28,refunded,marketplace
o005150,c00672,SKU0337,1,533,USD,2026-03-12T03:20:09,completed,mobile
o005151,c00147,SKU0238,1,665,USD,2025-12-18T17:06:59,refunded,api
o005152,c00349,SKU0316,1,1284,USD,2026-03-03T02:06:43,shipped,web
o005153,c00439,SKU0254,1,1186,USD,2026-03-10T16:17:58,completed,web
o005154,c00460,SKU0376,1,1624,USD,2026-04-12T04:32:38,completed,web
o005155,c00857,SKU0076,2,2094,USD,2026-03-29T20:10:29,cancelled,web
o005156,c00064,SKU0169,1,1349,USD,2026-03-06T17:46:06,completed,web
o005157,c00355,SKU0221,2,2506,USD,2026-02-11T05:51:47,refunded,web
o005158,c00165,SKU0358,1,4889,USD,2026-01-04T15:57:16,completed,mobile
o005159,c00828,SKU0247,1,1622,USD,2026-02-24T00:20:56,completed,web
o005160,c00538,SKU0065,1,949,USD,2026-04-28T02:52:26,refunded,mobile
o005161,c00141,SKU0348,2,6604,USD,2026-01-25T22:00:59,completed,mobile
o005162,c00941,SKU0009,1,2365,USD,2026-04-01T05:51:04,refunded,web
o005163,c00762,SKU0449,1,1054,USD,2026-02-08T13:53:27,completed,web
o005164,c00569,SKU0293,1,3176,USD,2026-03-29T10:57:18,completed,mobile
o005165,c00247,SKU0190,2,3864,USD,2026-02-06T01:12:59,completed,mobile
o005166,c00056,SKU0030,1,2323,USD,2026-02-12T07:08:18,refunded,web
o005167,c00254,SKU0124,1,2458,USD,2026-04-17T12:24:17,completed,web
o005168,c00453,SKU0110,2,3668,USD,2026-03-29T18:11:02,shipped,marketplace
o005169,c00055,SKU0201,2,1334,USD,2026-04-25T01:25:24,completed,web
o005170,c00146,SKU0136,2,1408,USD,2026-04-21T13:24:44,refunded,web
o005171,c00344,SKU0343,1,2248,USD,2026-02-25T08:15:59,cancelled,web
o005172,c00733,SKU0219,1,2570,USD,2026-03-15T08:31:13,completed,web
o005173,c00851,SKU0211,2,2104,USD,2026-03-13T09:36:00,completed,web
o005174,c00951,SKU0498,1,2150,USD,2026-04-16T09:14:17,completed,web
o005175,c00949,SKU0208,1,1259,USD,2026-02-20T20:28:58,completed,mobile
o005176,c00748,SKU0056,3,2310,USD,2026-02-20T16:38:57,completed,mobile
o005177,c00570,SKU0052,1,2897,USD,2026-04-23T19:57:32,completed,web
o005178,c00846,SKU0293,1,3176,USD,2026-04-06T12:21:48,completed,web
o005179,c00053,SKU0062,1,3654,USD,2026-05-09T02:48:33,cancelled,web
o005180,c00139,SKU0422,1,1034,USD,2025-12-23T16:42:41,cancelled,mobile
o005181,c00528,SKU0318,2,5618,USD,2026-02-06T14:38:28,refunded,mobile
o005182,c00435,SKU0449,2,2108,USD,2026-01-13T16:27:07,completed,web
o005183,c00565,SKU0203,1,3618,USD,2026-01-16T19:06:51,completed,web
o005184,c00743,SKU0437,2,916,USD,2026-03-13T04:19:09,shipped,web
o005185,c00866,SKU0383,1,1534,USD,2026-03-09T02:26:42,completed,mobile
o005186,c00543,SKU0090,1,610,USD,2025-12-23T03:19:23,shipped,marketplace
o005187,c00464,SKU0469,2,3726,USD,2026-03-28T13:23:48,completed,web
o005188,c00566,SKU0007,1,619,USD,2026-03-03T00:36:51,completed,marketplace
o005189,c00937,SKU0006,2,2346,USD,2026-03-21T15:49:15,refunded,mobile
o005190,c00838,SKU0141,1,4650,USD,2026-02-27T10:59:35,shipped,mobile
o005191,c00765,SKU0473,1,582,USD,2026-04-25T22:05:22,completed,web
o005192,c00930,SKU0497,2,1792,USD,2025-12-27T15:48:58,completed,mobile
o005193,c00046,SKU0462,1,1224,USD,2026-03-11T04:18:04,completed,web
o005194,c00555,SKU0396,1,1193,USD,2026-04-29T14:49:36,completed,web
o005195,c00854,SKU0369,2,7172,USD,2026-03-17T09:12:47,refunded,web
o005196,c00547,SKU0437,1,458,USD,2026-02-19T18:49:55,completed,web
o005197,c00136,SKU0365,2,9986,USD,2026-04-18T23:55:22,shipped,mobile
o005198,c00784,SKU0237,1,2864,USD,2026-04-07T06:44:43,completed,api
o005199,c00052,SKU0086,2,2494,USD,2026-05-01T08:47:57,completed,mobile
o005200,c00882,SKU0137,1,1772,USD,2026-03-16T17:06:50,completed,web
o005201,c00743,SKU0093,1,554,USD,2026-02-25T08:49:19,completed,web
o005202,c00650,SKU0487,5,22085,USD,2026-01-10T06:21:01,completed,web
o005203,c00380,SKU0480,2,2040,USD,2026-04-07T21:22:11,refunded,web
o005204,c00451,SKU0325,3,7233,USD,2026-04-18T21:46:04,shipped,web
o005205,c00261,SKU0465,1,2443,USD,2026-01-22T07:22:52,completed,web
o005206,c00060,SKU0100,1,1431,USD,2025-12-27T21:39:35,cancelled,web
o005207,c00647,SKU0152,3,19299,USD,2026-04-16T18:45:06,completed,web
o005208,c00444,SKU0446,3,8553,USD,2026-02-03T11:24:21,completed,web
o005209,c00850,SKU0415,2,3588,USD,2026-02-13T16:54:09,completed,web
o005210,c00221,SKU0265,2,4546,USD,2025-12-02T11:23:23,refunded,mobile
o005211,c00367,SKU0160,1,1091,USD,2026-05-09T15:25:59,completed,web
o005212,c00972,SKU0213,1,2828,USD,2026-04-03T04:54:18,cancelled,mobile
o005213,c00031,SKU0002,1,1981,USD,2026-04-05T05:50:04,refunded,web
o005214,c00373,SKU0431,2,2466,USD,2026-01-29T05:26:26,completed,web
o005215,c00147,SKU0282,1,1147,USD,2026-02-25T02:03:33,refunded,mobile
o005216,c00652,SKU0358,1,4889,USD,2026-03-19T23:34:05,cancelled,mobile
o005217,c00576,SKU0076,4,4188,USD,2026-02-26T03:44:49,completed,mobile
o005218,c00170,SKU0193,1,1684,USD,2025-12-20T19:18:31,completed,web
o005219,c00236,SKU0319,4,9044,USD,2026-01-26T15:54:06,refunded,mobile
o005220,c00054,SKU0060,1,4175,USD,2025-12-18T21:52:01,completed,marketplace
o005221,c00874,SKU0039,1,3312,USD,2026-03-31T20:52:27,completed,web
o005222,c00567,SKU0303,3,2739,USD,2026-05-07T13:38:05,shipped,web
o005223,c00852,SKU0265,2,4546,USD,2026-02-06T05:54:05,refunded,web
o005224,c00415,SKU0298,1,877,USD,2026-01-03T04:13:12,shipped,web
o005225,c00151,SKU0205,2,3660,USD,2025-12-31T08:41:59,completed,web
o005226,c00527,SKU0165,1,424,USD,2026-03-14T16:18:30,completed,mobile
o005227,c00550,SKU0283,1,1525,USD,2026-03-06T23:59:52,refunded,web
o005228,c00344,SKU0467,1,1461,USD,2026-04-18T16:59:33,refunded,marketplace
o005229,c00328,SKU0364,2,1710,USD,2026-03-12T09:39:59,completed,web
o005230,c00967,SKU0251,1,2725,USD,2026-03-29T08:56:04,shipped,web
o005231,c00053,SKU0480,3,3060,USD,2026-04-05T11:26:45,completed,mobile
o005232,c00547,SKU0406,1,1940,USD,2026-04-15T02:22:43,shipped,mobile
o005233,c00736,SKU0068,2,1564,USD,2026-03-23T01:02:06,completed,web
o005234,c00132,SKU0279,1,591,USD,2026-02-25T08:50:35,completed,web
o005235,c00365,SKU0052,1,2897,USD,2026-02-02T11:30:09,cancelled,mobile
o005236,c00961,SKU0343,3,6744,USD,2026-03-19T17:12:41,completed,web
o005237,c00324,SKU0059,1,1210,USD,2026-03-24T18:58:50,shipped,web
o005238,c00245,SKU0424,3,8400,USD,2026-04-19T20:04:36,completed,web
o005239,c00270,SKU0270,1,671,USD,2026-01-14T20:14:44,cancelled,mobile
o005240,c00452,SKU0151,1,3420,USD,2026-02-28T15:12:37,completed,web
o005241,c00122,SKU0240,1,1745,USD,2026-01-03T13:56:18,shipped,marketplace
o005242,c00180,SKU0147,4,4048,USD,2026-02-23T10:35:47,shipped,mobile
o005243,c00337,SKU0112,1,1132,USD,2025-12-26T05:54:47,completed,web
o005244,c00738,SKU0491,2,1540,USD,2026-03-14T22:32:56,shipped,web
o005245,c00348,SKU0491,3,2310,USD,2026-01-22T14:53:19,completed,mobile
o005246,c00240,SKU0109,1,2192,USD,2026-04-12T02:17:57,cancelled,web
o005247,c00545,SKU0443,1,973,USD,2026-02-28T23:19:50,refunded,mobile
o005248,c00875,SKU0222,2,2204,USD,2026-01-12T21:24:56,completed,marketplace
o005249,c00246,SKU0202,1,700,USD,2026-01-29T04:32:00,completed,mobile
o005250,c00057,SKU0122,5,2655,USD,2026-04-20T04:39:25,cancelled,web
o005251,c00580,SKU0434,1,1467,USD,2026-01-31T10:09:32,completed,mobile
o005252,c00520,SKU0178,2,4918,USD,2026-04-28T04:50:06,completed,web
o005253,c00024,SKU0098,4,2628,USD,2026-01-27T18:48:08,cancelled,web
o005254,c00135,SKU0330,2,4838,USD,2026-02-05T23:35:21,completed,mobile
o005255,c00745,SKU0073,2,10724,USD,2026-04-16T11:53:07,refunded,web
o005256,c00558,SKU0240,1,1745,USD,2026-04-21T06:28:37,cancelled,mobile
o005257,c00115,SKU0080,4,10688,USD,2026-04-20T23:56:44,completed,mobile
o005258,c00941,SKU0385,1,1577,USD,2026-02-07T08:08:50,cancelled,web
o005259,c00907,SKU0052,1,2897,USD,2026-03-10T11:56:13,cancelled,web
o005260,c00633,SKU0162,1,1276,USD,2026-04-09T23:24:32,completed,mobile
o005261,c00987,SKU0074,1,679,USD,2025-12-13T18:45:32,cancelled,web
o005262,c00364,SKU0191,2,676,USD,2026-02-14T16:09:25,shipped,mobile
o005263,c00372,SKU0216,1,2606,USD,2026-01-31T19:22:41,refunded,web
o005264,c00944,SKU0374,1,1350,USD,2025-12-09T13:01:18,shipped,mobile
o005265,c00360,SKU0333,1,1813,USD,2026-02-13T10:12:57,completed,web
o005266,c00535,SKU0046,1,838,USD,2026-03-13T14:33:14,completed,mobile
o005267,c00919,SKU0146,1,1278,USD,2026-02-14T04:54:22,shipped,mobile
o005268,c00038,SKU0471,2,1592,USD,2026-02-13T08:33:07,refunded,web
o005269,c00554,SKU0291,2,3122,USD,2026-02-12T01:21:50,completed,api
o005270,c00443,SKU0018,1,1937,USD,2026-04-12T06:00:28,shipped,mobile
o005271,c00973,SKU0459,2,4156,USD,2026-04-05T09:56:04,shipped,web
o005272,c00651,SKU0168,2,3618,USD,2026-04-26T02:52:25,refunded,mobile
o005273,c00744,SKU0427,2,6996,USD,2026-03-04T12:17:11,completed,mobile
o005274,c00877,SKU0393,4,6932,USD,2026-03-31T08:23:14,cancelled,web
o005275,c00840,SKU0245,2,3204,USD,2026-02-20T13:31:06,shipped,web
o005276,c00648,SKU0151,1,3420,USD,2026-02-24T09:46:22,refunded,mobile
o005277,c00343,SKU0382,1,3074,USD,2026-02-10T23:06:15,completed,web
o005278,c00171,SKU0231,1,4542,USD,2026-02-19T22:08:29,completed,mobile
o005279,c00377,SKU0116,1,2671,USD,2026-01-17T11:10:08,cancelled,mobile
o005280,c00055,SKU0240,2,3490,USD,2026-03-27T00:40:05,completed,web
o005281,c00330,SKU0433,1,3034,USD,2026-03-20T08:49:51,completed,mobile
o005282,c00463,SKU0134,4,8236,USD,2026-01-03T17:25:54,completed,web
o005283,c00656,SKU0089,1,1836,USD,2026-03-31T05:29:14,completed,web
o005284,c00265,SKU0282,1,1147,USD,2026-02-23T00:48:59,completed,web
o005285,c00238,SKU0323,2,1462,USD,2026-02-19T12:48:41,cancelled,mobile
o005286,c00329,SKU0128,2,5586,USD,2026-04-04T02:09:32,completed,marketplace
o005287,c00141,SKU0474,1,977,USD,2026-04-11T22:53:46,completed,mobile
o005288,c00644,SKU0183,1,1086,USD,2026-03-16T20:14:52,completed,web
o005289,c00056,SKU0474,1,977,USD,2026-02-25T19:25:16,cancelled,web
o005290,c00674,SKU0247,1,1622,USD,2026-04-14T08:12:25,completed,mobile
o005291,c00229,SKU0065,1,949,USD,2026-03-13T22:19:41,completed,web
o005292,c00448,SKU0058,2,7488,USD,2025-11-30T09:20:49,shipped,web
o005293,c00141,SKU0134,1,2059,USD,2026-02-08T09:38:23,completed,mobile
o005294,c00658,SKU0203,1,3618,USD,2026-04-30T21:37:53,cancelled,mobile
o005295,c00843,SKU0126,1,3264,USD,2026-04-06T10:49:22,completed,web
o005296,c00737,SKU0228,1,1142,USD,2026-03-12T19:55:12,completed,web
o005297,c00956,SKU0250,1,1834,USD,2026-03-11T13:18:50,refunded,marketplace
o005298,c00444,SKU0031,2,2662,USD,2025-12-05T05:06:30,shipped,web
o005299,c00366,SKU0437,2,916,USD,2026-03-23T01:28:35,completed,web
o005300,c00061,SKU0090,2,1220,USD,2026-03-03T01:04:29,shipped,web
o005301,c00456,SKU0136,1,704,USD,2026-02-14T22:57:47,refunded,mobile
o005302,c00073,SKU0343,3,6744,USD,2025-12-12T23:43:44,shipped,marketplace
o005303,c00847,SKU0144,2,942,USD,2026-03-16T23:54:38,refunded,marketplace
o005304,c00635,SKU0291,1,1561,USD,2025-12-20T20:32:08,completed,web
o005305,c00359,SKU0333,2,3626,USD,2026-04-23T23:46:32,completed,mobile
o005306,c00616,SKU0332,3,11208,USD,2026-03-18T11:58:37,completed,web
o005307,c00358,SKU0009,1,2365,USD,2026-02-27T22:49:57,completed,web
o005308,c00260,SKU0019,1,2039,USD,2026-04-13T10:40:07,completed,web
o005309,c00169,SKU0124,2,4916,USD,2026-04-05T15:06:39,completed,mobile
o005310,c00266,SKU0072,3,2997,USD,2026-02-27T04:26:50,completed,web
o005311,c00535,SKU0454,1,1572,USD,2025-12-21T08:16:31,completed,mobile
o005312,c00251,SKU0303,1,913,USD,2026-04-04T21:09:00,cancelled,web
o005313,c00315,SKU0493,1,823,USD,2026-01-11T05:12:51,completed,web
o005314,c00973,SKU0404,2,5096,USD,2026-02-11T07:46:50,shipped,mobile
o005315,c00767,SKU0214,3,5715,USD,2026-03-29T21:52:12,completed,web
o005316,c00768,SKU0466,1,2349,USD,2026-03-08T08:54:22,cancelled,web
o005317,c00725,SKU0367,1,1192,USD,2026-04-18T06:14:34,completed,mobile
o005318,c00364,SKU0415,1,1794,USD,2026-03-21T16:34:23,cancelled,mobile
o005319,c00252,SKU0390,1,1831,USD,2026-05-07T23:23:42,completed,web
o005320,c00036,SKU0264,1,3443,USD,2026-04-02T22:28:10,refunded,web
o005321,c00850,SKU0448,5,2675,USD,2026-01-26T19:28:26,completed,mobile
o005322,c00049,SKU0238,2,1330,USD,2026-04-09T06:53:25,completed,web
o005323,c00961,SKU0117,2,3804,USD,2026-04-22T07:11:09,completed,mobile
o005324,c00251,SKU0460,1,406,USD,2026-03-06T07:58:23,completed,web
o005325,c00844,SKU0104,1,1762,USD,2026-05-12T15:34:21,completed,web
o005326,c00636,SKU0157,1,1456,USD,2026-04-03T08:23:15,shipped,web
o005327,c00251,SKU0144,1,471,USD,2025-12-26T04:27:30,completed,mobile
o005328,c00553,SKU0358,1,4889,USD,2026-04-01T12:19:26,refunded,mobile
o005329,c00652,SKU0105,1,1467,USD,2026-03-07T01:29:40,completed,web
o005330,c00782,SKU0139,3,2895,USD,2026-04-03T07:47:58,completed,mobile
o005331,c00031,SKU0138,1,1820,USD,2026-03-18T00:50:22,cancelled,mobile
o005332,c00678,SKU0041,1,2840,USD,2026-04-20T02:31:00,completed,web
o005333,c00663,SKU0087,1,3000,USD,2026-04-10T01:49:44,completed,mobile
o005334,c00315,SKU0089,1,1836,USD,2026-04-10T11:10:44,completed,web
o005335,c00242,SKU0145,1,3451,USD,2026-03-24T18:17:58,completed,mobile
o005336,c00853,SKU0457,1,786,USD,2026-02-15T13:25:02,shipped,web
o005337,c00424,SKU0093,1,554,USD,2025-12-10T02:04:03,cancelled,mobile
o005338,c00376,SKU0151,3,10260,USD,2026-02-24T20:00:43,cancelled,web
o005339,c00737,SKU0278,2,5872,USD,2025-12-11T14:08:45,completed,web
o005340,c00147,SKU0353,1,1723,USD,2026-03-31T04:52:53,completed,marketplace
o005341,c00065,SKU0090,4,2440,USD,2026-03-10T19:39:03,completed,mobile
o005342,c00827,SKU0492,2,2016,USD,2026-02-20T22:48:17,cancelled,web
o005343,c00246,SKU0235,1,245,USD,2026-04-09T00:50:06,completed,web
o005344,c00968,SKU0234,1,1499,USD,2026-03-22T02:25:45,refunded,web
o005345,c00457,SKU0068,1,782,USD,2026-03-20T04:31:32,shipped,mobile
o005346,c00766,SKU0416,1,456,USD,2026-01-23T14:50:28,shipped,web
o005347,c00769,SKU0201,2,1334,USD,2026-02-23T14:39:57,completed,mobile
o005348,c00869,SKU0119,3,4902,USD,2026-03-19T04:01:09,completed,web
o005349,c00250,SKU0239,2,2022,USD,2026-03-27T07:06:25,completed,web
o005350,c00356,SKU0367,2,2384,USD,2026-01-31T07:59:07,refunded,mobile
o005351,c00831,SKU0071,1,1302,USD,2026-03-26T18:56:50,refunded,web
o005352,c00352,SKU0318,2,5618,USD,2026-04-14T02:32:20,refunded,web
o005353,c00931,SKU0214,4,7620,USD,2026-04-12T05:57:58,refunded,web
o005354,c00422,SKU0248,1,1178,USD,2026-01-01T18:08:52,completed,web
o005355,c00084,SKU0405,2,2178,USD,2026-04-24T04:36:03,shipped,mobile
o005356,c00964,SKU0165,1,424,USD,2026-04-01T18:57:54,shipped,mobile
o005357,c00128,SKU0091,2,2632,USD,2026-03-29T11:27:26,shipped,web
o005358,c00867,SKU0138,2,3640,USD,2026-05-01T02:39:24,shipped,mobile
o005359,c00625,SKU0041,1,2840,USD,2026-04-11T00:56:09,completed,web
o005360,c00545,SKU0434,1,1467,USD,2025-12-26T17:27:38,completed,web
o005361,c00532,SKU0439,1,1845,USD,2026-02-03T17:42:39,completed,mobile
o005362,c00978,SKU0159,1,1000,USD,2026-03-20T21:21:07,completed,marketplace
o005363,c00880,SKU0249,2,24522,USD,2026-02-18T23:44:44,cancelled,web
o005364,c00164,SKU0130,1,2599,USD,2026-01-26T19:19:02,cancelled,web
o005365,c00961,SKU0431,1,1233,USD,2026-04-10T06:17:28,completed,web
o005366,c00255,SKU0192,1,1482,USD,2026-03-21T18:32:33,shipped,web
o005367,c00821,SKU0054,3,6516,USD,2026-04-29T14:49:45,shipped,web
o005368,c00339,SKU0259,4,7932,USD,2026-03-11T18:49:06,cancelled,web
o005369,c00669,SKU0257,4,22256,USD,2026-03-11T23:43:42,completed,web
o005370,c00577,SKU0242,1,1211,USD,2026-03-31T00:01:59,cancelled,web
o005371,c00955,SKU0435,1,2480,USD,2026-03-01T13:25:41,cancelled,web
o005372,c00850,SKU0088,1,1407,USD,2025-12-23T02:23:57,shipped,web
o005373,c00486,SKU0032,1,1223,USD,2026-04-18T06:17:45,completed,web
o005374,c00248,SKU0477,2,1748,USD,2026-02-25T21:39:24,refunded,web
o005375,c00236,SKU0301,3,1848,USD,2026-04-02T22:02:28,completed,web
o005376,c00238,SKU0351,3,7377,USD,2026-04-13T18:45:57,completed,mobile
o005377,c00741,SKU0387,1,671,USD,2025-12-25T04:03:16,completed,web
o005378,c00564,SKU0316,2,2568,USD,2026-03-11T11:23:04,completed,mobile
o005379,c00958,SKU0426,4,3472,USD,2026-02-03T13:44:38,completed,web
o005380,c00661,SKU0251,1,2725,USD,2026-04-12T09:06:31,completed,web
o005381,c00658,SKU0183,1,1086,USD,2026-03-11T03:19:33,completed,web
o005382,c00742,SKU0081,2,4390,USD,2026-02-04T07:09:53,refunded,web
o005383,c00573,SKU0308,2,1078,USD,2026-02-14T17:06:42,completed,mobile
o005384,c00050,SKU0424,1,2800,USD,2026-03-31T01:15:50,completed,mobile
o005385,c00759,SKU0178,1,2459,USD,2026-04-07T10:20:31,refunded,web
o005386,c00865,SKU0095,1,2196,USD,2026-03-07T14:39:38,refunded,web
o005387,c00656,SKU0125,3,18762,USD,2026-02-12T16:00:07,completed,mobile
o005388,c00953,SKU0006,2,2346,USD,2026-05-05T08:24:05,refunded,mobile
o005389,c00568,SKU0466,1,2349,USD,2026-04-10T18:34:28,completed,web
o005390,c00821,SKU0198,1,1230,USD,2025-12-28T11:29:27,shipped,web
o005391,c00949,SKU0301,1,616,USD,2026-02-14T08:43:50,completed,web
o005392,c00664,SKU0410,3,4251,USD,2026-02-16T10:10:54,shipped,mobile
o005393,c00873,SKU0192,2,2964,USD,2026-02-07T02:11:22,completed,web
o005394,c00559,SKU0411,2,8844,USD,2026-04-10T00:24:53,completed,web
o005395,c00028,SKU0116,1,2671,USD,2026-01-11T06:07:35,cancelled,mobile
o005396,c00867,SKU0228,1,1142,USD,2026-04-08T21:34:54,shipped,web
o005397,c00862,SKU0043,1,2980,USD,2026-03-27T01:25:34,shipped,web
o005398,c00983,SKU0379,1,1948,USD,2026-02-23T12:49:39,refunded,mobile
o005399,c00458,SKU0033,2,1962,USD,2026-02-14T02:34:40,cancelled,mobile
o005400,c00934,SKU0060,1,4175,USD,2026-02-20T17:06:20,completed,marketplace
o005401,c00665,SKU0411,1,4422,USD,2026-04-13T19:05:45,cancelled,web
o005402,c00629,SKU0055,1,1225,USD,2026-01-02T00:59:59,completed,mobile
o005403,c00258,SKU0463,2,4200,USD,2026-02-20T04:22:06,cancelled,web
o005404,c00661,SKU0425,1,3532,USD,2026-04-08T05:28:44,completed,web
o005405,c00230,SKU0289,1,1029,USD,2026-04-21T18:02:21,completed,web
o005406,c00449,SKU0305,2,3234,USD,2026-04-29T05:11:39,shipped,web
o005407,c00835,SKU0147,1,1012,USD,2026-01-19T03:01:20,refunded,mobile
o005408,c00927,SKU0115,1,2916,USD,2026-04-09T21:19:38,cancelled,web
o005409,c00072,SKU0044,4,9928,USD,2026-04-04T09:17:36,completed,web
o005410,c00622,SKU0370,1,1026,USD,2026-03-02T04:19:32,completed,web
o005411,c00148,SKU0050,1,5065,USD,2026-02-09T09:58:39,completed,mobile
o005412,c00573,SKU0065,1,949,USD,2026-01-25T11:28:22,refunded,web
o005413,c00086,SKU0280,1,1202,USD,2025-12-14T20:53:24,refunded,web
o005414,c00064,SKU0009,1,2365,USD,2026-02-07T15:38:54,completed,web
o005415,c00132,SKU0042,1,2480,USD,2026-02-08T14:28:35,refunded,mobile
o005416,c00439,SKU0198,3,3690,USD,2026-02-15T12:31:46,completed,web
o005417,c00341,SKU0264,1,3443,USD,2026-01-07T17:56:22,completed,mobile
o005418,c00541,SKU0236,2,3706,USD,2026-02-22T23:46:26,completed,web
o005419,c00919,SKU0335,1,1527,USD,2026-03-03T06:17:45,completed,mobile
o005420,c00453,SKU0090,2,1220,USD,2026-04-21T10:44:03,completed,web
o005421,c00346,SKU0224,3,18453,USD,2026-03-03T02:44:06,completed,marketplace
o005422,c00632,SKU0272,1,1569,USD,2026-04-22T11:38:10,shipped,mobile
o005423,c00031,SKU0462,1,1224,USD,2026-04-03T08:25:35,completed,web
o005424,c00633,SKU0453,5,10985,USD,2026-04-22T19:30:04,cancelled,web
o005425,c00669,SKU0320,3,1803,USD,2026-03-03T03:28:04,completed,web
o005426,c00646,SKU0119,1,1634,USD,2026-03-13T16:23:17,shipped,web
o005427,c00031,SKU0433,1,3034,USD,2026-04-08T18:37:39,refunded,marketplace
o005428,c00267,SKU0105,2,2934,USD,2026-03-12T15:45:39,shipped,web
o005429,c00042,SKU0421,1,558,USD,2026-05-03T21:25:53,completed,web
o005430,c00473,SKU0398,2,6952,USD,2026-03-03T03:05:48,completed,mobile
o005431,c00415,SKU0358,1,4889,USD,2026-05-04T08:22:27,refunded,mobile
o005432,c00520,SKU0277,5,8285,USD,2026-01-01T08:10:31,refunded,mobile
o005433,c00578,SKU0164,1,2416,USD,2026-02-03T21:59:44,completed,web
o005434,c00534,SKU0263,1,1223,USD,2026-03-07T06:01:13,refunded,mobile
o005435,c00560,SKU0239,1,1011,USD,2026-02-08T12:34:14,shipped,web
o005436,c00742,SKU0334,1,1403,USD,2026-04-04T10:35:40,completed,web
o005437,c00227,SKU0429,2,856,USD,2026-02-05T08:59:13,completed,web
o005438,c00551,SKU0157,1,1456,USD,2026-04-18T21:26:18,completed,web
o005439,c00268,SKU0133,1,2255,USD,2026-04-26T12:28:36,completed,web
o005440,c00576,SKU0003,1,581,USD,2026-02-25T23:28:00,completed,mobile
o005441,c00366,SKU0464,3,5946,USD,2026-02-22T08:25:20,completed,web
o005442,c00244,SKU0380,1,2803,USD,2026-04-22T08:28:15,completed,web
o005443,c00051,SKU0376,1,1624,USD,2026-01-15T03:42:55,shipped,web
o005444,c00252,SKU0398,4,13904,USD,2026-05-08T06:08:23,completed,mobile
o005445,c00121,SKU0203,3,10854,USD,2026-02-21T21:21:15,shipped,mobile
o005446,c00052,SKU0344,1,2857,USD,2026-03-20T06:28:44,cancelled,web
o005447,c00743,SKU0254,1,1186,USD,2026-04-02T03:54:20,completed,mobile
o005448,c00309,SKU0373,1,782,USD,2026-04-28T04:52:12,completed,mobile
o005449,c00051,SKU0431,1,1233,USD,2026-03-27T15:36:41,completed,api
o005450,c00053,SKU0361,1,3303,USD,2026-05-07T07:59:07,shipped,mobile
o005451,c00949,SKU0229,3,3825,USD,2026-03-19T21:06:19,refunded,mobile
o005452,c00925,SKU0345,3,7758,USD,2026-04-04T07:45:07,completed,web
o005453,c00582,SKU0269,1,601,USD,2026-02-27T03:13:40,completed,web
o005454,c00261,SKU0164,4,9664,USD,2026-03-25T18:54:47,completed,api
o005455,c00741,SKU0434,1,1467,USD,2026-03-09T12:15:55,completed,api
o005456,c00444,SKU0423,3,10383,USD,2026-04-10T09:36:02,refunded,web
o005457,c00049,SKU0067,1,2579,USD,2026-04-17T07:01:21,shipped,web
o005458,c00759,SKU0103,1,380,USD,2026-04-12T00:48:32,cancelled,mobile
o005459,c00643,SKU0031,2,2662,USD,2026-04-29T07:02:18,completed,mobile
o005460,c00287,SKU0344,1,2857,USD,2026-01-12T07:36:01,completed,mobile
o005461,c00634,SKU0414,1,3365,USD,2026-04-13T06:41:01,completed,web
o005462,c00331,SKU0245,2,3204,USD,2026-03-03T02:27:29,completed,mobile
o005463,c00864,SKU0351,1,2459,USD,2026-01-11T06:34:54,completed,mobile
o005464,c00256,SKU0114,1,2959,USD,2026-02-14T05:53:51,completed,web
o005465,c00052,SKU0317,1,5905,USD,2026-04-25T04:30:22,refunded,web
o005466,c00934,SKU0446,2,5702,USD,2026-04-05T10:18:38,shipped,marketplace
o005467,c00472,SKU0320,1,601,USD,2026-01-31T22:28:47,completed,web
o005468,c00635,SKU0104,1,1762,USD,2026-04-11T01:40:29,shipped,mobile
o005469,c00960,SKU0065,1,949,USD,2026-02-08T05:26:39,shipped,web
o005470,c00437,SKU0288,2,942,USD,2026-03-03T03:07:09,shipped,web
o005471,c00250,SKU0031,1,1331,USD,2026-02-08T18:40:19,completed,web
o005472,c00551,SKU0073,1,5362,USD,2026-03-26T03:04:57,cancelled,mobile
o005473,c00574,SKU0202,2,1400,USD,2026-02-23T22:25:44,shipped,web
o005474,c00541,SKU0167,2,3652,USD,2026-04-25T16:00:28,completed,web
o005475,c00246,SKU0484,3,4971,USD,2026-02-21T23:06:33,shipped,mobile
o005476,c00155,SKU0300,2,22456,USD,2026-04-18T17:46:56,completed,mobile
o005477,c00578,SKU0216,1,2606,USD,2026-03-31T16:29:29,cancelled,mobile
o005478,c00452,SKU0374,2,2700,USD,2025-12-18T02:53:55,cancelled,mobile
o005479,c00626,SKU0137,2,3544,USD,2026-04-12T18:53:44,shipped,web
o005480,c00023,SKU0150,4,2940,USD,2026-04-08T01:11:51,completed,web
o005481,c00230,SKU0338,1,3496,USD,2026-04-20T22:13:33,completed,web
o005482,c00853,SKU0116,2,5342,USD,2026-01-19T08:55:28,shipped,web
o005483,c00546,SKU0317,1,5905,USD,2026-01-04T23:06:49,completed,web
o005484,c00567,SKU0307,1,1096,USD,2026-03-29T23:09:12,completed,mobile
o005485,c00612,SKU0232,1,1604,USD,2026-05-06T15:20:39,completed,web
o005486,c00261,SKU0032,1,1223,USD,2026-01-05T17:41:13,shipped,web
o005487,c00247,SKU0160,1,1091,USD,2026-02-26T21:22:52,completed,web
o005488,c00573,SKU0351,1,2459,USD,2026-04-04T00:27:05,shipped,mobile
o005489,c00749,SKU0386,1,1908,USD,2026-04-22T17:41:08,completed,web
o005490,c00036,SKU0094,1,956,USD,2026-04-14T18:46:57,completed,web
o005491,c00152,SKU0018,1,1937,USD,2026-04-17T07:49:32,completed,web
o005492,c00669,SKU0186,1,2725,USD,2026-03-14T05:03:39,completed,web
o005493,c00055,SKU0370,3,3078,USD,2026-03-04T02:32:09,shipped,marketplace
o005494,c00959,SKU0316,1,1284,USD,2026-05-03T03:14:46,completed,mobile
o005495,c00020,SKU0112,1,1132,USD,2026-03-03T18:41:26,shipped,web
o005496,c00060,SKU0119,2,3268,USD,2026-01-30T22:41:45,completed,web
o005497,c00034,SKU0151,2,6840,USD,2026-03-22T15:25:07,completed,web
o005498,c00352,SKU0173,2,1424,USD,2026-05-01T06:12:37,completed,web
o005499,c00936,SKU0359,3,8229,USD,2026-01-16T13:20:11,refunded,mobile
o005500,c00045,SKU0354,2,5348,USD,2025-12-04T21:18:33,completed,web
o005501,c00867,SKU0483,1,686,USD,2026-03-24T22:49:09,refunded,web
o005502,c00155,SKU0059,1,1210,USD,2026-03-01T16:30:22,completed,web
o005503,c00853,SKU0039,1,3312,USD,2026-03-28T02:24:47,shipped,mobile
o005504,c00736,SKU0139,1,965,USD,2026-01-22T06:27:55,completed,web
o005505,c00131,SKU0253,5,5105,USD,2026-02-26T09:05:39,completed,mobile
o005506,c00665,SKU0144,1,471,USD,2026-03-07T17:32:31,refunded,web
o005507,c00654,SKU0465,1,2443,USD,2026-03-02T20:14:11,completed,web
o005508,c00953,SKU0447,3,15477,USD,2026-04-23T06:36:19,refunded,web
o005509,c00752,SKU0212,1,1375,USD,2026-03-02T11:41:31,shipped,mobile
o005510,c00340,SKU0138,1,1820,USD,2026-01-14T22:51:44,completed,web
o005511,c00980,SKU0460,1,406,USD,2026-03-14T08:58:22,completed,web
o005512,c00427,SKU0196,1,1240,USD,2026-04-11T05:13:39,completed,web
o005513,c00353,SKU0249,1,12261,USD,2026-02-23T02:13:39,completed,web
o005514,c00035,SKU0238,1,665,USD,2026-03-21T16:12:26,completed,web
o005515,c00302,SKU0122,3,1593,USD,2026-03-01T10:15:03,cancelled,web
o005516,c00741,SKU0022,2,1780,USD,2026-04-16T13:44:08,completed,web
o005517,c00548,SKU0154,2,3490,USD,2026-02-05T17:19:24,completed,mobile
o005518,c00982,SKU0023,1,2615,USD,2026-04-24T13:51:52,completed,mobile
o005519,c00765,SKU0223,1,3828,USD,2026-05-03T12:37:04,cancelled,web
o005520,c00361,SKU0376,1,1624,USD,2026-01-14T06:20:48,shipped,web
o005521,c00457,SKU0305,1,1617,USD,2026-03-30T01:30:08,completed,mobile
o005522,c00472,SKU0103,1,380,USD,2026-03-28T14:28:56,completed,web
o005523,c00838,SKU0145,4,13804,USD,2025-12-27T22:14:13,completed,mobile
o005524,c00386,SKU0464,2,3964,USD,2026-01-22T16:58:22,completed,web
o005525,c00034,SKU0348,4,13208,USD,2026-04-03T23:11:21,refunded,api
o005526,c00851,SKU0032,1,1223,USD,2026-01-23T21:05:11,completed,mobile
o005527,c00258,SKU0267,2,4676,USD,2026-01-02T01:36:55,shipped,web
o005528,c00785,SKU0151,1,3420,USD,2026-01-22T16:29:09,completed,web
o005529,c00117,SKU0468,1,738,USD,2026-03-31T12:02:52,cancelled,mobile
o005530,c00304,SKU0046,2,1676,USD,2026-04-20T19:40:43,completed,web
o005531,c00535,SKU0037,2,3780,USD,2026-04-24T13:06:21,completed,web
o005532,c00438,SKU0315,1,2748,USD,2026-02-24T04:46:58,shipped,web
o005533,c00561,SKU0336,2,1268,USD,2026-02-27T03:31:17,completed,mobile
o005534,c00756,SKU0084,1,786,USD,2026-03-31T17:03:30,completed,web
o005535,c00068,SKU0180,1,2228,USD,2026-03-18T15:19:08,cancelled,web
o005536,c00140,SKU0075,3,2910,USD,2025-12-11T03:44:17,completed,web
o005537,c00367,SKU0275,2,2618,USD,2026-03-09T12:02:23,refunded,web
o005538,c00626,SKU0471,1,796,USD,2026-03-31T12:45:59,completed,web
o005539,c00740,SKU0405,1,1089,USD,2026-01-03T11:39:29,cancelled,web
o005540,c00444,SKU0256,1,1479,USD,2026-04-15T23:32:40,completed,web
o005541,c00338,SKU0305,1,1617,USD,2026-02-24T06:47:34,completed,web
o005542,c00352,SKU0228,3,3426,USD,2026-01-01T02:38:06,completed,api
o005543,c00435,SKU0214,2,3810,USD,2025-12-10T23:24:24,completed,web
o005544,c00892,SKU0437,3,1374,USD,2026-04-27T22:37:25,shipped,mobile
o005545,c00568,SKU0313,1,3012,USD,2025-12-19T04:23:10,cancelled,mobile
o005546,c00965,SKU0451,1,2349,USD,2026-03-12T02:32:17,completed,mobile
o005547,c00153,SKU0466,3,7047,USD,2026-04-14T06:10:37,completed,mobile
o005548,c00730,SKU0076,1,1047,USD,2026-03-28T13:25:09,cancelled,web
o005549,c00378,SKU0213,1,2828,USD,2026-01-22T22:29:08,cancelled,web
o005550,c00127,SKU0396,4,4772,USD,2026-02-25T19:51:46,completed,mobile
o005551,c00339,SKU0349,1,1056,USD,2026-02-19T13:41:12,completed,web
o005552,c00867,SKU0472,1,562,USD,2026-03-25T11:08:42,completed,mobile
o005553,c00553,SKU0298,1,877,USD,2026-02-07T22:54:54,completed,web
o005554,c00844,SKU0468,4,2952,USD,2026-03-13T02:35:35,shipped,mobile
o005555,c00625,SKU0484,4,6628,USD,2026-04-05T13:55:01,completed,web
o005556,c00520,SKU0341,2,2756,USD,2026-04-14T03:46:05,completed,web
o005557,c00733,SKU0402,1,2854,USD,2026-01-11T22:59:41,completed,web
o005558,c00974,SKU0072,1,999,USD,2026-01-08T17:04:13,cancelled,web
o005559,c00345,SKU0427,2,6996,USD,2026-03-03T10:27:00,completed,mobile
o005560,c00457,SKU0474,1,977,USD,2026-03-06T09:59:06,shipped,web
o005561,c00767,SKU0281,1,1705,USD,2025-12-27T10:27:39,completed,web
o005562,c00371,SKU0358,2,9778,USD,2026-02-04T21:20:40,completed,web
o005563,c00867,SKU0476,1,1551,USD,2026-01-26T11:12:11,completed,mobile
o005564,c00744,SKU0272,1,1569,USD,2026-03-30T16:23:00,refunded,mobile
o005565,c00243,SKU0144,1,471,USD,2026-02-10T13:16:36,completed,mobile
o005566,c00260,SKU0008,1,2608,USD,2025-12-27T15:31:20,completed,web
o005567,c00964,SKU0488,1,2001,USD,2026-03-11T07:48:29,completed,mobile
o005568,c00663,SKU0409,2,6614,USD,2026-04-06T13:05:33,cancelled,web
o005569,c00158,SKU0268,1,1657,USD,2026-04-14T03:10:31,shipped,api
o005570,c00648,SKU0487,1,4417,USD,2025-12-19T00:28:54,shipped,web
o005571,c00739,SKU0208,2,2518,USD,2026-04-27T10:22:03,cancelled,web
o005572,c00134,SKU0385,1,1577,USD,2026-02-20T06:54:52,completed,mobile
o005573,c00340,SKU0326,2,3152,USD,2026-01-13T19:18:06,shipped,web
o005574,c00352,SKU0492,1,1008,USD,2026-02-16T04:24:16,shipped,marketplace
o005575,c00456,SKU0316,1,1284,USD,2025-12-16T17:14:14,completed,web
o005576,c00421,SKU0271,2,2538,USD,2026-03-07T09:56:20,shipped,web
o005577,c00544,SKU0393,3,5199,USD,2026-03-13T01:37:46,completed,web
o005578,c00456,SKU0118,5,8945,USD,2026-02-19T04:38:11,completed,web
o005579,c00565,SKU0135,1,2574,USD,2026-01-23T18:06:35,shipped,web
o005580,c00937,SKU0498,1,2150,USD,2026-02-10T02:44:41,completed,api
o005581,c00637,SKU0161,1,1717,USD,2026-02-01T07:58:35,cancelled,web
o005582,c00864,SKU0204,1,7248,USD,2026-03-21T18:21:58,refunded,marketplace
o005583,c00045,SKU0435,2,4960,USD,2026-02-13T17:21:31,completed,marketplace
o005584,c00834,SKU0344,2,5714,USD,2026-02-07T13:09:52,completed,mobile
o005585,c00154,SKU0421,2,1116,USD,2026-02-18T02:06:33,completed,mobile
o005586,c00740,SKU0496,1,4695,USD,2026-01-07T23:40:37,completed,web
o005587,c00173,SKU0322,1,574,USD,2026-03-28T10:22:20,completed,mobile
o005588,c00028,SKU0084,2,1572,USD,2026-01-09T09:31:51,completed,api
o005589,c00873,SKU0185,1,2209,USD,2026-04-13T05:13:16,cancelled,web
o005590,c00951,SKU0411,1,4422,USD,2026-01-10T20:18:47,shipped,mobile
o005591,c00655,SKU0347,1,1174,USD,2026-02-27T17:20:30,completed,web
o005592,c00076,SKU0452,1,2546,USD,2026-03-20T06:33:43,cancelled,web
o005593,c00968,SKU0147,1,1012,USD,2026-03-20T03:25:51,completed,web
o005594,c00834,SKU0365,1,4993,USD,2026-01-17T02:52:10,completed,web
o005595,c00836,SKU0224,1,6151,USD,2026-01-03T12:13:31,completed,marketplace
o005596,c00745,SKU0309,2,4204,USD,2026-03-21T20:11:55,completed,web
o005597,c00851,SKU0110,3,5502,USD,2026-03-09T17:43:18,completed,web
o005598,c00368,SKU0346,5,2865,USD,2026-04-23T14:54:07,cancelled,web
o005599,c00457,SKU0302,5,8135,USD,2025-12-12T04:19:46,refunded,mobile
o005600,c00647,SKU0083,1,991,USD,2026-03-20T22:12:09,cancelled,web
o005601,c00324,SKU0166,1,1353,USD,2026-01-20T04:43:42,refunded,web
o005602,c00421,SKU0228,2,2284,USD,2026-03-26T11:00:11,cancelled,mobile
o005603,c00848,SKU0140,3,8721,USD,2026-01-13T10:28:54,shipped,web
o005604,c00440,SKU0430,1,6918,USD,2026-04-14T07:29:58,completed,web
o005605,c00641,SKU0319,1,2261,USD,2026-02-15T01:02:47,completed,api
o005606,c00650,SKU0055,3,3675,USD,2026-04-21T10:24:52,completed,web
o005607,c00346,SKU0245,2,3204,USD,2026-01-27T17:03:07,refunded,web
o005608,c00932,SKU0278,2,5872,USD,2026-04-11T06:39:09,refunded,mobile
o005609,c00842,SKU0388,2,4196,USD,2026-05-04T05:27:04,completed,web
o005610,c00425,SKU0374,1,1350,USD,2026-01-05T09:14:06,completed,web
o005611,c00173,SKU0025,4,3804,USD,2026-04-30T07:01:59,cancelled,web
o005612,c00730,SKU0131,5,4190,USD,2026-03-27T07:26:25,completed,web
o005613,c00368,SKU0215,2,4592,USD,2026-02-09T22:56:08,completed,web
o005614,c00632,SKU0416,3,1368,USD,2026-04-19T16:20:35,refunded,web
o005615,c00269,SKU0320,1,601,USD,2026-03-30T08:20:24,cancelled,web
o005616,c00923,SKU0135,2,5148,USD,2026-04-08T02:48:24,completed,web
o005617,c00563,SKU0375,5,14645,USD,2025-12-28T17:26:41,completed,web
o005618,c00618,SKU0142,2,2354,USD,2026-02-25T01:08:43,refunded,web
o005619,c00065,SKU0182,5,6510,USD,2026-03-28T06:30:14,refunded,mobile
o005620,c00057,SKU0457,2,1572,USD,2026-04-16T03:44:00,completed,web
o005621,c00653,SKU0374,1,1350,USD,2026-01-19T22:48:49,completed,mobile
o005622,c00064,SKU0280,1,1202,USD,2026-04-17T17:01:28,refunded,web
o005623,c00449,SKU0493,1,823,USD,2026-04-10T08:47:07,completed,web
o005624,c00837,SKU0051,1,380,USD,2026-02-21T01:04:49,completed,mobile
o005625,c00447,SKU0446,1,2851,USD,2026-01-28T22:55:37,shipped,mobile
o005626,c00476,SKU0379,1,1948,USD,2026-04-07T06:49:31,completed,web
o005627,c00451,SKU0318,1,2809,USD,2026-01-06T11:38:28,cancelled,web
o005628,c00472,SKU0080,1,2672,USD,2026-04-13T17:10:18,completed,web
o005629,c00553,SKU0152,1,6433,USD,2026-04-02T06:45:13,refunded,web
o005630,c00755,SKU0298,1,877,USD,2026-01-03T00:40:57,completed,mobile
o005631,c00468,SKU0110,1,1834,USD,2026-02-03T11:26:02,completed,web
o005632,c00235,SKU0243,1,1894,USD,2026-02-05T04:17:59,refunded,web
o005633,c00864,SKU0012,2,1082,USD,2026-04-19T07:01:35,completed,mobile
o005634,c00480,SKU0247,1,1622,USD,2026-04-06T06:37:01,shipped,mobile
o005635,c00745,SKU0189,1,1538,USD,2026-04-28T15:25:02,refunded,web
o005636,c00672,SKU0332,1,3736,USD,2026-03-22T00:56:58,shipped,web
o005637,c00756,SKU0035,2,1078,USD,2026-03-20T04:31:23,cancelled,web
o005638,c00848,SKU0423,1,3461,USD,2026-01-07T14:39:30,completed,web
o005639,c00878,SKU0285,1,1369,USD,2026-04-26T10:58:12,completed,marketplace
o005640,c00281,SKU0428,1,1493,USD,2026-04-14T20:20:53,refunded,web
o005641,c00239,SKU0261,1,956,USD,2026-04-12T07:12:31,shipped,web
o005642,c00123,SKU0157,1,1456,USD,2026-03-03T20:28:29,completed,mobile
o005643,c00845,SKU0275,3,3927,USD,2026-01-20T20:56:04,refunded,mobile
o005644,c00528,SKU0127,5,17695,USD,2026-02-27T08:51:39,completed,web
o005645,c00753,SKU0293,1,3176,USD,2026-04-19T19:29:52,completed,web
o005646,c00422,SKU0370,1,1026,USD,2026-04-11T06:57:46,cancelled,mobile
o005647,c00621,SKU0167,2,3652,USD,2026-04-01T23:03:43,completed,web
o005648,c00639,SKU0426,1,868,USD,2026-01-24T01:02:24,completed,mobile
o005649,c00355,SKU0277,1,1657,USD,2026-04-10T12:56:12,completed,marketplace
o005650,c00644,SKU0482,1,1037,USD,2026-02-15T03:14:27,completed,mobile
o005651,c00771,SKU0468,3,2214,USD,2026-02-16T18:07:53,completed,mobile
o005652,c00341,SKU0135,4,10296,USD,2026-03-22T15:50:50,cancelled,web
o005653,c00747,SKU0386,1,1908,USD,2026-04-08T18:38:47,completed,web
o005654,c00767,SKU0282,1,1147,USD,2026-03-03T14:21:45,completed,web
o005655,c00571,SKU0361,1,3303,USD,2026-03-29T00:49:15,refunded,mobile
o005656,c00347,SKU0239,2,2022,USD,2026-01-30T13:10:51,shipped,web
o005657,c00355,SKU0328,1,1502,USD,2026-02-19T03:21:37,cancelled,marketplace
o005658,c00545,SKU0482,1,1037,USD,2026-04-06T16:34:38,cancelled,web
o005659,c00616,SKU0178,1,2459,USD,2026-03-27T17:28:36,completed,marketplace
o005660,c00080,SKU0247,2,3244,USD,2026-02-23T08:19:05,completed,web
o005661,c00846,SKU0380,4,11212,USD,2026-04-09T19:27:03,completed,web
o005662,c00534,SKU0048,1,1267,USD,2026-03-01T23:41:10,completed,mobile
o005663,c00781,SKU0071,1,1302,USD,2026-03-14T20:02:00,completed,api
o005664,c00414,SKU0347,4,4696,USD,2026-02-28T14:51:28,completed,web
o005665,c00453,SKU0476,2,3102,USD,2026-02-13T18:24:45,shipped,web
o005666,c00059,SKU0342,1,593,USD,2026-03-19T01:49:03,shipped,web
o005667,c00880,SKU0369,3,10758,USD,2026-02-12T15:58:08,completed,web
o005668,c00358,SKU0362,1,1740,USD,2026-02-15T11:00:15,completed,web
o005669,c00769,SKU0126,1,3264,USD,2026-03-07T08:46:08,cancelled,mobile
o005670,c00436,SKU0120,1,1874,USD,2026-04-11T11:40:45,refunded,marketplace
o005671,c00324,SKU0165,2,848,USD,2026-03-23T03:52:18,completed,web
o005672,c00345,SKU0056,2,1540,USD,2026-02-27T20:55:49,completed,web
o005673,c00017,SKU0081,2,4390,USD,2026-04-23T08:41:15,refunded,web
o005674,c00357,SKU0113,1,1210,USD,2026-04-10T19:37:49,completed,web
o005675,c00450,SKU0051,1,380,USD,2026-01-26T02:50:46,shipped,web
o005676,c00156,SKU0071,1,1302,USD,2026-01-17T23:04:49,refunded,mobile
o005677,c00357,SKU0181,2,1790,USD,2026-02-16T06:15:53,shipped,mobile
o005678,c00161,SKU0418,1,593,USD,2026-05-09T05:11:34,cancelled,web
o005679,c00055,SKU0444,5,4290,USD,2026-02-21T21:08:26,completed,mobile
o005680,c00144,SKU0266,2,4724,USD,2026-03-15T02:04:58,refunded,web
o005681,c00058,SKU0320,3,1803,USD,2026-03-05T00:10:20,completed,web
o005682,c00880,SKU0193,1,1684,USD,2026-02-27T00:42:19,completed,web
o005683,c00524,SKU0172,5,30275,USD,2025-12-18T03:24:36,completed,web
o005684,c00539,SKU0359,2,5486,USD,2026-03-10T11:21:51,completed,web
o005685,c00948,SKU0081,1,2195,USD,2025-12-12T19:48:07,refunded,mobile
o005686,c00747,SKU0186,1,2725,USD,2026-03-28T09:34:05,refunded,web
o005687,c00976,SKU0078,3,2757,USD,2026-03-13T02:13:28,shipped,web
o005688,c00286,SKU0229,2,2550,USD,2026-02-05T10:26:57,completed,mobile
o005689,c00444,SKU0343,1,2248,USD,2026-04-27T23:49:32,completed,web
o005690,c00737,SKU0219,2,5140,USD,2026-02-23T03:49:50,refunded,marketplace
o005691,c00884,SKU0442,3,5301,USD,2026-04-12T21:40:10,completed,mobile
o005692,c00823,SKU0319,1,2261,USD,2026-04-05T05:11:40,shipped,mobile
o005693,c00635,SKU0374,1,1350,USD,2026-03-25T09:18:39,completed,web
o005694,c00130,SKU0420,2,1320,USD,2025-11-25T22:51:50,completed,mobile
o005695,c00864,SKU0239,1,1011,USD,2025-12-01T22:22:24,cancelled,mobile
o005696,c00567,SKU0240,1,1745,USD,2026-02-18T14:17:51,cancelled,mobile
o005697,c00036,SKU0425,1,3532,USD,2026-02-08T04:07:15,completed,web
o005698,c00665,SKU0035,2,1078,USD,2026-04-06T09:17:32,refunded,mobile
o005699,c00254,SKU0303,2,1826,USD,2026-01-28T12:38:49,refunded,mobile
o005700,c00756,SKU0392,2,3680,USD,2025-12-21T04:02:53,refunded,mobile
o005701,c00354,SKU0353,2,3446,USD,2025-11-26T12:43:31,refunded,mobile
o005702,c00029,SKU0320,1,601,USD,2026-04-13T17:57:54,cancelled,marketplace
o005703,c00168,SKU0481,2,1836,USD,2026-04-07T22:42:43,completed,web
o005704,c00663,SKU0202,1,700,USD,2026-05-03T00:36:00,cancelled,mobile
o005705,c00759,SKU0262,2,1396,USD,2026-02-18T12:21:17,completed,mobile
o005706,c00152,SKU0053,1,1804,USD,2026-02-11T02:48:04,completed,web
o005707,c00944,SKU0482,2,2074,USD,2026-03-29T23:56:40,completed,mobile
o005708,c00152,SKU0047,1,1735,USD,2026-01-27T20:48:35,shipped,web
o005709,c00165,SKU0156,2,1342,USD,2026-03-13T01:46:32,completed,mobile
o005710,c00975,SKU0145,1,3451,USD,2026-01-25T10:49:38,shipped,web
o005711,c00359,SKU0251,1,2725,USD,2026-04-01T13:21:06,cancelled,web
o005712,c00964,SKU0310,5,13875,USD,2026-03-24T01:49:02,completed,web
o005713,c00883,SKU0078,2,1838,USD,2026-03-06T03:48:03,completed,mobile
o005714,c00069,SKU0402,1,2854,USD,2026-01-23T20:46:31,refunded,mobile
o005715,c00221,SKU0455,1,426,USD,2026-01-24T14:15:35,completed,web
o005716,c00370,SKU0077,5,14385,USD,2026-04-09T13:42:53,cancelled,web
o005717,c00869,SKU0157,2,2912,USD,2026-03-31T17:53:54,completed,mobile
o005718,c00070,SKU0300,1,11228,USD,2026-04-15T18:41:10,completed,web
o005719,c00130,SKU0153,3,7506,USD,2026-03-27T00:47:09,shipped,marketplace
o005720,c00169,SKU0099,1,454,USD,2026-04-19T01:02:45,completed,web
o005721,c00554,SKU0241,1,770,USD,2026-04-12T20:25:02,completed,mobile
o005722,c00545,SKU0253,2,2042,USD,2026-03-18T07:30:53,shipped,mobile
o005723,c00654,SKU0188,1,1669,USD,2026-03-24T10:26:55,completed,web
o005724,c00543,SKU0151,1,3420,USD,2026-03-18T00:59:54,refunded,web
o005725,c00960,SKU0038,1,564,USD,2026-03-14T16:07:10,completed,web
o005726,c00979,SKU0236,1,1853,USD,2026-02-05T08:54:18,completed,web
o005727,c00951,SKU0136,2,1408,USD,2026-02-18T10:14:37,completed,web
o005728,c00133,SKU0092,1,924,USD,2026-01-29T00:27:15,cancelled,mobile
o005729,c00065,SKU0154,3,5235,USD,2026-04-16T05:11:03,refunded,marketplace
o005730,c00158,SKU0131,2,1676,USD,2026-04-13T21:59:00,completed,web
o005731,c00151,SKU0479,1,3608,USD,2026-04-16T05:21:20,completed,web
o005732,c00831,SKU0184,4,5824,USD,2026-04-14T04:26:10,cancelled,mobile
o005733,c00736,SKU0329,1,3345,USD,2026-04-04T00:09:57,completed,web
o005734,c00679,SKU0391,1,6259,USD,2026-05-01T20:35:03,completed,mobile
o005735,c00451,SKU0424,2,5600,USD,2025-12-07T06:53:22,completed,web
o005736,c00725,SKU0103,1,380,USD,2026-04-06T04:50:36,completed,marketplace
o005737,c00060,SKU0293,1,3176,USD,2026-02-05T00:41:49,completed,web
o005738,c00355,SKU0170,5,9555,USD,2026-01-08T17:17:30,completed,mobile
o005739,c00416,SKU0213,1,2828,USD,2026-01-26T22:01:24,refunded,mobile
o005740,c00143,SKU0219,1,2570,USD,2026-02-15T00:15:31,shipped,web
o005741,c00050,SKU0162,2,2552,USD,2026-02-16T23:11:47,completed,mobile
o005742,c00336,SKU0394,1,967,USD,2026-03-08T08:03:15,completed,web
o005743,c00739,SKU0069,1,3981,USD,2026-01-12T19:21:56,completed,web
o005744,c00850,SKU0379,2,3896,USD,2026-01-29T09:54:08,completed,mobile
o005745,c00970,SKU0154,3,5235,USD,2026-04-08T16:41:42,completed,web
o005746,c00839,SKU0062,1,3654,USD,2026-04-03T01:59:51,refunded,mobile
o005747,c00641,SKU0409,1,3307,USD,2026-02-02T12:07:20,completed,mobile
o005748,c00252,SKU0459,2,4156,USD,2026-02-09T19:21:46,completed,mobile
o005749,c00181,SKU0028,1,1141,USD,2026-03-20T20:23:03,cancelled,web
o005750,c00036,SKU0158,3,2706,USD,2025-12-19T11:12:11,completed,mobile
o005751,c00425,SKU0237,1,2864,USD,2026-03-14T21:34:44,cancelled,mobile
o005752,c00543,SKU0365,1,4993,USD,2026-04-24T06:12:15,completed,marketplace
o005753,c00815,SKU0267,2,4676,USD,2026-04-19T07:38:28,completed,mobile
o005754,c00766,SKU0277,2,3314,USD,2025-11-26T17:23:15,refunded,mobile
o005755,c00872,SKU0200,1,2489,USD,2026-03-16T20:29:00,completed,web
o005756,c00686,SKU0385,1,1577,USD,2026-03-03T07:00:52,shipped,web
o005757,c00095,SKU0380,1,2803,USD,2026-01-14T21:09:16,completed,web
o005758,c00746,SKU0444,1,858,USD,2026-01-29T22:07:53,completed,web
o005759,c00658,SKU0028,1,1141,USD,2026-02-14T00:23:00,completed,marketplace
o005760,c00734,SKU0373,3,2346,USD,2025-12-06T06:59:18,cancelled,mobile
o005761,c00102,SKU0351,1,2459,USD,2026-03-12T13:49:31,refunded,web
o005762,c00848,SKU0184,2,2912,USD,2026-02-18T22:59:42,completed,web
o005763,c00741,SKU0251,1,2725,USD,2026-02-05T21:01:20,completed,web
o005764,c00353,SKU0331,3,4359,USD,2026-04-21T23:41:54,completed,mobile
o005765,c00651,SKU0168,1,1809,USD,2026-03-26T04:05:42,completed,mobile
o005766,c00163,SKU0140,3,8721,USD,2026-05-06T21:20:26,completed,web
o005767,c00952,SKU0278,3,8808,USD,2026-05-02T20:39:26,cancelled,web
o005768,c00876,SKU0408,2,1390,USD,2026-01-14T17:53:20,cancelled,mobile
o005769,c00668,SKU0266,1,2362,USD,2026-05-04T06:55:54,completed,web
o005770,c00851,SKU0112,1,1132,USD,2025-12-30T05:55:08,completed,web
o005771,c00192,SKU0364,1,855,USD,2026-04-02T16:51:21,completed,mobile
o005772,c00837,SKU0129,3,4515,USD,2026-03-08T15:53:03,cancelled,web
o005773,c00763,SKU0139,2,1930,USD,2026-03-14T14:16:15,shipped,web
o005774,c00449,SKU0076,1,1047,USD,2026-03-03T09:57:17,completed,mobile
o005775,c00929,SKU0146,1,1278,USD,2026-04-08T11:50:07,completed,web
o005776,c00930,SKU0351,1,2459,USD,2026-03-09T22:39:47,completed,web
o005777,c00919,SKU0467,4,5844,USD,2026-03-03T03:16:23,completed,mobile
o005778,c00862,SKU0347,2,2348,USD,2026-01-12T21:14:22,shipped,mobile
o005779,c00366,SKU0258,2,2732,USD,2026-01-30T18:25:43,completed,web
o005780,c00566,SKU0436,5,32975,USD,2026-02-25T09:45:15,completed,web
o005781,c00533,SKU0264,1,3443,USD,2026-04-11T01:39:20,shipped,mobile
o005782,c00944,SKU0090,1,610,USD,2026-04-02T15:32:39,shipped,mobile
o005783,c00552,SKU0146,1,1278,USD,2026-04-13T23:38:00,shipped,mobile
o005784,c00954,SKU0036,1,1224,USD,2026-01-20T03:25:59,completed,marketplace
o005785,c00666,SKU0367,4,4768,USD,2026-01-22T06:27:35,completed,web
o005786,c00665,SKU0307,1,1096,USD,2026-01-08T19:48:57,completed,web
o005787,c00149,SKU0170,1,1911,USD,2026-03-16T19:07:05,completed,web
o005788,c00961,SKU0059,2,2420,USD,2026-01-17T17:36:46,completed,mobile
o005789,c00966,SKU0191,3,1014,USD,2026-04-16T05:08:16,completed,web
o005790,c00456,SKU0200,2,4978,USD,2026-04-24T13:06:38,completed,web
o005791,c00849,SKU0064,2,6146,USD,2026-02-19T05:38:14,completed,web
o005792,c00056,SKU0270,1,671,USD,2026-04-08T23:47:18,completed,web
o005793,c00264,SKU0202,1,700,USD,2026-02-02T19:24:49,completed,web
o005794,c00419,SKU0246,1,2288,USD,2026-04-03T01:55:30,completed,mobile
o005795,c00147,SKU0046,1,838,USD,2026-04-06T17:54:39,completed,mobile
o005796,c00969,SKU0228,2,2284,USD,2026-04-17T14:13:15,refunded,web
o005797,c00154,SKU0223,4,15312,USD,2026-02-21T04:26:49,cancelled,mobile
o005798,c00765,SKU0242,3,3633,USD,2026-03-01T16:23:22,cancelled,web
o005799,c00760,SKU0344,1,2857,USD,2026-01-11T07:22:39,completed,mobile
o005800,c00075,SKU0438,1,1785,USD,2026-05-02T21:27:37,cancelled,web
o005801,c00357,SKU0095,1,2196,USD,2025-12-23T06:34:40,completed,web
o005802,c00260,SKU0005,5,10530,USD,2026-02-05T15:28:20,shipped,web
o005803,c00631,SKU0045,3,5112,USD,2026-04-29T06:58:16,completed,web
o005804,c00525,SKU0028,1,1141,USD,2026-01-01T17:47:22,refunded,marketplace
o005805,c00384,SKU0163,1,727,USD,2026-01-22T01:52:31,shipped,web
o005806,c00456,SKU0222,3,3306,USD,2026-05-03T20:11:54,completed,web
o005807,c00675,SKU0012,2,1082,USD,2026-03-21T12:06:53,cancelled,web
o005808,c00845,SKU0417,1,1442,USD,2026-02-25T23:01:20,shipped,web
o005809,c00975,SKU0392,1,1840,USD,2026-04-04T20:21:54,completed,marketplace
o005810,c00856,SKU0102,4,8068,USD,2026-04-29T18:27:11,completed,web
o005811,c00454,SKU0448,1,535,USD,2026-03-08T16:06:13,shipped,web
o005812,c00049,SKU0267,2,4676,USD,2026-01-06T07:32:50,completed,web
o005813,c00434,SKU0211,1,1052,USD,2026-01-02T21:07:19,completed,api
o005814,c00252,SKU0162,2,2552,USD,2026-01-29T23:08:26,completed,web
o005815,c00032,SKU0328,1,1502,USD,2026-03-05T16:20:44,completed,web
o005816,c00870,SKU0409,1,3307,USD,2025-12-06T09:19:35,shipped,web
o005817,c00063,SKU0032,4,4892,USD,2026-03-11T04:47:09,cancelled,web
o005818,c00648,SKU0185,1,2209,USD,2026-02-18T20:41:00,completed,mobile
o005819,c00738,SKU0248,2,2356,USD,2025-12-25T10:35:19,cancelled,mobile
o005820,c00975,SKU0081,2,4390,USD,2025-12-15T20:40:54,shipped,marketplace
o005821,c00537,SKU0124,1,2458,USD,2026-01-08T19:29:49,completed,web
o005822,c00470,SKU0399,5,12940,USD,2026-03-09T21:22:45,cancelled,mobile
o005823,c00527,SKU0181,1,895,USD,2026-02-27T20:10:30,completed,web
o005824,c00932,SKU0083,1,991,USD,2026-04-29T12:55:58,cancelled,web
o005825,c00860,SKU0252,1,598,USD,2026-04-25T17:59:04,cancelled,marketplace
o005826,c00782,SKU0277,1,1657,USD,2026-02-19T22:46:02,refunded,web
o005827,c00537,SKU0369,2,7172,USD,2026-03-28T18:30:53,completed,web
o005828,c00632,SKU0250,1,1834,USD,2025-12-12T12:52:44,cancelled,marketplace
o005829,c00951,SKU0401,2,1816,USD,2026-04-15T22:19:58,completed,web
o005830,c00638,SKU0487,1,4417,USD,2026-03-26T13:06:24,cancelled,mobile
o005831,c00935,SKU0405,1,1089,USD,2026-02-20T14:33:37,completed,web
o005832,c00871,SKU0430,1,6918,USD,2026-02-21T00:59:12,completed,api
o005833,c00041,SKU0236,1,1853,USD,2026-03-12T00:01:53,shipped,web
o005834,c00802,SKU0187,2,1692,USD,2026-04-07T18:27:37,completed,mobile
o005835,c00255,SKU0343,3,6744,USD,2026-03-12T03:29:02,completed,web
o005836,c00457,SKU0488,1,2001,USD,2026-03-13T13:02:00,cancelled,mobile
o005837,c00059,SKU0228,2,2284,USD,2026-05-02T02:35:34,refunded,web
o005838,c00136,SKU0465,3,7329,USD,2026-02-02T07:22:15,completed,mobile
o005839,c00652,SKU0292,1,1752,USD,2026-02-10T14:25:38,refunded,mobile
o005840,c00849,SKU0203,2,7236,USD,2026-04-18T13:36:06,completed,web
o005841,c00448,SKU0354,2,5348,USD,2026-01-05T03:29:09,shipped,web
o005842,c00836,SKU0061,1,3467,USD,2026-03-18T05:31:59,completed,web
o005843,c00929,SKU0029,1,991,USD,2026-05-02T05:31:27,refunded,web
o005844,c00348,SKU0462,1,1224,USD,2026-02-25T17:17:28,completed,web
o005845,c00055,SKU0317,1,5905,USD,2026-03-16T13:57:25,completed,web
o005846,c00334,SKU0091,2,2632,USD,2026-02-11T15:43:12,completed,web
o005847,c00935,SKU0307,2,2192,USD,2025-12-13T13:23:33,completed,marketplace
o005848,c00542,SKU0187,2,1692,USD,2026-04-11T20:51:41,refunded,mobile
o005849,c00756,SKU0314,1,4489,USD,2026-03-03T20:06:13,completed,marketplace
o005850,c00367,SKU0157,2,2912,USD,2026-03-08T22:50:16,completed,web
o005851,c00852,SKU0130,1,2599,USD,2026-02-22T09:49:16,refunded,web
o005852,c00940,SKU0464,1,1982,USD,2026-04-21T00:26:12,completed,mobile
o005853,c00751,SKU0256,1,1479,USD,2026-02-21T06:18:30,completed,web
o005854,c00949,SKU0457,3,2358,USD,2026-03-24T20:58:27,refunded,mobile
o005855,c00427,SKU0131,1,838,USD,2026-04-03T13:50:49,completed,web
o005856,c00652,SKU0171,1,1150,USD,2026-03-03T06:06:14,completed,web
o005857,c00029,SKU0133,2,4510,USD,2026-02-14T17:57:57,shipped,web
o005858,c00444,SKU0355,1,1097,USD,2026-02-05T01:53:33,completed,mobile
o005859,c00969,SKU0103,1,380,USD,2026-02-02T08:04:17,completed,web
o005860,c00130,SKU0017,3,4380,USD,2026-01-29T03:03:53,shipped,web
o005861,c00461,SKU0325,1,2411,USD,2026-03-19T14:12:24,refunded,mobile
o005862,c00764,SKU0207,1,5675,USD,2026-04-01T02:04:13,shipped,web
o005863,c00854,SKU0455,3,1278,USD,2026-02-20T20:09:55,shipped,web
o005864,c00570,SKU0481,4,3672,USD,2026-04-04T17:05:08,completed,web
o005865,c00946,SKU0315,1,2748,USD,2026-03-05T16:44:49,shipped,marketplace
o005866,c00164,SKU0039,2,6624,USD,2025-12-04T07:18:46,refunded,api
o005867,c00350,SKU0427,1,3498,USD,2025-12-09T13:45:48,cancelled,web
o005868,c00566,SKU0222,1,1102,USD,2026-04-17T10:15:10,completed,web
o005869,c00057,SKU0352,1,2939,USD,2026-01-19T05:37:14,cancelled,mobile
o005870,c00860,SKU0211,1,1052,USD,2026-02-18T14:35:31,completed,web
o005871,c00367,SKU0471,1,796,USD,2026-02-28T02:29:13,refunded,mobile
o005872,c00267,SKU0321,1,1053,USD,2026-03-04T22:15:15,shipped,web
o005873,c00356,SKU0079,2,2292,USD,2026-01-17T23:23:20,completed,mobile
o005874,c00163,SKU0005,1,2106,USD,2026-04-22T00:19:37,cancelled,mobile
o005875,c00375,SKU0050,1,5065,USD,2026-04-18T20:12:24,completed,web
o005876,c00049,SKU0290,2,3854,USD,2026-04-16T22:52:40,refunded,web
o005877,c00287,SKU0121,1,969,USD,2026-01-28T13:33:10,completed,mobile
o005878,c00639,SKU0165,1,424,USD,2026-02-14T07:04:16,completed,web
o005879,c00462,SKU0006,5,5865,USD,2026-04-11T07:09:52,completed,mobile
o005880,c00250,SKU0213,2,5656,USD,2026-02-19T11:28:20,cancelled,mobile
o005881,c00212,SKU0151,1,3420,USD,2026-03-18T18:40:00,completed,marketplace
o005882,c00771,SKU0007,1,619,USD,2026-03-12T04:42:04,completed,web
o005883,c00633,SKU0122,4,2124,USD,2026-03-22T16:01:13,completed,web
o005884,c00250,SKU0017,1,1460,USD,2026-03-04T10:48:45,refunded,web
o005885,c00454,SKU0430,5,34590,USD,2026-02-22T02:20:15,refunded,api
o005886,c00954,SKU0106,5,24660,USD,2026-04-28T10:33:08,completed,web
o005887,c00215,SKU0176,5,10820,USD,2026-05-07T21:33:57,cancelled,mobile
o005888,c00048,SKU0241,3,2310,USD,2026-02-01T10:25:56,shipped,web
o005889,c00050,SKU0369,1,3586,USD,2026-01-07T08:09:37,completed,mobile
o005890,c00026,SKU0500,1,1641,USD,2026-04-28T10:00:51,refunded,web
o005891,c00834,SKU0446,2,5702,USD,2026-04-15T07:07:59,cancelled,mobile
o005892,c00831,SKU0341,2,2756,USD,2026-03-04T13:35:03,shipped,marketplace
o005893,c00449,SKU0282,1,1147,USD,2026-04-11T07:33:38,refunded,mobile
o005894,c00962,SKU0181,1,895,USD,2026-04-02T14:20:59,completed,web
o005895,c00133,SKU0201,2,1334,USD,2026-03-05T09:55:02,refunded,mobile
o005896,c00825,SKU0306,5,8815,USD,2026-04-09T21:58:36,completed,web
o005897,c00656,SKU0238,3,1995,USD,2025-12-25T21:04:25,cancelled,web
o005898,c00153,SKU0427,4,13992,USD,2026-03-16T22:25:48,completed,web
o005899,c00053,SKU0402,1,2854,USD,2026-01-22T17:24:57,completed,mobile
o005900,c00265,SKU0074,2,1358,USD,2026-02-21T21:38:40,refunded,mobile
o005901,c00752,SKU0087,3,9000,USD,2026-04-24T13:13:52,completed,web
o005902,c00140,SKU0047,5,8675,USD,2026-01-14T17:10:59,completed,web
o005903,c00538,SKU0416,2,912,USD,2026-04-22T22:55:09,completed,api
o005904,c00245,SKU0111,2,5184,USD,2026-04-06T14:45:01,completed,web
o005905,c00747,SKU0307,5,5480,USD,2025-12-09T20:36:54,cancelled,mobile
o005906,c00446,SKU0470,1,1067,USD,2026-04-26T01:33:24,refunded,marketplace
o005907,c00452,SKU0419,1,1304,USD,2026-02-12T13:06:05,cancelled,web
o005908,c00349,SKU0208,1,1259,USD,2026-02-27T04:15:26,completed,web
o005909,c00352,SKU0450,2,9334,USD,2025-12-24T14:19:07,completed,marketplace
o005910,c00885,SKU0074,3,2037,USD,2026-03-13T01:47:20,completed,web
o005911,c00542,SKU0467,2,2922,USD,2026-04-11T10:07:30,completed,web
o005912,c00670,SKU0077,1,2877,USD,2026-01-23T22:34:25,completed,mobile
o005913,c00949,SKU0120,1,1874,USD,2026-03-29T19:54:56,completed,mobile
o005914,c00148,SKU0447,2,10318,USD,2026-05-05T14:43:35,completed,web
o005915,c00544,SKU0414,1,3365,USD,2026-04-24T18:53:57,completed,web
o005916,c00041,SKU0115,2,5832,USD,2026-04-23T23:14:46,completed,mobile
o005917,c00850,SKU0347,2,2348,USD,2026-02-13T06:39:26,completed,web
o005918,c00242,SKU0208,1,1259,USD,2026-02-23T23:05:06,completed,web
o005919,c00362,SKU0154,1,1745,USD,2026-03-29T21:00:30,completed,mobile
o005920,c00139,SKU0197,3,4371,USD,2026-02-04T19:41:32,completed,web
o005921,c00658,SKU0389,1,416,USD,2025-12-22T04:07:33,cancelled,web
o005922,c00358,SKU0354,3,8022,USD,2026-04-10T09:51:15,shipped,web
o005923,c00656,SKU0187,5,4230,USD,2026-03-19T14:49:26,completed,web
o005924,c00959,SKU0044,3,7446,USD,2026-03-21T20:42:07,shipped,mobile
o005925,c00634,SKU0460,1,406,USD,2026-03-02T01:04:25,refunded,web
o005926,c00148,SKU0385,2,3154,USD,2025-12-20T05:32:17,completed,mobile
o005927,c00052,SKU0018,1,1937,USD,2025-12-18T15:52:54,completed,marketplace
o005928,c00949,SKU0461,1,3114,USD,2026-01-21T21:24:35,refunded,api
o005929,c00750,SKU0379,3,5844,USD,2026-03-27T20:37:58,refunded,mobile
o005930,c00650,SKU0053,1,1804,USD,2025-12-21T09:45:15,shipped,mobile
o005931,c00254,SKU0155,2,1366,USD,2025-12-26T17:56:12,completed,web
o005932,c00728,SKU0312,1,1317,USD,2026-02-28T07:14:15,cancelled,web
o005933,c00181,SKU0001,1,741,USD,2025-12-22T20:25:34,refunded,web
o005934,c00565,SKU0315,2,5496,USD,2026-01-06T09:06:27,completed,api
o005935,c00465,SKU0445,1,2862,USD,2026-01-06T21:53:42,completed,mobile
o005936,c00473,SKU0132,1,3175,USD,2026-03-02T08:17:57,completed,mobile
o005937,c00862,SKU0427,1,3498,USD,2026-01-30T06:11:34,completed,web
o005938,c00847,SKU0109,2,4384,USD,2026-03-09T16:40:31,completed,web
o005939,c00652,SKU0461,2,6228,USD,2026-02-05T01:13:41,cancelled,web
o005940,c00841,SKU0452,3,7638,USD,2026-04-11T08:28:20,cancelled,mobile
o005941,c00064,SKU0178,2,4918,USD,2026-04-05T20:18:45,completed,web
o005942,c00663,SKU0195,1,2224,USD,2026-01-13T15:57:17,completed,mobile
o005943,c00210,SKU0054,1,2172,USD,2026-04-01T07:23:58,completed,marketplace
o005944,c00364,SKU0189,1,1538,USD,2026-04-13T08:32:19,shipped,web
o005945,c00954,SKU0134,3,6177,USD,2026-02-06T16:30:55,shipped,web
o005946,c00324,SKU0358,2,9778,USD,2026-01-30T07:26:11,completed,mobile
o005947,c00955,SKU0258,1,1366,USD,2026-03-09T17:44:45,completed,web
o005948,c00157,SKU0199,5,5765,USD,2026-03-23T04:16:13,shipped,web
o005949,c00254,SKU0183,2,2172,USD,2026-01-17T19:43:11,refunded,mobile
o005950,c00161,SKU0351,1,2459,USD,2026-03-16T06:54:56,completed,api
o005951,c00058,SKU0279,1,591,USD,2026-02-02T05:14:15,refunded,mobile
o005952,c00183,SKU0377,1,1540,USD,2026-04-21T18:17:41,cancelled,web
o005953,c00943,SKU0305,3,4851,USD,2026-02-28T09:50:50,cancelled,web
o005954,c00581,SKU0415,1,1794,USD,2026-04-26T11:27:59,completed,web
o005955,c00868,SKU0165,2,848,USD,2026-04-18T09:59:58,completed,mobile
o005956,c00054,SKU0374,1,1350,USD,2026-01-26T06:20:08,completed,web
o005957,c00263,SKU0255,1,3512,USD,2026-03-30T13:41:55,completed,web
o005958,c00728,SKU0466,1,2349,USD,2026-01-30T11:16:51,cancelled,web
o005959,c00159,SKU0254,2,2372,USD,2026-03-23T16:20:03,completed,mobile
o005960,c00749,SKU0339,3,2103,USD,2026-01-09T13:39:41,refunded,web
o005961,c00744,SKU0152,2,12866,USD,2026-03-30T06:16:09,completed,marketplace
o005962,c00166,SKU0416,2,912,USD,2025-12-05T05:11:24,completed,web
o005963,c00136,SKU0469,2,3726,USD,2026-01-21T20:23:11,completed,mobile
o005964,c00536,SKU0063,3,5517,USD,2026-01-03T14:37:46,completed,mobile
o005965,c00649,SKU0089,1,1836,USD,2025-12-17T07:20:26,shipped,web
o005966,c00849,SKU0354,1,2674,USD,2026-03-23T01:44:40,completed,mobile
o005967,c00740,SKU0457,1,786,USD,2026-04-06T14:59:51,completed,web
o005968,c00153,SKU0403,1,7281,USD,2026-03-16T04:39:13,completed,web
o005969,c00857,SKU0316,2,2568,USD,2026-03-15T07:17:44,refunded,mobile
o005970,c00460,SKU0424,4,11200,USD,2026-03-24T13:38:23,completed,web
o005971,c00448,SKU0480,1,1020,USD,2026-03-07T03:07:42,completed,web
o005972,c00178,SKU0489,3,7074,USD,2026-01-16T10:30:31,completed,web
o005973,c00443,SKU0118,1,1789,USD,2026-03-27T20:47:43,shipped,web
o005974,c00970,SKU0211,1,1052,USD,2026-03-16T02:56:53,completed,marketplace
o005975,c00145,SKU0487,4,17668,USD,2026-01-18T00:41:36,completed,mobile
o005976,c00769,SKU0420,2,1320,USD,2026-02-05T14:09:50,completed,mobile
o005977,c00322,SKU0076,5,5235,USD,2026-04-23T13:50:11,completed,web
o005978,c00727,SKU0349,2,2112,USD,2026-03-24T05:01:08,completed,web
o005979,c00158,SKU0004,3,10038,USD,2026-04-14T23:27:28,completed,mobile
o005980,c00541,SKU0430,1,6918,USD,2026-02-01T05:33:49,refunded,web
o005981,c00435,SKU0150,1,735,USD,2026-03-05T10:04:46,shipped,web
o005982,c00059,SKU0274,3,9879,USD,2026-03-03T21:02:28,completed,web
o005983,c00268,SKU0349,3,3168,USD,2026-01-30T14:22:03,refunded,mobile
o005984,c00131,SKU0072,1,999,USD,2026-03-21T15:10:16,completed,web
o005985,c00326,SKU0326,2,3152,USD,2026-03-19T09:45:58,completed,web
o005986,c00729,SKU0489,1,2358,USD,2026-02-08T09:09:14,completed,web
o005987,c00926,SKU0171,3,3450,USD,2026-03-12T22:44:11,completed,web
o005988,c00649,SKU0452,2,5092,USD,2026-01-01T02:27:41,cancelled,marketplace
o005989,c00054,SKU0033,1,981,USD,2026-01-23T01:50:13,cancelled,web
o005990,c00641,SKU0310,3,8325,USD,2026-05-05T04:37:10,cancelled,web
o005991,c00452,SKU0275,5,6545,USD,2026-03-11T11:31:17,completed,web
o005992,c00973,SKU0304,1,2148,USD,2026-04-23T20:33:07,refunded,marketplace
o005993,c00762,SKU0492,1,1008,USD,2026-03-24T14:05:11,shipped,web
o005994,c00852,SKU0358,1,4889,USD,2026-02-26T01:16:11,completed,web
o005995,c00458,SKU0171,2,2300,USD,2026-03-03T20:21:15,completed,mobile
o005996,c00048,SKU0308,1,539,USD,2026-04-23T05:19:25,completed,marketplace
o005997,c00382,SKU0471,1,796,USD,2026-01-30T15:32:23,completed,mobile
o005998,c00557,SKU0198,3,3690,USD,2026-03-02T06:13:47,completed,web
o005999,c00559,SKU0343,1,2248,USD,2026-04-02T10:23:43,cancelled,marketplace
o006000,c00029,SKU0388,1,2098,USD,2026-03-21T15:35:25,completed,web
o006001,c00561,SKU0069,1,3981,USD,2026-05-04T19:28:03,completed,web
o006002,c00145,SKU0141,1,4650,USD,2026-03-18T11:43:19,refunded,mobile
o006003,c00239,SKU0170,5,9555,USD,2026-03-13T13:45:36,cancelled,web
o006004,c00966,SKU0361,1,3303,USD,2026-02-02T17:36:40,completed,web
o006005,c00430,SKU0028,2,2282,USD,2026-03-28T14:57:55,refunded,web
o006006,c00871,SKU0484,1,1657,USD,2026-03-01T06:28:53,shipped,web
o006007,c00172,SKU0419,1,1304,USD,2026-04-19T20:16:49,completed,mobile
o006008,c00557,SKU0461,1,3114,USD,2026-04-02T23:10:30,completed,mobile
o006009,c00837,SKU0108,1,4019,USD,2026-01-23T15:44:32,completed,api
o006010,c00335,SKU0099,5,2270,USD,2026-04-01T23:49:43,refunded,mobile
o006011,c00167,SKU0161,1,1717,USD,2026-03-14T09:46:56,completed,mobile
o006012,c00633,SKU0280,2,2404,USD,2026-03-19T13:05:59,completed,web
o006013,c00938,SKU0259,1,1983,USD,2025-12-12T19:00:34,completed,web
o006014,c00279,SKU0271,3,3807,USD,2026-03-27T14:14:28,refunded,web
o006015,c00430,SKU0217,1,2530,USD,2026-04-19T01:57:25,completed,web
o006016,c00429,SKU0181,3,2685,USD,2025-12-29T13:16:34,completed,web
o006017,c00172,SKU0443,1,973,USD,2026-04-12T06:00:05,refunded,web
o006018,c00678,SKU0405,2,2178,USD,2026-03-26T12:15:06,completed,web
o006019,c00462,SKU0378,3,14046,USD,2026-04-07T19:44:46,cancelled,mobile
o006020,c00042,SKU0484,2,3314,USD,2026-02-21T05:14:49,completed,web
o006021,c00381,SKU0435,3,7440,USD,2026-03-22T10:46:48,shipped,marketplace
o006022,c00261,SKU0276,1,1601,USD,2026-03-17T16:16:42,completed,api
o006023,c00835,SKU0157,1,1456,USD,2026-03-21T20:27:53,completed,mobile
o006024,c00164,SKU0076,3,3141,USD,2026-01-14T22:34:09,completed,mobile
o006025,c00626,SKU0327,3,1593,USD,2026-02-11T01:53:43,completed,mobile
o006026,c00817,SKU0433,1,3034,USD,2026-02-15T14:00:21,completed,web
o006027,c00057,SKU0287,1,741,USD,2026-01-17T19:54:35,completed,web
o006028,c00152,SKU0211,1,1052,USD,2026-04-27T19:09:52,cancelled,api
o006029,c00578,SKU0488,3,6003,USD,2026-05-02T21:03:32,completed,web
o006030,c00964,SKU0148,1,4070,USD,2026-02-21T05:50:01,completed,marketplace
o006031,c00830,SKU0455,2,852,USD,2026-04-22T14:11:12,shipped,mobile
o006032,c00648,SKU0193,1,1684,USD,2026-04-11T10:45:30,shipped,mobile
o006033,c00069,SKU0236,1,1853,USD,2026-02-04T15:51:08,completed,mobile
o006034,c00145,SKU0084,1,786,USD,2026-04-26T11:29:12,completed,mobile
o006035,c00883,SKU0442,1,1767,USD,2026-02-06T20:21:34,completed,web
o006036,c00224,SKU0373,3,2346,USD,2026-04-19T10:44:09,completed,web
o006037,c00561,SKU0323,1,731,USD,2026-01-24T17:17:22,completed,web
o006038,c00640,SKU0199,1,1153,USD,2026-04-06T21:34:44,cancelled,web
o006039,c00254,SKU0424,1,2800,USD,2026-04-04T09:55:26,completed,mobile
o006040,c00227,SKU0435,1,2480,USD,2026-04-17T10:58:18,completed,web
o006041,c00263,SKU0089,1,1836,USD,2026-01-29T08:43:42,completed,web
o006042,c00244,SKU0427,1,3498,USD,2026-03-21T22:52:12,completed,mobile
o006043,c00770,SKU0331,4,5812,USD,2026-05-10T10:56:47,completed,web
o006044,c00556,SKU0200,2,4978,USD,2026-03-03T10:35:47,cancelled,web
o006045,c00742,SKU0499,2,3672,USD,2026-03-02T01:39:00,completed,web
o006046,c00561,SKU0242,2,2422,USD,2026-04-20T05:37:27,completed,web
o006047,c00144,SKU0212,1,1375,USD,2026-05-13T16:38:57,completed,web
o006048,c00432,SKU0367,2,2384,USD,2026-04-21T11:19:55,shipped,web
o006049,c00551,SKU0286,2,5094,USD,2026-04-03T13:20:29,completed,web
o006050,c00638,SKU0347,2,2348,USD,2026-02-14T17:10:47,cancelled,web
o006051,c00847,SKU0084,2,1572,USD,2026-04-16T17:46:59,completed,web
o006052,c00237,SKU0467,3,4383,USD,2025-12-21T17:02:43,completed,web
o006053,c00774,SKU0132,2,6350,USD,2026-04-30T05:59:37,completed,marketplace
o006054,c00675,SKU0231,2,9084,USD,2026-03-10T06:25:51,shipped,web
o006055,c00741,SKU0246,1,2288,USD,2026-02-17T11:05:48,completed,marketplace
o006056,c00136,SKU0188,1,1669,USD,2026-03-17T12:32:18,completed,marketplace
o006057,c00151,SKU0284,2,3822,USD,2026-03-29T04:47:22,completed,web
o006058,c00172,SKU0415,2,3588,USD,2026-03-14T07:24:55,completed,mobile
o006059,c00349,SKU0423,4,13844,USD,2026-02-19T12:48:37,completed,web
o006060,c00750,SKU0488,3,6003,USD,2026-02-12T01:37:39,refunded,web
o006061,c00278,SKU0324,1,596,USD,2026-01-24T04:33:17,cancelled,mobile
o006062,c00456,SKU0317,5,29525,USD,2026-02-02T05:07:59,completed,web
o006063,c00734,SKU0044,1,2482,USD,2026-03-20T09:55:18,completed,web
o006064,c00555,SKU0339,1,701,USD,2026-04-01T15:30:54,completed,mobile
o006065,c00279,SKU0471,3,2388,USD,2026-04-24T07:46:30,cancelled,web
o006066,c00763,SKU0083,2,1982,USD,2026-04-20T20:38:30,completed,web
o006067,c00465,SKU0479,1,3608,USD,2026-03-16T02:51:09,completed,web
o006068,c00068,SKU0071,2,2604,USD,2026-03-27T13:00:30,completed,mobile
o006069,c00357,SKU0054,1,2172,USD,2026-02-24T07:52:55,completed,web
o006070,c00778,SKU0213,3,8484,USD,2026-01-13T03:51:51,refunded,web
o006071,c00363,SKU0227,1,1005,USD,2026-02-01T20:21:27,completed,web
o006072,c00242,SKU0002,3,5943,USD,2026-04-01T07:43:07,completed,web
o006073,c00326,SKU0250,1,1834,USD,2026-04-30T02:45:36,shipped,marketplace
o006074,c00457,SKU0134,1,2059,USD,2026-05-04T23:37:35,cancelled,web
o006075,c00984,SKU0335,2,3054,USD,2026-02-05T13:12:27,shipped,mobile
o006076,c00742,SKU0176,1,2164,USD,2026-02-07T16:02:28,completed,web
o006077,c00621,SKU0355,3,3291,USD,2026-03-11T18:00:24,completed,web
o006078,c00761,SKU0492,1,1008,USD,2026-03-11T04:20:01,completed,web
o006079,c00647,SKU0239,2,2022,USD,2026-04-02T02:54:44,completed,marketplace
o006080,c00549,SKU0041,1,2840,USD,2026-01-21T14:55:43,cancelled,web
o006081,c00238,SKU0240,1,1745,USD,2026-02-08T02:09:26,completed,web
o006082,c00697,SKU0403,2,14562,USD,2026-02-10T04:44:22,completed,marketplace
o006083,c00431,SKU0243,5,9470,USD,2026-01-12T17:04:57,completed,web
o006084,c00359,SKU0136,2,1408,USD,2026-01-06T02:56:26,completed,mobile
o006085,c00150,SKU0353,2,3446,USD,2026-03-29T18:45:52,completed,mobile
o006086,c00120,SKU0151,1,3420,USD,2026-04-14T10:14:41,completed,web
o006087,c00436,SKU0210,3,7038,USD,2026-03-24T05:05:18,completed,web
o006088,c00742,SKU0438,3,5355,USD,2025-12-06T18:12:06,completed,mobile
o006089,c00755,SKU0029,1,991,USD,2026-01-05T06:52:07,completed,web
o006090,c00338,SKU0164,1,2416,USD,2026-02-26T22:00:36,shipped,web
o006091,c00652,SKU0390,2,3662,USD,2026-03-05T19:53:08,shipped,mobile
o006092,c00682,SKU0327,4,2124,USD,2026-04-24T02:58:31,completed,web
o006093,c00251,SKU0016,1,701,USD,2026-02-27T14:48:32,completed,mobile
o006094,c00768,SKU0290,1,1927,USD,2026-04-28T05:23:50,completed,web
o006095,c00248,SKU0442,2,3534,USD,2026-04-17T03:08:20,completed,mobile
o006096,c00283,SKU0042,1,2480,USD,2026-02-25T22:18:08,shipped,marketplace
o006097,c00932,SKU0073,2,10724,USD,2026-03-14T11:29:58,completed,web
o006098,c00250,SKU0462,1,1224,USD,2026-04-16T06:19:59,completed,web
o006099,c00129,SKU0168,1,1809,USD,2026-01-21T19:19:28,completed,mobile
o006100,c00846,SKU0223,1,3828,USD,2026-01-25T21:38:12,completed,web
o006101,c00228,SKU0142,1,1177,USD,2026-03-03T03:32:06,completed,web
o006102,c00850,SKU0048,3,3801,USD,2026-03-01T06:41:37,completed,web
o006103,c00364,SKU0469,1,1863,USD,2025-12-12T23:37:05,cancelled,marketplace
o006104,c00068,SKU0235,4,980,USD,2026-04-10T21:34:10,shipped,api
o006105,c00754,SKU0387,1,671,USD,2026-03-17T14:37:29,cancelled,web
o006106,c00245,SKU0473,1,582,USD,2026-01-05T02:27:09,completed,web
o006107,c00448,SKU0261,1,956,USD,2026-03-25T19:58:10,completed,mobile
o006108,c00876,SKU0431,1,1233,USD,2026-04-03T13:06:14,completed,web
o006109,c00861,SKU0441,2,2862,USD,2026-03-30T06:14:56,shipped,mobile
o006110,c00441,SKU0245,1,1602,USD,2026-02-14T14:54:58,refunded,mobile
o006111,c00935,SKU0245,1,1602,USD,2026-03-22T04:43:11,shipped,web
o006112,c00651,SKU0283,1,1525,USD,2026-04-14T09:42:03,completed,mobile
o006113,c00977,SKU0276,1,1601,USD,2026-04-17T09:08:56,completed,mobile
o006114,c00224,SKU0409,1,3307,USD,2026-04-05T08:00:44,completed,web
o006115,c00780,SKU0273,2,2764,USD,2026-05-02T11:43:51,completed,web
o006116,c00730,SKU0294,1,2178,USD,2026-02-25T22:13:02,completed,web
o006117,c00447,SKU0399,2,5176,USD,2026-02-05T21:22:45,completed,mobile
o006118,c00342,SKU0268,1,1657,USD,2026-02-26T01:09:18,completed,web
o006119,c00428,SKU0118,2,3578,USD,2026-02-13T01:19:37,completed,mobile
o006120,c00850,SKU0453,2,4394,USD,2026-03-17T07:17:04,completed,mobile
o006121,c00964,SKU0282,2,2294,USD,2026-04-03T13:48:49,completed,mobile
o006122,c00556,SKU0157,1,1456,USD,2026-03-04T12:55:58,completed,mobile
o006123,c00131,SKU0166,1,1353,USD,2026-04-24T12:06:20,refunded,mobile
o006124,c00139,SKU0493,2,1646,USD,2026-04-23T22:45:19,shipped,web
o006125,c00666,SKU0347,1,1174,USD,2026-03-09T06:48:02,shipped,web
o006126,c00851,SKU0329,5,16725,USD,2025-12-28T12:46:11,completed,marketplace
o006127,c00512,SKU0486,1,932,USD,2026-01-02T22:01:21,refunded,web
o006128,c00552,SKU0314,1,4489,USD,2026-03-03T13:54:05,refunded,mobile
o006129,c00462,SKU0085,1,729,USD,2026-03-15T02:21:52,completed,web
o006130,c00649,SKU0427,1,3498,USD,2026-03-21T11:17:45,shipped,web
o006131,c00036,SKU0450,3,14001,USD,2026-01-15T04:44:15,refunded,web
o006132,c00158,SKU0383,2,3068,USD,2026-04-15T07:47:41,completed,web
o006133,c00371,SKU0405,1,1089,USD,2026-03-18T21:33:44,shipped,web
o006134,c00149,SKU0118,2,3578,USD,2026-02-24T11:23:03,completed,web
o006135,c00657,SKU0338,1,3496,USD,2026-04-22T17:16:08,completed,web
o006136,c00236,SKU0395,1,2169,USD,2026-03-30T08:21:18,cancelled,web
o006137,c00138,SKU0105,1,1467,USD,2026-02-17T07:56:34,completed,web
o006138,c00750,SKU0026,3,4884,USD,2026-02-10T02:51:35,completed,web
o006139,c00642,SKU0350,1,3604,USD,2026-02-13T16:52:38,completed,web
o006140,c00738,SKU0296,4,6024,USD,2026-03-26T15:25:30,completed,web
o006141,c00956,SKU0482,2,2074,USD,2026-02-24T04:42:00,completed,web
o006142,c00864,SKU0387,3,2013,USD,2025-11-24T16:41:05,shipped,mobile
o006143,c00752,SKU0231,1,4542,USD,2026-02-19T04:59:29,completed,web
o006144,c00963,SKU0019,1,2039,USD,2026-05-04T22:29:18,completed,mobile
o006145,c00955,SKU0246,1,2288,USD,2026-01-16T22:54:38,completed,mobile
o006146,c00571,SKU0029,2,1982,USD,2026-04-25T00:33:55,refunded,mobile
o006147,c00124,SKU0050,4,20260,USD,2026-04-18T02:07:53,refunded,web
o006148,c00350,SKU0015,4,13204,USD,2026-04-11T04:40:05,completed,web
o006149,c00751,SKU0139,3,2895,USD,2026-02-17T21:41:01,completed,mobile
o006150,c00750,SKU0439,5,9225,USD,2026-04-05T15:05:59,completed,mobile
o006151,c00223,SKU0384,1,2176,USD,2026-04-21T21:36:55,completed,marketplace
o006152,c00550,SKU0281,1,1705,USD,2026-02-18T12:35:08,cancelled,web
o006153,c00628,SKU0381,2,10128,USD,2026-02-20T10:16:39,completed,web
o006154,c00664,SKU0418,1,593,USD,2026-02-15T02:05:36,completed,mobile
o006155,c00271,SKU0004,1,3346,USD,2026-02-06T01:23:39,completed,mobile
o006156,c00241,SKU0132,3,9525,USD,2026-02-13T09:06:18,completed,marketplace
o006157,c00365,SKU0159,3,3000,USD,2026-03-24T04:52:50,completed,web
o006158,c00350,SKU0105,1,1467,USD,2026-01-12T12:13:05,completed,web
o006159,c00332,SKU0483,1,686,USD,2026-04-24T14:24:41,completed,web
o006160,c00654,SKU0456,1,1758,USD,2026-01-23T22:40:24,refunded,marketplace
o006161,c00435,SKU0435,1,2480,USD,2025-12-25T10:46:54,completed,mobile
o006162,c00954,SKU0333,1,1813,USD,2026-04-04T12:56:34,completed,web
o006163,c00748,SKU0171,2,2300,USD,2026-03-27T07:47:47,shipped,web
o006164,c00160,SKU0299,2,4180,USD,2026-04-20T23:14:12,completed,mobile
o006165,c00062,SKU0133,1,2255,USD,2026-03-01T19:45:42,completed,web
o006166,c00463,SKU0498,4,8600,USD,2026-04-02T10:56:31,completed,mobile
o006167,c00054,SKU0322,1,574,USD,2026-02-25T09:41:09,completed,mobile
o006168,c00739,SKU0005,1,2106,USD,2026-05-03T09:08:17,refunded,web
o006169,c00930,SKU0156,1,671,USD,2026-03-09T01:58:27,completed,mobile
o006170,c00052,SKU0438,1,1785,USD,2026-01-08T03:48:26,completed,api
o006171,c00855,SKU0372,2,2348,USD,2026-03-20T23:53:12,completed,web
o006172,c00159,SKU0253,5,5105,USD,2026-05-11T10:29:45,refunded,web
o006173,c00345,SKU0059,1,1210,USD,2026-02-13T09:50:27,completed,web
o006174,c00864,SKU0304,1,2148,USD,2026-02-07T03:22:00,cancelled,mobile
o006175,c00339,SKU0192,1,1482,USD,2026-03-03T07:30:43,completed,web
o006176,c00837,SKU0174,1,4357,USD,2026-03-01T03:18:58,completed,web
o006177,c00768,SKU0444,1,858,USD,2026-01-15T12:54:14,completed,web
o006178,c00390,SKU0430,2,13836,USD,2026-02-27T08:22:39,completed,web
o006179,c00346,SKU0016,1,701,USD,2026-04-15T17:41:44,refunded,mobile
o006180,c00957,SKU0239,4,4044,USD,2026-01-20T14:04:26,completed,web
o006181,c00165,SKU0489,2,4716,USD,2026-04-02T15:54:54,completed,web
o006182,c00247,SKU0227,3,3015,USD,2026-02-13T13:35:18,completed,marketplace
o006183,c00745,SKU0337,1,533,USD,2026-04-14T06:48:36,completed,web
o006184,c00947,SKU0024,5,7920,USD,2026-02-09T22:14:32,completed,mobile
o006185,c00454,SKU0350,1,3604,USD,2026-04-16T20:16:24,completed,web
o006186,c00476,SKU0130,2,5198,USD,2026-01-15T07:00:22,completed,mobile
o006187,c00229,SKU0425,1,3532,USD,2026-02-13T21:34:58,cancelled,web
o006188,c00343,SKU0061,5,17335,USD,2026-02-24T00:29:06,completed,mobile
o006189,c00052,SKU0202,1,700,USD,2026-02-01T15:29:03,completed,mobile
o006190,c00938,SKU0261,1,956,USD,2026-02-16T04:54:35,refunded,mobile
o006191,c00141,SKU0428,2,2986,USD,2026-02-13T04:46:13,cancelled,web
o006192,c00557,SKU0334,1,1403,USD,2026-02-10T08:19:49,completed,mobile
o006193,c00745,SKU0418,2,1186,USD,2026-02-20T16:38:30,refunded,web
o006194,c00336,SKU0170,1,1911,USD,2026-01-03T10:24:23,completed,web
o006195,c00133,SKU0132,1,3175,USD,2026-02-14T20:08:16,completed,mobile
o006196,c00042,SKU0326,1,1576,USD,2026-01-20T13:13:22,refunded,api
o006197,c00669,SKU0413,1,5541,USD,2026-03-06T10:41:47,shipped,mobile
o006198,c00954,SKU0094,2,1912,USD,2025-12-09T18:19:48,completed,web
o006199,c00070,SKU0183,1,1086,USD,2026-03-10T22:37:56,completed,web
o006200,c00827,SKU0500,1,1641,USD,2025-12-09T20:32:02,completed,web
o006201,c00344,SKU0445,1,2862,USD,2026-01-07T20:48:16,completed,api
o006202,c00166,SKU0348,1,3302,USD,2026-03-22T10:51:09,completed,web
o006203,c00365,SKU0183,3,3258,USD,2026-02-12T11:28:33,completed,web
o006204,c00763,SKU0362,1,1740,USD,2026-04-16T06:50:15,refunded,web
o006205,c00284,SKU0423,4,13844,USD,2026-03-28T11:51:43,shipped,web
o006206,c00845,SKU0494,1,832,USD,2026-04-11T15:46:47,completed,mobile
o006207,c00534,SKU0016,5,3505,USD,2025-12-28T08:56:10,refunded,mobile
o006208,c00230,SKU0131,1,838,USD,2026-03-11T04:34:17,refunded,mobile
o006209,c00424,SKU0174,1,4357,USD,2026-02-11T02:23:03,completed,web
o006210,c00153,SKU0181,1,895,USD,2026-04-17T08:40:31,shipped,mobile
o006211,c00765,SKU0397,2,6048,USD,2026-03-22T16:51:40,completed,mobile
o006212,c00370,SKU0158,2,1804,USD,2026-04-08T18:30:06,completed,mobile
o006213,c00147,SKU0452,1,2546,USD,2026-04-03T17:25:26,completed,mobile
o006214,c00360,SKU0364,1,855,USD,2026-04-07T18:43:52,completed,web
o006215,c00413,SKU0079,2,2292,USD,2026-03-09T12:02:44,shipped,web
o006216,c00352,SKU0325,1,2411,USD,2026-04-20T10:06:07,completed,mobile
o006217,c00656,SKU0340,3,10386,USD,2026-02-10T03:12:34,cancelled,web
o006218,c00254,SKU0114,1,2959,USD,2026-03-16T02:24:25,shipped,mobile
o006219,c00732,SKU0173,1,712,USD,2026-02-26T17:38:17,completed,web
o006220,c00063,SKU0235,3,735,USD,2026-04-15T09:14:10,shipped,web
o006221,c00335,SKU0062,3,10962,USD,2026-01-02T22:43:26,refunded,web
o006222,c00778,SKU0318,2,5618,USD,2026-05-05T10:00:09,completed,web
o006223,c00404,SKU0425,4,14128,USD,2026-01-16T11:25:45,completed,web
o006224,c00557,SKU0280,1,1202,USD,2026-03-28T14:17:37,completed,mobile
o006225,c00234,SKU0387,1,671,USD,2026-01-29T14:41:30,completed,web
o006226,c00959,SKU0271,2,2538,USD,2026-02-18T22:56:01,shipped,web
o006227,c00455,SKU0294,1,2178,USD,2026-03-06T15:33:05,shipped,web
o006228,c00653,SKU0270,3,2013,USD,2026-02-15T03:16:20,cancelled,mobile
o006229,c00550,SKU0247,3,4866,USD,2026-02-18T00:01:06,completed,web
o006230,c00079,SKU0487,4,17668,USD,2026-04-02T10:58:15,completed,web
o006231,c00930,SKU0258,1,1366,USD,2026-02-05T13:02:40,completed,web
o006232,c00351,SKU0070,3,4053,USD,2026-05-03T22:39:40,completed,mobile
o006233,c00376,SKU0277,1,1657,USD,2026-04-13T23:00:15,cancelled,web
o006234,c00560,SKU0185,3,6627,USD,2026-03-20T22:39:52,completed,mobile
o006235,c00650,SKU0263,1,1223,USD,2026-03-17T06:44:57,completed,web
o006236,c00237,SKU0492,3,3024,USD,2026-02-25T22:33:31,completed,mobile
o006237,c00650,SKU0139,4,3860,USD,2026-02-27T03:33:17,refunded,web
o006238,c00113,SKU0054,1,2172,USD,2025-11-29T01:43:23,completed,api
o006239,c00552,SKU0197,1,1457,USD,2026-03-02T21:10:43,completed,web
o006240,c00363,SKU0049,1,1403,USD,2026-04-01T04:49:20,cancelled,web
o006241,c00744,SKU0318,1,2809,USD,2026-03-29T17:07:52,completed,mobile
o006242,c00976,SKU0241,4,3080,USD,2026-01-10T12:17:46,completed,web
o006243,c00675,SKU0111,4,10368,USD,2026-04-13T23:21:09,completed,web
o006244,c00574,SKU0071,1,1302,USD,2026-04-03T15:32:16,cancelled,mobile
o006245,c00749,SKU0190,1,1932,USD,2026-04-17T05:37:09,shipped,web
o006246,c00249,SKU0075,2,1940,USD,2026-04-09T13:07:33,completed,web
o006247,c00057,SKU0147,1,1012,USD,2026-02-16T01:38:41,refunded,web
o006248,c00964,SKU0118,1,1789,USD,2026-04-15T01:56:10,completed,web
o006249,c00959,SKU0149,1,346,USD,2026-01-28T03:12:51,cancelled,web
o006250,c00322,SKU0396,1,1193,USD,2026-04-04T02:43:57,cancelled,mobile
o006251,c00323,SKU0284,1,1911,USD,2026-03-26T13:43:18,completed,mobile
o006252,c00250,SKU0314,1,4489,USD,2026-04-03T09:40:47,completed,web
o006253,c00738,SKU0465,1,2443,USD,2026-02-21T14:52:43,refunded,web
o006254,c00132,SKU0270,2,1342,USD,2025-12-20T15:57:07,completed,mobile
o006255,c00642,SKU0359,1,2743,USD,2026-03-06T17:13:05,completed,web
o006256,c00751,SKU0260,1,1278,USD,2026-04-14T17:33:59,completed,web
o006257,c00341,SKU0004,1,3346,USD,2026-03-08T08:40:44,cancelled,mobile
o006258,c00551,SKU0226,1,1523,USD,2026-03-28T00:47:46,completed,web
o006259,c00039,SKU0177,1,8166,USD,2026-04-17T01:32:28,completed,web
o006260,c00364,SKU0390,1,1831,USD,2026-02-01T17:51:02,completed,web
o006261,c00848,SKU0136,1,704,USD,2026-04-08T11:47:14,completed,web
o006262,c00162,SKU0070,2,2702,USD,2026-01-22T07:38:58,completed,web
o006263,c00154,SKU0379,3,5844,USD,2026-01-29T19:30:40,shipped,web
o006264,c00555,SKU0067,2,5158,USD,2026-02-12T06:00:53,completed,mobile
o006265,c00047,SKU0305,2,3234,USD,2026-02-14T20:31:19,completed,mobile
o006266,c00855,SKU0094,1,956,USD,2025-12-10T16:04:46,completed,mobile
o006267,c00266,SKU0064,2,6146,USD,2026-03-08T12:35:25,completed,web
o006268,c00175,SKU0343,3,6744,USD,2026-03-10T19:59:46,cancelled,mobile
o006269,c00741,SKU0296,1,1506,USD,2026-02-05T04:46:41,completed,web
o006270,c00951,SKU0119,1,1634,USD,2026-05-02T19:22:23,completed,mobile
o006271,c00184,SKU0196,1,1240,USD,2026-03-22T17:31:14,cancelled,mobile
o006272,c00943,SKU0374,1,1350,USD,2026-03-23T08:12:54,refunded,mobile
o006273,c00864,SKU0219,3,7710,USD,2026-03-11T02:22:24,completed,marketplace
o006274,c00646,SKU0090,1,610,USD,2026-03-02T08:03:19,completed,web
o006275,c00738,SKU0243,5,9470,USD,2026-03-25T21:37:58,shipped,web
o006276,c00341,SKU0050,3,15195,USD,2026-01-30T10:38:50,completed,web
o006277,c00566,SKU0159,2,2000,USD,2026-02-20T10:37:39,shipped,web
o006278,c00248,SKU0262,1,698,USD,2026-04-26T16:36:08,completed,mobile
o006279,c00065,SKU0189,1,1538,USD,2025-12-13T08:14:59,refunded,mobile
o006280,c00441,SKU0365,1,4993,USD,2026-04-20T22:28:02,completed,web
o006281,c00848,SKU0189,1,1538,USD,2026-03-16T16:37:25,completed,web
o006282,c00651,SKU0018,2,3874,USD,2026-02-23T06:13:08,completed,web
o006283,c00151,SKU0355,2,2194,USD,2026-02-23T07:45:33,completed,web
o006284,c00784,SKU0483,1,686,USD,2026-03-07T01:21:34,completed,web
o006285,c00674,SKU0033,1,981,USD,2026-01-25T12:05:09,cancelled,mobile
o006286,c00556,SKU0497,1,896,USD,2026-03-19T15:40:23,refunded,web
o006287,c00158,SKU0476,2,3102,USD,2026-02-08T18:16:45,completed,marketplace
o006288,c00174,SKU0411,1,4422,USD,2026-01-19T17:16:02,completed,web
o006289,c00753,SKU0387,1,671,USD,2026-04-13T22:21:55,completed,web
o006290,c00566,SKU0395,3,6507,USD,2026-01-09T03:50:54,refunded,mobile
o006291,c00732,SKU0108,1,4019,USD,2025-12-27T07:39:05,cancelled,mobile
o006292,c00060,SKU0428,1,1493,USD,2026-02-23T13:23:07,refunded,web
o006293,c00902,SKU0137,1,1772,USD,2026-01-27T14:38:34,completed,web
o006294,c00138,SKU0088,1,1407,USD,2026-04-18T05:03:23,refunded,mobile
o006295,c00558,SKU0482,2,2074,USD,2026-04-11T20:49:38,completed,mobile
o006296,c00631,SKU0449,1,1054,USD,2026-03-24T09:00:19,completed,web
o006297,c00149,SKU0070,1,1351,USD,2026-02-13T11:47:39,completed,mobile
o006298,c00668,SKU0048,2,2534,USD,2026-04-29T14:21:28,completed,web
o006299,c00134,SKU0283,1,1525,USD,2026-01-20T06:00:46,completed,web
o006300,c00517,SKU0356,1,842,USD,2026-05-10T13:13:08,cancelled,web
o006301,c00943,SKU0204,1,7248,USD,2026-01-04T11:59:19,shipped,web
o006302,c00631,SKU0027,1,926,USD,2025-11-29T15:35:02,refunded,web
o006303,c00843,SKU0290,3,5781,USD,2026-01-19T17:02:42,completed,api
o006304,c00321,SKU0121,2,1938,USD,2026-04-12T04:16:17,completed,mobile
o006305,c00948,SKU0189,1,1538,USD,2026-01-30T02:36:47,completed,web
o006306,c00828,SKU0257,2,11128,USD,2026-03-16T17:16:50,completed,api
o006307,c00755,SKU0185,2,4418,USD,2026-01-01T14:38:28,cancelled,web
o006308,c00338,SKU0073,2,10724,USD,2026-04-14T02:24:47,cancelled,web
o006309,c00753,SKU0015,1,3301,USD,2026-02-24T17:35:45,completed,web
o006310,c00361,SKU0003,1,581,USD,2026-04-27T21:19:43,cancelled,mobile
o006311,c00517,SKU0170,2,3822,USD,2026-04-20T04:51:04,completed,mobile
o006312,c00131,SKU0451,1,2349,USD,2026-04-08T23:48:56,completed,web
o006313,c00867,SKU0439,3,5535,USD,2026-04-19T03:53:56,shipped,web
o006314,c00718,SKU0440,1,2439,USD,2026-03-31T13:26:58,cancelled,web
o006315,c00763,SKU0094,2,1912,USD,2026-03-29T07:39:17,refunded,web
o006316,c00651,SKU0263,1,1223,USD,2026-04-11T23:52:38,completed,mobile
o006317,c00848,SKU0238,3,1995,USD,2026-02-06T19:45:18,cancelled,web
o006318,c00844,SKU0442,3,5301,USD,2026-04-18T12:07:08,completed,web
o006319,c00316,SKU0481,1,918,USD,2026-02-18T11:41:40,completed,web
o006320,c00056,SKU0445,1,2862,USD,2025-11-26T13:35:59,completed,mobile
o006321,c00153,SKU0334,4,5612,USD,2026-01-02T22:50:18,shipped,api
o006322,c00856,SKU0400,1,1781,USD,2025-12-24T10:25:50,completed,mobile
o006323,c00730,SKU0330,5,12095,USD,2026-01-10T06:51:10,completed,api
o006324,c00673,SKU0294,1,2178,USD,2025-12-02T10:58:31,completed,web
o006325,c00530,SKU0269,4,2404,USD,2026-04-06T11:40:36,completed,mobile
o006326,c00261,SKU0346,2,1146,USD,2026-03-03T04:18:03,completed,mobile
o006327,c00558,SKU0083,2,1982,USD,2026-02-15T23:53:47,completed,web
o006328,c00454,SKU0390,1,1831,USD,2026-02-17T13:40:03,completed,web
o006329,c00134,SKU0057,3,1554,USD,2026-03-27T01:48:40,shipped,mobile
o006330,c00078,SKU0211,1,1052,USD,2026-03-22T03:12:32,completed,web
o006331,c00264,SKU0231,3,13626,USD,2026-02-21T06:19:46,shipped,web
o006332,c00141,SKU0349,1,1056,USD,2026-01-10T18:09:18,cancelled,web
o006333,c00965,SKU0066,3,7875,USD,2025-12-18T06:27:56,completed,web
o006334,c00971,SKU0324,1,596,USD,2026-03-14T08:58:39,completed,web
o006335,c00266,SKU0115,4,11664,USD,2026-04-06T11:05:18,completed,web
o006336,c00645,SKU0090,5,3050,USD,2026-01-10T09:58:43,shipped,api
o006337,c00380,SKU0075,2,1940,USD,2026-04-10T09:26:48,completed,api
o006338,c00955,SKU0492,2,2016,USD,2026-03-04T13:29:13,completed,web
o006339,c00246,SKU0275,2,2618,USD,2026-03-14T22:29:33,completed,mobile
o006340,c00158,SKU0443,2,1946,USD,2026-04-03T10:41:14,cancelled,marketplace
o006341,c00852,SKU0443,3,2919,USD,2026-03-19T07:34:10,refunded,web
o006342,c00469,SKU0381,1,5064,USD,2026-03-10T14:21:18,completed,api
o006343,c00193,SKU0196,1,1240,USD,2025-12-29T19:19:56,shipped,mobile
o006344,c00954,SKU0038,2,1128,USD,2026-04-16T01:07:14,completed,mobile
o006345,c00801,SKU0164,5,12080,USD,2026-04-15T07:33:26,completed,web
o006346,c00539,SKU0034,1,1736,USD,2026-03-17T22:24:34,refunded,web
o006347,c00940,SKU0456,1,1758,USD,2026-02-28T14:57:13,completed,web
o006348,c00446,SKU0498,4,8600,USD,2026-03-19T05:37:56,completed,web
o006349,c00834,SKU0371,2,4200,USD,2026-05-07T01:46:26,completed,web
o006350,c00321,SKU0154,1,1745,USD,2026-03-21T17:10:35,refunded,mobile
o006351,c00455,SKU0373,1,782,USD,2026-02-14T01:42:11,shipped,mobile
o006352,c00169,SKU0305,1,1617,USD,2026-04-03T11:01:16,refunded,web
o006353,c00237,SKU0431,2,2466,USD,2026-01-02T10:02:47,completed,mobile
o006354,c00860,SKU0363,3,6582,USD,2026-04-08T08:39:52,completed,mobile
o006355,c00633,SKU0341,1,1378,USD,2026-03-10T04:38:24,shipped,web
o006356,c00368,SKU0304,1,2148,USD,2025-12-29T06:33:30,completed,web
o006357,c00945,SKU0023,1,2615,USD,2026-01-21T23:05:53,shipped,web
o006358,c00859,SKU0004,1,3346,USD,2026-01-09T22:54:48,shipped,api
o006359,c00960,SKU0437,1,458,USD,2026-02-17T16:26:19,shipped,mobile
o006360,c00446,SKU0110,1,1834,USD,2026-04-08T10:57:44,completed,web
o006361,c00732,SKU0216,2,5212,USD,2026-03-10T17:23:30,completed,mobile
o006362,c00148,SKU0072,1,999,USD,2026-01-31T15:55:09,completed,mobile
o006363,c00950,SKU0418,2,1186,USD,2026-04-15T12:41:59,completed,mobile
o006364,c00031,SKU0098,1,657,USD,2026-04-19T02:00:07,refunded,web
o006365,c00333,SKU0297,3,3588,USD,2026-01-19T02:01:17,completed,web
o006366,c00329,SKU0426,1,868,USD,2025-12-30T11:16:28,completed,mobile
o006367,c00285,SKU0181,2,1790,USD,2025-12-01T08:10:30,shipped,web
o006368,c00254,SKU0165,4,1696,USD,2026-04-16T11:50:32,completed,mobile
o006369,c00520,SKU0346,1,573,USD,2026-04-04T23:51:15,completed,web
o006370,c00176,SKU0383,1,1534,USD,2026-04-24T05:04:38,completed,web
o006371,c00442,SKU0439,2,3690,USD,2026-03-23T17:11:30,shipped,web
o006372,c00441,SKU0421,1,558,USD,2026-03-02T07:18:59,shipped,web
o006373,c00387,SKU0029,1,991,USD,2026-01-19T19:48:02,completed,web
o006374,c00574,SKU0123,2,6902,USD,2026-02-16T05:32:54,completed,web
o006375,c00050,SKU0126,1,3264,USD,2025-12-24T08:58:17,completed,mobile
o006376,c00871,SKU0108,5,20095,USD,2026-04-06T15:01:40,cancelled,mobile
o006377,c00549,SKU0330,3,7257,USD,2026-03-17T19:35:23,cancelled,web
o006378,c00819,SKU0111,4,10368,USD,2026-03-31T13:11:01,completed,web
o006379,c00186,SKU0432,2,8740,USD,2026-01-14T01:04:32,shipped,web
o006380,c00639,SKU0439,3,5535,USD,2026-03-12T07:22:07,shipped,mobile
o006381,c00971,SKU0403,4,29124,USD,2026-01-11T17:13:27,completed,api
o006382,c00745,SKU0207,2,11350,USD,2026-01-22T08:45:09,shipped,web
o006383,c00927,SKU0013,1,4784,USD,2025-11-23T18:05:49,cancelled,mobile
o006384,c00739,SKU0357,2,1250,USD,2026-02-17T20:41:20,completed,mobile
o006385,c00740,SKU0433,2,6068,USD,2026-03-31T17:04:22,shipped,web
o006386,c00077,SKU0186,1,2725,USD,2026-03-14T05:54:58,refunded,mobile
o006387,c00050,SKU0113,1,1210,USD,2025-12-19T01:06:15,cancelled,web
o006388,c00742,SKU0269,2,1202,USD,2026-03-11T13:45:51,refunded,web
o006389,c00156,SKU0126,1,3264,USD,2026-02-28T19:12:56,completed,web
o006390,c00573,SKU0494,1,832,USD,2025-12-17T14:46:23,completed,web
o006391,c00959,SKU0465,2,4886,USD,2026-03-19T12:46:12,completed,web
o006392,c00242,SKU0361,5,16515,USD,2026-03-26T19:10:37,completed,web
o006393,c00368,SKU0485,1,2721,USD,2026-01-05T15:27:16,cancelled,mobile
o006394,c00234,SKU0328,5,7510,USD,2026-03-08T09:19:32,refunded,mobile
o006395,c00544,SKU0154,1,1745,USD,2026-04-15T09:22:36,shipped,mobile
o006396,c00139,SKU0413,2,11082,USD,2026-04-04T04:11:36,completed,mobile
o006397,c00758,SKU0385,2,3154,USD,2026-04-20T04:38:57,completed,web
o006398,c00329,SKU0454,1,1572,USD,2026-04-08T18:14:48,shipped,mobile
o006399,c00169,SKU0333,1,1813,USD,2026-02-18T00:23:36,completed,web
o006400,c00754,SKU0102,1,2017,USD,2026-02-13T01:27:59,cancelled,web
o006401,c00872,SKU0242,1,1211,USD,2026-01-21T11:11:39,completed,mobile
o006402,c00254,SKU0469,1,1863,USD,2026-04-12T04:39:14,completed,web
o006403,c00848,SKU0013,1,4784,USD,2026-03-01T00:28:17,shipped,web
o006404,c00231,SKU0205,1,1830,USD,2026-03-17T10:36:51,completed,web
o006405,c00762,SKU0356,2,1684,USD,2026-03-02T10:15:54,completed,mobile
o006406,c00466,SKU0282,5,5735,USD,2026-02-16T07:54:26,completed,mobile
o006407,c00425,SKU0206,3,2718,USD,2026-01-31T01:49:37,refunded,web
o006408,c00659,SKU0429,3,1284,USD,2026-04-17T16:13:21,completed,web
o006409,c00558,SKU0053,1,1804,USD,2026-02-25T09:16:42,completed,web
o006410,c00814,SKU0366,1,1478,USD,2026-02-02T06:04:21,completed,mobile
o006411,c00935,SKU0057,1,518,USD,2026-02-25T17:50:33,completed,web
o006412,c00386,SKU0168,1,1809,USD,2026-02-15T08:27:57,refunded,api
o006413,c00154,SKU0064,3,9219,USD,2026-01-12T00:13:11,cancelled,web
o006414,c00451,SKU0214,1,1905,USD,2026-02-04T20:43:36,completed,mobile
o006415,c00366,SKU0004,2,6692,USD,2026-03-12T00:50:48,completed,web
o006416,c00230,SKU0145,4,13804,USD,2026-04-17T12:22:31,cancelled,web
o006417,c00844,SKU0243,1,1894,USD,2026-04-11T11:43:59,completed,web
o006418,c00524,SKU0500,3,4923,USD,2026-02-11T08:35:29,completed,web
o006419,c00331,SKU0252,1,598,USD,2026-04-19T19:57:23,refunded,web
o006420,c00857,SKU0444,1,858,USD,2026-04-22T07:03:43,shipped,web
o006421,c00260,SKU0239,1,1011,USD,2026-04-16T18:39:21,completed,mobile
o006422,c00150,SKU0421,1,558,USD,2026-03-15T13:43:45,completed,mobile
o006423,c00766,SKU0116,1,2671,USD,2026-05-01T11:54:13,cancelled,web
o006424,c00249,SKU0288,2,942,USD,2026-04-07T02:49:22,completed,web
o006425,c00649,SKU0309,1,2102,USD,2026-04-17T19:41:36,cancelled,web
o006426,c00164,SKU0227,1,1005,USD,2026-02-27T09:12:36,completed,web
o006427,c00245,SKU0198,1,1230,USD,2026-02-10T05:59:35,completed,web
o006428,c00961,SKU0492,2,2016,USD,2026-04-05T13:21:59,shipped,web
o006429,c00344,SKU0196,2,2480,USD,2025-12-26T18:56:25,completed,mobile
o006430,c00238,SKU0071,2,2604,USD,2026-01-13T23:10:08,completed,web
o006431,c00236,SKU0222,5,5510,USD,2026-04-11T02:16:23,cancelled,web
o006432,c00455,SKU0447,1,5159,USD,2026-04-24T13:02:19,completed,web
o006433,c00250,SKU0270,1,671,USD,2026-04-24T20:57:31,refunded,mobile
o006434,c00020,SKU0388,1,2098,USD,2026-02-27T00:25:51,refunded,mobile
o006435,c00836,SKU0029,1,991,USD,2026-01-24T16:16:47,shipped,marketplace
o006436,c00934,SKU0151,1,3420,USD,2026-01-26T05:52:31,cancelled,web
o006437,c00643,SKU0482,1,1037,USD,2026-03-20T16:45:05,completed,web
o006438,c00932,SKU0429,2,856,USD,2026-02-13T17:13:31,completed,web
o006439,c00048,SKU0322,1,574,USD,2026-04-10T00:18:41,completed,mobile
o006440,c00128,SKU0190,1,1932,USD,2026-03-30T10:09:58,completed,web
o006441,c00652,SKU0342,1,593,USD,2026-04-20T04:50:03,completed,mobile
o006442,c00528,SKU0296,1,1506,USD,2026-01-21T10:34:16,cancelled,web
o006443,c00047,SKU0142,1,1177,USD,2026-03-25T01:09:11,refunded,mobile
o006444,c00050,SKU0097,2,8930,USD,2026-02-11T05:36:18,completed,web
o006445,c00256,SKU0156,1,671,USD,2025-12-31T03:09:02,completed,mobile
o006446,c00645,SKU0410,1,1417,USD,2026-01-05T08:38:38,completed,web
o006447,c00242,SKU0238,4,2660,USD,2026-02-07T10:36:06,refunded,web
o006448,c00458,SKU0298,1,877,USD,2026-02-03T23:28:13,completed,mobile
o006449,c00380,SKU0464,1,1982,USD,2026-01-17T23:40:32,completed,web
o006450,c00441,SKU0240,1,1745,USD,2026-02-16T05:02:57,completed,web
o006451,c00250,SKU0487,2,8834,USD,2026-04-03T04:32:44,cancelled,mobile
o006452,c00956,SKU0124,1,2458,USD,2026-03-16T23:37:16,cancelled,web
o006453,c00861,SKU0464,1,1982,USD,2026-04-06T21:38:05,refunded,marketplace
o006454,c00853,SKU0313,2,6024,USD,2026-01-16T04:15:00,refunded,mobile
o006455,c00385,SKU0422,3,3102,USD,2026-04-04T22:23:27,completed,mobile
o006456,c00749,SKU0314,1,4489,USD,2026-03-26T13:20:01,completed,web
o006457,c00145,SKU0437,1,458,USD,2026-03-28T18:37:33,completed,mobile
o006458,c00738,SKU0414,1,3365,USD,2026-04-05T17:20:18,completed,web
o006459,c00948,SKU0327,1,531,USD,2026-04-29T19:45:43,completed,web
o006460,c00024,SKU0045,1,1704,USD,2026-02-12T17:40:05,completed,web
o006461,c00345,SKU0451,1,2349,USD,2026-03-14T15:39:54,shipped,mobile
o006462,c00271,SKU0360,3,8655,USD,2025-12-21T18:35:25,completed,mobile
o006463,c00583,SKU0113,1,1210,USD,2026-02-13T18:48:00,completed,web
o006464,c00919,SKU0094,3,2868,USD,2026-03-15T07:11:08,completed,mobile
o006465,c00621,SKU0060,1,4175,USD,2026-03-30T19:11:30,shipped,mobile
o006466,c00045,SKU0497,1,896,USD,2026-03-22T01:08:25,completed,web
o006467,c00454,SKU0070,2,2702,USD,2026-03-09T13:00:57,refunded,web
o006468,c00654,SKU0017,1,1460,USD,2026-02-20T17:50:11,completed,web
o006469,c00965,SKU0031,1,1331,USD,2026-03-26T06:04:42,completed,mobile
o006470,c00360,SKU0383,1,1534,USD,2026-04-17T21:28:17,completed,web
o006471,c00472,SKU0480,1,1020,USD,2026-04-15T07:45:04,shipped,mobile
o006472,c00754,SKU0347,2,2348,USD,2026-04-09T02:25:28,shipped,web
o006473,c00341,SKU0095,1,2196,USD,2026-04-25T20:04:32,completed,mobile
o006474,c00548,SKU0322,2,1148,USD,2026-04-08T07:35:03,shipped,web
o006475,c00551,SKU0067,2,5158,USD,2026-03-20T12:21:21,completed,marketplace
o006476,c00659,SKU0015,2,6602,USD,2026-02-25T23:46:11,shipped,web
o006477,c00538,SKU0051,1,380,USD,2026-04-16T15:07:25,completed,web
o006478,c00715,SKU0450,3,14001,USD,2026-02-14T08:19:50,completed,mobile
o006479,c00643,SKU0053,3,5412,USD,2026-01-15T10:55:30,completed,marketplace
o006480,c00414,SKU0347,1,1174,USD,2026-02-09T13:51:24,completed,web
o006481,c00354,SKU0062,1,3654,USD,2026-04-09T03:38:33,refunded,marketplace
o006482,c00849,SKU0372,2,2348,USD,2026-03-28T12:50:17,shipped,web
o006483,c00539,SKU0119,3,4902,USD,2026-04-15T21:49:43,cancelled,web
o006484,c00248,SKU0448,2,1070,USD,2026-05-05T23:31:46,completed,web
o006485,c00263,SKU0273,1,1382,USD,2026-02-13T19:20:54,completed,mobile
o006486,c00026,SKU0139,2,1930,USD,2026-05-09T09:22:28,refunded,web
o006487,c00267,SKU0132,1,3175,USD,2026-04-29T15:57:22,completed,web
o006488,c00288,SKU0219,1,2570,USD,2026-03-18T15:55:19,completed,mobile
o006489,c00366,SKU0238,5,3325,USD,2026-02-24T21:30:56,refunded,web
o006490,c00320,SKU0055,3,3675,USD,2026-04-24T15:51:11,completed,mobile
o006491,c00538,SKU0111,3,7776,USD,2026-05-03T00:19:57,completed,web
o006492,c00475,SKU0412,1,1429,USD,2026-02-03T09:55:08,completed,mobile
o006493,c00371,SKU0212,3,4125,USD,2026-03-26T05:02:58,completed,mobile
o006494,c00370,SKU0222,2,2204,USD,2025-12-25T10:50:02,completed,web
o006495,c00962,SKU0478,3,3819,USD,2026-01-17T06:23:13,completed,marketplace
o006496,c00773,SKU0159,2,2000,USD,2026-04-20T04:23:14,refunded,web
o006497,c00836,SKU0446,3,8553,USD,2026-01-28T03:34:26,completed,web
o006498,c00651,SKU0431,1,1233,USD,2026-04-14T18:40:49,cancelled,mobile
o006499,c00637,SKU0396,1,1193,USD,2026-03-25T04:35:13,completed,web
o006500,c00622,SKU0161,1,1717,USD,2026-03-13T18:22:17,shipped,web
o006501,c00670,SKU0184,1,1456,USD,2026-03-10T00:51:51,shipped,web
o006502,c00836,SKU0063,1,1839,USD,2026-02-23T23:28:44,cancelled,web
o006503,c00331,SKU0384,1,2176,USD,2026-03-29T06:00:35,completed,web
o006504,c00443,SKU0461,1,3114,USD,2026-04-25T04:41:35,completed,api
o006505,c00334,SKU0368,2,2846,USD,2026-04-01T05:00:25,completed,api
o006506,c00846,SKU0194,2,3486,USD,2026-03-28T22:35:23,completed,mobile
o006507,c00839,SKU0299,1,2090,USD,2026-01-06T08:13:16,refunded,web
o006508,c00176,SKU0402,1,2854,USD,2026-02-20T01:04:53,shipped,mobile
o006509,c00776,SKU0327,4,2124,USD,2026-03-01T04:04:28,cancelled,mobile
o006510,c00764,SKU0243,1,1894,USD,2026-02-11T01:55:08,cancelled,web
o006511,c00157,SKU0424,2,5600,USD,2026-03-16T12:53:28,completed,mobile
o006512,c00648,SKU0299,3,6270,USD,2026-04-29T08:01:39,completed,web
o006513,c00924,SKU0072,2,1998,USD,2026-04-17T04:53:16,completed,web
o006514,c00551,SKU0432,3,13110,USD,2026-04-01T06:15:23,cancelled,web
o006515,c00552,SKU0138,1,1820,USD,2026-04-08T18:52:34,shipped,web
o006516,c00552,SKU0445,1,2862,USD,2026-04-29T19:11:29,refunded,web
o006517,c00637,SKU0426,4,3472,USD,2026-03-09T05:01:35,completed,web
o006518,c00278,SKU0143,1,1386,USD,2026-02-27T16:16:20,completed,web
o006519,c00672,SKU0261,1,956,USD,2026-04-27T01:59:55,completed,web
o006520,c00183,SKU0277,1,1657,USD,2026-01-15T14:02:15,completed,marketplace
o006521,c00346,SKU0435,1,2480,USD,2026-03-29T11:43:00,shipped,web
o006522,c00145,SKU0176,2,4328,USD,2026-04-14T09:58:23,shipped,web
o006523,c00427,SKU0320,3,1803,USD,2026-03-28T15:26:25,completed,web
o006524,c00134,SKU0215,1,2296,USD,2026-04-13T12:24:59,completed,mobile
o006525,c00051,SKU0128,1,2793,USD,2026-02-20T11:17:49,completed,mobile
o006526,c00340,SKU0094,2,1912,USD,2026-03-21T02:57:02,completed,mobile
o006527,c00946,SKU0483,2,1372,USD,2026-02-21T22:11:26,completed,web
o006528,c00143,SKU0451,4,9396,USD,2026-04-06T14:54:41,completed,web
o006529,c00539,SKU0255,1,3512,USD,2026-03-15T10:18:57,cancelled,web
o006530,c00768,SKU0423,1,3461,USD,2026-02-21T04:56:50,completed,web
o006531,c00546,SKU0161,1,1717,USD,2025-12-06T16:10:35,completed,mobile
o006532,c00544,SKU0105,1,1467,USD,2026-02-05T04:50:21,completed,mobile
o006533,c00647,SKU0451,1,2349,USD,2026-03-31T08:02:08,refunded,marketplace
o006534,c00429,SKU0482,1,1037,USD,2026-04-05T04:35:00,refunded,web
o006535,c00532,SKU0322,1,574,USD,2026-04-05T10:59:46,completed,web
o006536,c00847,SKU0390,1,1831,USD,2026-04-15T18:20:47,completed,marketplace
o006537,c00960,SKU0074,2,1358,USD,2026-01-10T06:20:40,completed,api
o006538,c00866,SKU0437,1,458,USD,2026-03-24T11:53:42,completed,web
o006539,c00859,SKU0298,2,1754,USD,2026-02-21T00:55:20,refunded,web
o006540,c00956,SKU0209,3,8076,USD,2026-01-02T15:50:03,completed,mobile
o006541,c00549,SKU0120,1,1874,USD,2026-04-12T10:10:20,completed,web
o006542,c00924,SKU0274,2,6586,USD,2026-03-02T14:18:46,shipped,mobile
o006543,c00917,SKU0210,2,4692,USD,2026-04-04T20:27:30,completed,web
o006544,c00156,SKU0361,1,3303,USD,2026-01-22T11:17:29,completed,web
o006545,c00343,SKU0374,3,4050,USD,2026-01-14T23:44:36,completed,web
o006546,c00229,SKU0473,2,1164,USD,2026-04-11T22:08:30,shipped,web
o006547,c00267,SKU0406,1,1940,USD,2026-04-08T02:08:05,completed,web
o006548,c00529,SKU0223,1,3828,USD,2025-12-22T22:16:53,completed,mobile
o006549,c00540,SKU0327,3,1593,USD,2026-03-22T09:33:17,refunded,web
o006550,c00836,SKU0036,1,1224,USD,2026-04-14T13:21:43,shipped,web
o006551,c00840,SKU0413,3,16623,USD,2025-12-21T11:56:14,shipped,mobile
o006552,c00469,SKU0219,4,10280,USD,2026-02-04T09:57:36,completed,web
o006553,c00546,SKU0015,2,6602,USD,2026-03-29T15:40:41,cancelled,web
o006554,c00174,SKU0426,2,1736,USD,2026-05-04T01:26:12,refunded,mobile
o006555,c00931,SKU0286,2,5094,USD,2026-04-01T04:05:58,completed,web
o006556,c00273,SKU0297,4,4784,USD,2026-03-23T19:16:12,completed,web
o006557,c00759,SKU0391,2,12518,USD,2026-02-11T05:10:14,refunded,web
o006558,c00264,SKU0074,1,679,USD,2026-02-18T02:36:46,completed,mobile
o006559,c00653,SKU0107,3,4035,USD,2026-04-12T12:48:56,completed,web
o006560,c00176,SKU0217,1,2530,USD,2026-01-24T15:18:53,completed,mobile
o006561,c00948,SKU0379,2,3896,USD,2026-02-15T17:20:49,completed,web
o006562,c00020,SKU0460,2,812,USD,2026-04-07T06:26:57,cancelled,web
o006563,c00827,SKU0330,5,12095,USD,2026-03-01T10:24:23,completed,web
o006564,c00496,SKU0177,2,16332,USD,2026-01-20T04:54:51,cancelled,web
o006565,c00028,SKU0229,3,3825,USD,2025-11-26T10:35:14,cancelled,mobile
o006566,c00530,SKU0233,1,2573,USD,2026-03-20T18:08:06,completed,marketplace
o006567,c00874,SKU0298,1,877,USD,2026-04-04T08:46:02,completed,web
o006568,c00251,SKU0162,3,3828,USD,2025-11-21T02:03:52,refunded,web
o006569,c00561,SKU0408,1,695,USD,2026-03-23T01:18:50,completed,mobile
o006570,c00362,SKU0284,1,1911,USD,2026-01-29T16:59:57,refunded,web
o006571,c00641,SKU0431,2,2466,USD,2026-04-09T16:59:39,completed,api
o006572,c00343,SKU0339,1,701,USD,2026-04-12T11:29:17,completed,mobile
o006573,c00644,SKU0014,1,2243,USD,2026-04-17T09:12:57,shipped,mobile
o006574,c00468,SKU0385,5,7885,USD,2026-02-14T23:40:19,completed,web
o006575,c00039,SKU0178,1,2459,USD,2026-04-16T21:43:20,cancelled,mobile
o006576,c00837,SKU0334,1,1403,USD,2026-02-25T18:32:23,completed,marketplace
o006577,c00045,SKU0390,1,1831,USD,2026-03-06T11:22:51,completed,web
o006578,c00863,SKU0362,1,1740,USD,2026-02-23T12:48:22,shipped,web
o006579,c00747,SKU0306,2,3526,USD,2026-05-04T06:58:04,completed,mobile
o006580,c00765,SKU0406,1,1940,USD,2025-12-16T04:45:32,shipped,mobile
o006581,c00822,SKU0409,1,3307,USD,2026-03-19T17:20:51,completed,web
o006582,c00468,SKU0347,4,4696,USD,2026-02-18T17:35:52,completed,web
o006583,c00877,SKU0254,2,2372,USD,2026-03-08T11:58:44,refunded,api
o006584,c00634,SKU0373,1,782,USD,2026-01-18T00:09:07,completed,web
o006585,c00544,SKU0477,1,874,USD,2026-02-20T08:53:33,shipped,web
o006586,c00188,SKU0182,5,6510,USD,2026-01-08T16:15:08,cancelled,mobile
o006587,c00881,SKU0031,2,2662,USD,2026-04-23T10:29:36,completed,mobile
o006588,c00779,SKU0014,3,6729,USD,2026-04-03T13:08:17,completed,mobile
o006589,c00654,SKU0290,3,5781,USD,2026-03-14T04:33:51,completed,web
o006590,c00038,SKU0269,1,601,USD,2026-03-13T03:09:04,shipped,web
o006591,c00944,SKU0237,1,2864,USD,2026-03-23T01:00:29,refunded,web
o006592,c00030,SKU0070,1,1351,USD,2026-01-08T19:56:15,completed,mobile
o006593,c00470,SKU0190,1,1932,USD,2026-03-01T21:00:19,completed,web
o006594,c00761,SKU0298,2,1754,USD,2026-03-26T18:57:42,completed,mobile
o006595,c00850,SKU0134,1,2059,USD,2026-01-14T08:28:51,refunded,mobile
o006596,c00928,SKU0101,2,3632,USD,2026-03-14T23:57:13,shipped,web
o006597,c00759,SKU0284,1,1911,USD,2026-02-05T15:00:10,shipped,mobile
o006598,c00853,SKU0447,2,10318,USD,2026-05-07T09:34:10,completed,mobile
o006599,c00140,SKU0228,1,1142,USD,2026-03-01T18:17:32,cancelled,api
o006600,c00948,SKU0223,1,3828,USD,2026-02-28T05:20:57,completed,web
o006601,c00439,SKU0475,2,1362,USD,2026-04-21T01:01:16,refunded,web
o006602,c00148,SKU0378,2,9364,USD,2026-03-13T08:19:21,refunded,mobile
o006603,c00423,SKU0421,2,1116,USD,2026-04-06T10:15:03,completed,web
o006604,c00369,SKU0017,2,2920,USD,2025-12-09T05:47:07,shipped,web
o006605,c00341,SKU0289,4,4116,USD,2026-01-06T23:08:30,shipped,web
o006606,c00647,SKU0184,2,2912,USD,2026-02-16T00:12:03,completed,web
o006607,c00834,SKU0269,2,1202,USD,2025-12-23T22:18:33,shipped,mobile
o006608,c00151,SKU0357,1,625,USD,2026-03-26T09:04:21,shipped,mobile
o006609,c00550,SKU0324,3,1788,USD,2026-03-29T14:50:31,completed,mobile
o006610,c00039,SKU0070,2,2702,USD,2026-03-03T19:42:10,completed,web
o006611,c00543,SKU0103,4,1520,USD,2026-04-12T15:53:54,cancelled,web
o006612,c00284,SKU0145,1,3451,USD,2026-03-31T11:20:47,completed,web
o006613,c00263,SKU0311,1,1905,USD,2026-03-02T07:26:51,completed,web
o006614,c00048,SKU0223,1,3828,USD,2026-04-26T14:39:37,cancelled,mobile
o006615,c00545,SKU0044,2,4964,USD,2026-02-19T14:36:19,completed,web
o006616,c00639,SKU0326,2,3152,USD,2026-04-21T09:53:47,completed,web
o006617,c00645,SKU0315,2,5496,USD,2026-02-01T07:06:23,completed,web
o006618,c00052,SKU0450,3,14001,USD,2026-04-04T08:24:13,completed,web
o006619,c00654,SKU0231,1,4542,USD,2026-01-17T02:20:43,completed,web
o006620,c00259,SKU0294,2,4356,USD,2026-05-14T18:37:52,completed,web
o006621,c00225,SKU0410,2,2834,USD,2025-12-13T15:26:37,completed,web
o006622,c00457,SKU0407,1,2009,USD,2025-12-30T18:52:51,cancelled,web
o006623,c00576,SKU0248,2,2356,USD,2026-04-05T14:56:39,cancelled,web
o006624,c00753,SKU0451,1,2349,USD,2026-01-17T10:51:06,completed,web
o006625,c00328,SKU0399,3,7764,USD,2026-05-01T06:45:15,completed,web
o006626,c00328,SKU0237,3,8592,USD,2026-04-29T09:18:24,cancelled,web
o006627,c00161,SKU0148,2,8140,USD,2026-03-16T08:05:57,refunded,mobile
o006628,c00428,SKU0451,2,4698,USD,2026-03-01T10:41:25,completed,web
o006629,c00785,SKU0428,1,1493,USD,2026-01-15T01:26:55,refunded,mobile
o006630,c00965,SKU0229,1,1275,USD,2026-02-15T19:48:00,completed,mobile
o006631,c00170,SKU0306,1,1763,USD,2026-04-15T18:32:56,refunded,web
o006632,c00943,SKU0112,2,2264,USD,2026-02-18T06:41:21,completed,web
o006633,c00538,SKU0209,2,5384,USD,2026-03-03T13:25:32,completed,web
o006634,c00761,SKU0220,3,3072,USD,2026-01-30T01:25:31,completed,web
o006635,c00546,SKU0253,1,1021,USD,2026-02-22T16:19:39,completed,web
o006636,c00134,SKU0219,2,5140,USD,2025-12-02T10:46:38,completed,web
o006637,c00443,SKU0272,1,1569,USD,2026-02-21T07:20:59,completed,web
o006638,c00758,SKU0134,2,4118,USD,2026-03-27T10:36:16,completed,web
o006639,c00446,SKU0480,2,2040,USD,2026-04-04T20:13:24,shipped,mobile
o006640,c00524,SKU0356,1,842,USD,2026-05-03T12:49:05,cancelled,web
o006641,c00239,SKU0218,3,1203,USD,2025-12-14T14:24:15,completed,mobile
o006642,c00665,SKU0268,1,1657,USD,2026-03-28T04:54:08,completed,mobile
o006643,c00945,SKU0353,2,3446,USD,2026-04-24T17:25:06,completed,mobile
o006644,c00027,SKU0220,1,1024,USD,2026-03-27T20:18:58,cancelled,web
o006645,c00357,SKU0054,1,2172,USD,2026-04-04T00:46:02,completed,mobile
o006646,c00262,SKU0018,1,1937,USD,2026-01-24T19:49:14,refunded,web
o006647,c00154,SKU0274,2,6586,USD,2026-04-30T17:22:01,cancelled,web
o006648,c00568,SKU0349,2,2112,USD,2026-02-17T03:06:08,refunded,web
o006649,c00738,SKU0357,1,625,USD,2026-02-16T16:51:03,completed,mobile
o006650,c00719,SKU0237,1,2864,USD,2026-01-14T15:15:16,cancelled,web
o006651,c00456,SKU0118,1,1789,USD,2025-12-25T17:25:41,refunded,api
o006652,c00645,SKU0293,4,12704,USD,2026-04-22T20:19:00,completed,marketplace
o006653,c00363,SKU0051,2,760,USD,2025-12-01T05:27:59,shipped,web
o006654,c00869,SKU0123,1,3451,USD,2026-03-17T05:30:21,completed,web
o006655,c00950,SKU0350,2,7208,USD,2026-03-09T21:11:54,completed,web
o006656,c00222,SKU0300,1,11228,USD,2026-02-03T18:14:08,completed,web
o006657,c00356,SKU0431,1,1233,USD,2026-03-30T05:30:39,completed,web
o006658,c00635,SKU0244,2,16720,USD,2026-04-20T19:18:59,refunded,web
o006659,c00473,SKU0194,2,3486,USD,2026-03-31T08:42:56,completed,web
o006660,c00381,SKU0322,1,574,USD,2026-02-12T05:12:52,completed,web
o006661,c00041,SKU0293,1,3176,USD,2026-03-28T02:20:43,shipped,web
o006662,c00053,SKU0135,1,2574,USD,2026-03-28T03:06:18,completed,web
o006663,c00241,SKU0357,2,1250,USD,2026-01-13T23:46:43,completed,web
o006664,c00172,SKU0247,2,3244,USD,2026-02-09T21:02:03,completed,web
o006665,c00366,SKU0202,2,1400,USD,2026-03-02T12:26:30,completed,web
o006666,c00419,SKU0205,2,3660,USD,2026-02-14T21:54:42,cancelled,mobile
o006667,c00701,SKU0316,2,2568,USD,2026-02-05T01:26:05,shipped,mobile
o006668,c00164,SKU0024,1,1584,USD,2026-02-03T11:14:02,refunded,web
o006669,c00151,SKU0061,1,3467,USD,2026-03-07T21:53:40,completed,api
o006670,c00447,SKU0147,1,1012,USD,2026-04-16T14:13:46,completed,mobile
o006671,c00870,SKU0150,1,735,USD,2026-04-17T11:49:06,completed,web
o006672,c00657,SKU0269,2,1202,USD,2026-03-12T07:07:25,completed,web
o006673,c00259,SKU0390,1,1831,USD,2026-02-08T10:13:50,refunded,mobile
o006674,c00950,SKU0061,1,3467,USD,2026-04-22T16:28:39,shipped,web
o006675,c00070,SKU0302,2,3254,USD,2026-03-26T17:04:10,cancelled,mobile
o006676,c00937,SKU0361,3,9909,USD,2026-01-13T10:35:19,completed,web
o006677,c00048,SKU0191,4,1352,USD,2026-03-11T13:49:07,cancelled,mobile
o006678,c00426,SKU0001,1,741,USD,2026-05-08T01:59:02,completed,web
o006679,c00458,SKU0388,1,2098,USD,2026-02-16T20:20:17,shipped,mobile
o006680,c00452,SKU0062,1,3654,USD,2026-01-21T02:42:06,completed,web
o006681,c00167,SKU0190,2,3864,USD,2026-03-05T13:36:09,refunded,mobile
o006682,c00463,SKU0151,2,6840,USD,2026-03-02T06:32:56,completed,mobile
o006683,c00313,SKU0138,2,3640,USD,2026-04-10T10:56:50,completed,mobile
o006684,c00448,SKU0467,1,1461,USD,2026-02-16T16:03:51,completed,web
o006685,c00841,SKU0245,2,3204,USD,2026-02-14T17:37:14,completed,web
o006686,c00671,SKU0349,2,2112,USD,2026-01-04T18:54:04,refunded,web
o006687,c00255,SKU0365,1,4993,USD,2026-03-23T11:16:02,completed,web
o006688,c00372,SKU0285,1,1369,USD,2026-04-11T22:20:59,completed,web
o006689,c00463,SKU0295,3,4518,USD,2026-02-06T03:34:26,completed,mobile
o006690,c00025,SKU0469,1,1863,USD,2026-04-04T18:11:40,refunded,web
o006691,c00065,SKU0039,2,6624,USD,2026-04-24T16:44:31,completed,web
o006692,c00536,SKU0376,1,1624,USD,2026-02-16T14:56:37,completed,marketplace
o006693,c00934,SKU0158,2,1804,USD,2026-02-11T02:25:02,cancelled,web
o006694,c00371,SKU0050,1,5065,USD,2026-04-24T17:36:43,completed,web
o006695,c00231,SKU0460,3,1218,USD,2026-04-08T16:45:12,completed,web
o006696,c00310,SKU0029,1,991,USD,2026-02-10T15:35:29,completed,mobile
o006697,c00452,SKU0434,1,1467,USD,2026-02-15T04:33:59,cancelled,web
o006698,c00757,SKU0199,1,1153,USD,2026-04-10T04:08:12,cancelled,marketplace
o006699,c00738,SKU0220,2,2048,USD,2026-02-12T07:11:35,shipped,web
o006700,c00169,SKU0166,1,1353,USD,2026-02-25T07:01:42,completed,marketplace
o006701,c00213,SKU0159,1,1000,USD,2026-04-11T22:20:55,completed,marketplace
o006702,c00059,SKU0185,3,6627,USD,2026-03-30T16:03:20,cancelled,mobile
o006703,c00873,SKU0386,1,1908,USD,2026-01-26T05:41:48,completed,marketplace
o006704,c00429,SKU0474,1,977,USD,2026-03-14T10:43:38,completed,web
o006705,c00438,SKU0391,2,12518,USD,2026-04-16T22:16:22,completed,web
o006706,c00133,SKU0434,2,2934,USD,2026-04-14T23:03:34,completed,mobile
o006707,c00457,SKU0462,1,1224,USD,2026-02-17T08:54:21,completed,web
o006708,c00432,SKU0449,1,1054,USD,2026-04-18T03:06:34,completed,mobile
o006709,c00427,SKU0437,1,458,USD,2026-03-03T00:53:50,completed,mobile
o006710,c00351,SKU0289,3,3087,USD,2026-01-31T06:28:21,completed,web
o006711,c00829,SKU0145,1,3451,USD,2026-02-28T18:56:40,shipped,mobile
o006712,c00941,SKU0213,2,5656,USD,2026-04-04T12:51:00,completed,mobile
o006713,c00939,SKU0159,2,2000,USD,2026-01-28T02:53:32,shipped,web
o006714,c00242,SKU0136,1,704,USD,2026-03-16T22:54:55,completed,mobile
o006715,c00051,SKU0407,2,4018,USD,2026-04-06T22:06:05,refunded,web
o006716,c00648,SKU0268,1,1657,USD,2026-02-06T01:38:15,completed,marketplace
o006717,c00172,SKU0400,1,1781,USD,2026-04-07T19:08:44,completed,web
o006718,c00140,SKU0491,1,770,USD,2026-03-14T14:40:03,completed,web
o006719,c00670,SKU0112,1,1132,USD,2026-04-12T16:31:48,cancelled,web
o006720,c00142,SKU0233,1,2573,USD,2026-03-17T01:02:07,cancelled,mobile
o006721,c00970,SKU0113,2,2420,USD,2026-03-29T02:43:46,completed,web
o006722,c00561,SKU0273,3,4146,USD,2026-01-29T20:10:30,completed,web
o006723,c00345,SKU0139,1,965,USD,2026-04-07T22:50:09,refunded,web
o006724,c00852,SKU0367,1,1192,USD,2026-03-13T01:30:05,completed,web
o006725,c00350,SKU0255,1,3512,USD,2026-03-29T12:47:15,completed,web
o006726,c00052,SKU0410,1,1417,USD,2026-04-11T05:39:06,completed,web
o006727,c00058,SKU0006,1,1173,USD,2026-02-01T09:47:23,refunded,web
o006728,c00849,SKU0171,1,1150,USD,2026-01-02T08:06:03,completed,mobile
o006729,c00937,SKU0473,2,1164,USD,2026-02-24T03:43:43,refunded,web
o006730,c00836,SKU0291,1,1561,USD,2026-01-28T07:44:45,shipped,web
o006731,c00261,SKU0458,1,1157,USD,2026-02-21T12:16:53,completed,web
o006732,c00738,SKU0410,2,2834,USD,2026-02-14T02:31:42,refunded,web
o006733,c00362,SKU0444,1,858,USD,2026-05-01T19:39:40,shipped,web
o006734,c00063,SKU0174,1,4357,USD,2026-03-27T01:01:13,shipped,mobile
o006735,c00464,SKU0279,1,591,USD,2025-12-28T00:05:43,completed,mobile
o006736,c00422,SKU0440,1,2439,USD,2026-03-02T09:49:51,completed,web
o006737,c00141,SKU0134,1,2059,USD,2026-02-14T06:23:37,completed,web
o006738,c00851,SKU0008,1,2608,USD,2026-03-09T23:35:55,completed,api
o006739,c00871,SKU0151,1,3420,USD,2026-01-16T04:53:49,shipped,web
o006740,c00060,SKU0417,2,2884,USD,2026-04-22T10:08:40,completed,web
o006741,c00284,SKU0093,4,2216,USD,2026-02-27T15:01:48,completed,api
o006742,c00424,SKU0329,1,3345,USD,2026-03-17T17:33:20,completed,web
o006743,c00733,SKU0378,2,9364,USD,2026-05-01T06:52:10,completed,web
o006744,c00166,SKU0202,2,1400,USD,2026-03-05T02:33:39,completed,mobile
o006745,c00949,SKU0065,1,949,USD,2026-03-18T17:25:02,refunded,web
o006746,c00352,SKU0380,1,2803,USD,2026-02-26T22:17:25,completed,web
o006747,c00683,SKU0479,1,3608,USD,2026-02-01T03:23:36,completed,mobile
o006748,c00745,SKU0480,2,2040,USD,2026-02-04T16:30:59,refunded,mobile
o006749,c00327,SKU0014,1,2243,USD,2026-03-07T10:35:07,completed,marketplace
o006750,c00459,SKU0026,3,4884,USD,2026-04-20T08:20:48,completed,web
o006751,c00933,SKU0210,1,2346,USD,2026-03-09T14:57:16,completed,web
o006752,c00452,SKU0480,3,3060,USD,2026-03-29T11:09:55,completed,web
o006753,c00358,SKU0484,1,1657,USD,2026-03-02T10:15:57,completed,web
o006754,c00362,SKU0090,3,1830,USD,2026-04-21T07:11:29,cancelled,web
o006755,c00849,SKU0414,1,3365,USD,2026-01-25T05:04:31,cancelled,mobile
o006756,c00352,SKU0336,3,1902,USD,2026-04-04T08:42:36,cancelled,mobile
o006757,c00816,SKU0214,1,1905,USD,2026-01-16T19:44:30,shipped,web
o006758,c00520,SKU0136,1,704,USD,2026-04-05T12:32:47,completed,mobile
o006759,c00036,SKU0048,3,3801,USD,2026-03-12T17:26:53,refunded,web
o006760,c00034,SKU0294,3,6534,USD,2026-04-02T00:38:56,completed,mobile
o006761,c00756,SKU0237,2,5728,USD,2026-03-08T10:52:50,completed,web
o006762,c00825,SKU0286,1,2547,USD,2026-04-03T15:18:15,completed,marketplace
o006763,c00083,SKU0443,2,1946,USD,2026-04-21T00:39:32,refunded,web
o006764,c00935,SKU0011,2,6480,USD,2026-02-23T18:55:03,refunded,web
o006765,c00560,SKU0340,2,6924,USD,2026-03-20T13:04:31,cancelled,web
o006766,c00150,SKU0224,3,18453,USD,2026-01-22T08:22:11,completed,web
o006767,c00519,SKU0209,2,5384,USD,2026-01-10T10:08:01,completed,api
o006768,c00926,SKU0475,2,1362,USD,2026-03-05T00:35:51,completed,web
o006769,c00154,SKU0481,2,1836,USD,2026-05-05T06:11:19,completed,web
o006770,c00651,SKU0095,4,8784,USD,2026-03-24T20:33:22,completed,mobile
o006771,c00945,SKU0082,2,1538,USD,2026-02-26T21:09:56,cancelled,mobile
o006772,c00842,SKU0338,1,3496,USD,2026-04-09T17:17:26,refunded,api
o006773,c00864,SKU0164,2,4832,USD,2026-02-24T09:11:45,completed,mobile
o006774,c00551,SKU0131,1,838,USD,2026-04-11T06:16:28,completed,mobile
o006775,c00545,SKU0402,1,2854,USD,2026-02-01T17:00:39,shipped,web
o006776,c00862,SKU0389,1,416,USD,2025-12-24T19:11:15,shipped,web
o006777,c00160,SKU0056,2,1540,USD,2026-03-07T04:20:46,shipped,mobile
o006778,c00608,SKU0363,1,2194,USD,2026-03-05T05:12:45,refunded,web
o006779,c00547,SKU0101,1,1816,USD,2025-12-15T11:05:14,completed,web
o006780,c00657,SKU0007,2,1238,USD,2026-03-06T07:59:36,completed,web
o006781,c00775,SKU0054,4,8688,USD,2026-01-19T04:47:49,cancelled,web
o006782,c00380,SKU0407,1,2009,USD,2026-03-12T01:14:34,completed,web
o006783,c00840,SKU0391,1,6259,USD,2025-11-24T07:18:23,completed,web
o006784,c00853,SKU0140,4,11628,USD,2026-05-01T00:24:18,shipped,web
o006785,c00196,SKU0141,3,13950,USD,2026-03-16T00:46:55,refunded,web
o006786,c00780,SKU0062,3,10962,USD,2025-12-23T07:12:08,refunded,web
o006787,c00957,SKU0426,3,2604,USD,2026-03-12T15:08:22,refunded,web
o006788,c00261,SKU0179,2,11086,USD,2026-03-03T11:15:49,refunded,web
o006789,c00575,SKU0011,1,3240,USD,2026-03-17T17:36:52,completed,web
o006790,c00680,SKU0174,4,17428,USD,2026-03-23T16:45:45,completed,web
o006791,c00832,SKU0264,2,6886,USD,2026-02-09T13:31:25,shipped,mobile
o006792,c00257,SKU0014,4,8972,USD,2026-03-18T04:16:20,completed,web
o006793,c00615,SKU0358,4,19556,USD,2026-04-14T17:01:18,shipped,web
o006794,c00034,SKU0379,2,3896,USD,2026-01-27T08:17:14,cancelled,web
o006795,c00160,SKU0235,1,245,USD,2026-01-21T07:52:07,completed,mobile
o006796,c00655,SKU0130,3,7797,USD,2026-04-08T18:33:49,shipped,mobile
o006797,c00759,SKU0314,1,4489,USD,2026-04-15T23:43:16,completed,mobile
o006798,c00625,SKU0456,4,7032,USD,2026-05-03T23:17:46,completed,web
o006799,c00323,SKU0235,2,490,USD,2026-02-15T19:47:44,refunded,mobile
o006800,c00625,SKU0216,1,2606,USD,2026-02-20T13:05:25,completed,web
o006801,c00073,SKU0270,1,671,USD,2026-03-10T09:09:30,refunded,web
o006802,c00463,SKU0235,1,245,USD,2026-04-04T00:28:45,completed,mobile
o006803,c00951,SKU0118,2,3578,USD,2026-03-10T18:59:16,completed,marketplace
o006804,c00769,SKU0049,1,1403,USD,2026-01-28T13:25:33,shipped,web
o006805,c00642,SKU0145,1,3451,USD,2026-03-18T15:02:53,completed,web
o006806,c00432,SKU0324,1,596,USD,2026-01-16T05:00:15,cancelled,web
o006807,c00765,SKU0240,1,1745,USD,2026-04-18T07:58:29,completed,mobile
o006808,c00651,SKU0229,1,1275,USD,2026-04-22T21:36:04,completed,web
o006809,c00031,SKU0101,1,1816,USD,2025-12-27T19:35:59,refunded,mobile
o006810,c00045,SKU0172,2,12110,USD,2026-03-12T14:31:45,completed,web
o006811,c00972,SKU0498,1,2150,USD,2026-04-03T18:36:20,completed,web
o006812,c00861,SKU0003,3,1743,USD,2026-04-15T02:22:57,completed,mobile
o006813,c00286,SKU0425,4,14128,USD,2026-02-01T12:01:38,cancelled,web
o006814,c00634,SKU0022,1,890,USD,2026-03-28T01:11:12,cancelled,mobile
o006815,c00325,SKU0371,1,2100,USD,2025-12-05T20:57:29,completed,web
o006816,c00753,SKU0430,1,6918,USD,2026-01-10T00:05:54,cancelled,mobile
o006817,c00052,SKU0173,2,1424,USD,2026-04-23T17:00:21,shipped,web
o006818,c00021,SKU0058,1,3744,USD,2026-04-11T11:38:22,completed,mobile
o006819,c00646,SKU0481,2,1836,USD,2026-01-26T05:02:25,refunded,web
o006820,c00654,SKU0281,3,5115,USD,2026-02-25T14:53:07,completed,mobile
o006821,c00746,SKU0476,2,3102,USD,2026-03-03T22:57:27,shipped,web
o006822,c00340,SKU0417,2,2884,USD,2026-03-27T10:19:36,completed,mobile
o006823,c00378,SKU0455,1,426,USD,2026-03-06T00:57:47,refunded,web
o006824,c00666,SKU0165,1,424,USD,2026-04-21T19:19:53,completed,marketplace
o006825,c00231,SKU0268,2,3314,USD,2026-02-25T10:14:19,completed,web
o006826,c00061,SKU0021,1,731,USD,2026-03-29T19:18:00,completed,web
o006827,c00060,SKU0242,1,1211,USD,2026-04-30T20:47:57,completed,web
o006828,c00065,SKU0247,1,1622,USD,2026-01-12T04:16:16,completed,web
o006829,c00544,SKU0336,1,634,USD,2026-02-27T17:02:56,completed,mobile
o006830,c00250,SKU0353,1,1723,USD,2026-05-12T18:14:07,cancelled,mobile
o006831,c00980,SKU0159,2,2000,USD,2026-01-31T16:09:04,completed,web
o006832,c00036,SKU0118,3,5367,USD,2026-01-27T12:03:13,cancelled,web
o006833,c00129,SKU0280,1,1202,USD,2026-03-21T21:58:43,cancelled,web
o006834,c00532,SKU0282,2,2294,USD,2026-02-24T04:30:15,completed,web
o006835,c00287,SKU0100,1,1431,USD,2025-12-10T03:37:24,completed,web
o006836,c00424,SKU0442,3,5301,USD,2026-03-26T14:35:12,completed,web
o006837,c00275,SKU0196,2,2480,USD,2026-02-26T15:41:53,completed,web
o006838,c00964,SKU0013,1,4784,USD,2026-04-12T05:11:16,shipped,web
o006839,c00865,SKU0276,1,1601,USD,2026-02-18T01:41:12,completed,web
o006840,c00874,SKU0308,1,539,USD,2026-03-02T00:15:57,completed,web
o006841,c00454,SKU0188,2,3338,USD,2026-04-02T02:58:16,completed,mobile
o006842,c00051,SKU0072,1,999,USD,2026-04-23T22:56:00,shipped,web
o006843,c00650,SKU0096,1,711,USD,2026-01-08T06:48:26,completed,web
o006844,c00636,SKU0458,4,4628,USD,2025-12-23T22:08:47,shipped,mobile
o006845,c00266,SKU0301,1,616,USD,2026-04-26T17:25:13,refunded,marketplace
o006846,c00457,SKU0318,3,8427,USD,2026-04-03T11:33:16,completed,web
o006847,c00454,SKU0146,1,1278,USD,2026-02-14T21:38:08,completed,mobile
o006848,c00167,SKU0224,3,18453,USD,2026-03-13T03:26:50,refunded,web
o006849,c00442,SKU0331,1,1453,USD,2026-02-22T15:36:42,completed,web
o006850,c00554,SKU0076,2,2094,USD,2026-03-22T07:59:45,shipped,mobile
o006851,c00854,SKU0075,1,970,USD,2026-02-20T21:47:14,cancelled,web
o006852,c00260,SKU0051,3,1140,USD,2026-04-09T00:51:40,shipped,web
o006853,c00921,SKU0482,3,3111,USD,2026-02-26T17:24:18,cancelled,web
o006854,c00869,SKU0057,4,2072,USD,2026-01-14T15:45:31,completed,web
o006855,c00237,SKU0018,1,1937,USD,2026-03-04T01:30:49,completed,web
o006856,c00671,SKU0126,1,3264,USD,2026-02-25T10:14:35,completed,web
o006857,c00668,SKU0343,2,4496,USD,2026-03-22T18:23:44,shipped,web
o006858,c00059,SKU0306,1,1763,USD,2026-01-01T17:53:57,completed,web
o006859,c00130,SKU0373,2,1564,USD,2026-02-24T22:26:12,completed,web
o006860,c00132,SKU0043,3,8940,USD,2026-01-02T22:28:46,completed,web
o006861,c00640,SKU0463,1,2100,USD,2026-04-10T22:47:26,completed,mobile
o006862,c00449,SKU0383,1,1534,USD,2026-03-11T07:09:21,shipped,web
o006863,c00747,SKU0474,1,977,USD,2026-04-25T08:20:43,completed,web
o006864,c00459,SKU0406,2,3880,USD,2026-03-21T00:44:07,cancelled,web
o006865,c00543,SKU0091,1,1316,USD,2026-03-15T04:43:13,cancelled,web
o006866,c00572,SKU0308,2,1078,USD,2026-03-05T09:04:58,completed,mobile
o006867,c00772,SKU0341,1,1378,USD,2026-02-12T10:42:47,completed,web
o006868,c00261,SKU0438,4,7140,USD,2026-03-28T11:25:45,completed,mobile
o006869,c00137,SKU0140,2,5814,USD,2026-03-04T02:36:21,completed,web
o006870,c00970,SKU0189,1,1538,USD,2026-04-21T08:20:12,completed,mobile
o006871,c00664,SKU0445,1,2862,USD,2025-12-26T22:59:55,shipped,web
o006872,c00868,SKU0387,3,2013,USD,2026-02-03T00:32:28,completed,web
o006873,c00725,SKU0097,1,4465,USD,2026-04-19T06:51:35,cancelled,web
o006874,c00536,SKU0448,1,535,USD,2026-02-22T09:28:48,refunded,mobile
o006875,c00730,SKU0379,2,3896,USD,2026-02-16T08:39:47,completed,mobile
o006876,c00356,SKU0280,2,2404,USD,2026-04-02T23:19:11,completed,web
o006877,c00262,SKU0420,1,660,USD,2026-04-15T19:40:54,completed,web
o006878,c00136,SKU0201,2,1334,USD,2026-01-13T20:56:43,completed,web
o006879,c00248,SKU0158,2,1804,USD,2025-12-26T15:12:41,cancelled,mobile
o006880,c00039,SKU0489,2,4716,USD,2026-03-08T13:09:41,completed,marketplace
o006881,c00252,SKU0270,2,1342,USD,2026-03-26T05:08:43,completed,web
o006882,c00062,SKU0083,2,1982,USD,2026-01-19T14:14:58,completed,web
o006883,c00146,SKU0205,1,1830,USD,2026-01-22T08:40:37,cancelled,web
o006884,c00477,SKU0122,1,531,USD,2026-04-30T23:39:08,completed,mobile
o006885,c00062,SKU0181,1,895,USD,2026-02-19T23:32:13,completed,web
o006886,c00313,SKU0320,1,601,USD,2025-12-26T04:04:43,cancelled,web
o006887,c00363,SKU0198,1,1230,USD,2026-02-28T06:31:16,cancelled,web
o006888,c00373,SKU0274,3,9879,USD,2026-04-08T15:33:44,refunded,mobile
o006889,c00049,SKU0154,1,1745,USD,2026-03-27T09:53:55,completed,web
o006890,c00857,SKU0396,4,4772,USD,2026-03-07T12:59:31,completed,web
o006891,c00443,SKU0451,1,2349,USD,2026-03-01T20:33:38,refunded,web
o006892,c00534,SKU0465,1,2443,USD,2026-03-17T09:05:39,completed,web
o006893,c00461,SKU0220,1,1024,USD,2026-01-19T02:29:57,cancelled,web
o006894,c00457,SKU0402,1,2854,USD,2026-03-31T07:47:20,shipped,web
o006895,c00929,SKU0237,1,2864,USD,2026-04-09T01:15:39,completed,mobile
o006896,c00777,SKU0290,1,1927,USD,2026-04-05T23:54:48,refunded,web
o006897,c00851,SKU0317,1,5905,USD,2026-03-17T17:45:18,completed,marketplace
o006898,c00574,SKU0065,2,1898,USD,2026-03-28T14:54:23,completed,web
o006899,c00965,SKU0319,4,9044,USD,2025-12-28T13:59:33,completed,web
o006900,c00441,SKU0485,1,2721,USD,2026-03-12T11:24:32,completed,mobile
o006901,c00730,SKU0285,2,2738,USD,2026-03-17T22:21:55,shipped,web
o006902,c00185,SKU0411,1,4422,USD,2026-01-11T12:58:11,completed,mobile
o006903,c00543,SKU0472,1,562,USD,2026-04-13T02:59:23,completed,web
o006904,c00744,SKU0246,2,4576,USD,2026-05-09T21:45:38,shipped,web
o006905,c00835,SKU0250,2,3668,USD,2026-01-10T20:26:12,shipped,mobile
o006906,c00853,SKU0173,1,712,USD,2026-05-01T19:51:53,completed,mobile
o006907,c00046,SKU0303,2,1826,USD,2026-03-13T04:41:51,completed,mobile
o006908,c00784,SKU0320,1,601,USD,2026-03-06T01:55:04,refunded,mobile
o006909,c00459,SKU0463,1,2100,USD,2026-03-23T18:05:55,completed,web
o006910,c00252,SKU0038,1,564,USD,2026-03-22T03:25:16,completed,web
o006911,c00335,SKU0182,1,1302,USD,2026-01-28T15:48:12,completed,mobile
o006912,c00882,SKU0372,1,1174,USD,2026-03-31T17:46:28,cancelled,web
o006913,c00135,SKU0325,1,2411,USD,2025-12-10T06:41:52,cancelled,web
o006914,c00371,SKU0460,1,406,USD,2026-05-06T02:08:25,refunded,web
o006915,c00760,SKU0386,1,1908,USD,2026-02-18T03:59:28,completed,web
o006916,c00150,SKU0040,1,697,USD,2026-03-24T18:35:34,refunded,web
o006917,c00474,SKU0472,2,1124,USD,2026-04-05T21:13:23,completed,mobile
o006918,c00725,SKU0267,2,4676,USD,2026-02-15T18:48:13,completed,web
o006919,c00462,SKU0091,1,1316,USD,2026-04-15T09:10:20,completed,web
o006920,c00747,SKU0224,1,6151,USD,2026-02-27T16:36:48,completed,web
o006921,c00354,SKU0127,1,3539,USD,2026-04-16T05:56:52,refunded,mobile
o006922,c00055,SKU0468,1,738,USD,2026-04-06T22:22:13,completed,marketplace
o006923,c00560,SKU0352,5,14695,USD,2026-02-06T13:54:22,completed,marketplace
o006924,c00549,SKU0138,1,1820,USD,2026-03-19T07:17:16,completed,mobile
o006925,c00061,SKU0227,2,2010,USD,2026-04-14T05:11:16,completed,web
o006926,c00464,SKU0104,1,1762,USD,2026-03-13T13:48:40,completed,mobile
o006927,c00865,SKU0317,4,23620,USD,2026-05-02T04:15:54,completed,mobile
o006928,c00143,SKU0265,1,2273,USD,2026-02-20T09:05:04,cancelled,web
o006929,c00544,SKU0269,5,3005,USD,2026-04-26T08:48:42,completed,web
o006930,c00067,SKU0150,2,1470,USD,2026-01-20T15:37:28,completed,web
o006931,c00233,SKU0117,1,1902,USD,2026-03-16T13:11:06,shipped,web
o006932,c00129,SKU0283,2,3050,USD,2026-05-11T13:02:57,shipped,web
o006933,c00267,SKU0317,2,11810,USD,2026-01-15T18:22:05,completed,web
o006934,c00136,SKU0312,2,2634,USD,2026-01-14T03:04:00,completed,web
o006935,c00345,SKU0008,1,2608,USD,2026-01-07T14:39:28,cancelled,mobile
o006936,c00475,SKU0121,1,969,USD,2026-01-18T17:22:31,refunded,web
o006937,c00074,SKU0074,1,679,USD,2026-01-30T03:19:11,completed,web
o006938,c00415,SKU0129,1,1505,USD,2026-05-06T14:08:29,refunded,web
o006939,c00741,SKU0383,4,6136,USD,2026-04-16T04:59:24,refunded,web
o006940,c00039,SKU0087,1,3000,USD,2026-04-01T07:35:29,completed,web
o006941,c00262,SKU0106,1,4932,USD,2026-02-28T23:06:51,completed,mobile
o006942,c00137,SKU0439,1,1845,USD,2026-05-04T01:00:05,completed,marketplace
o006943,c00831,SKU0245,2,3204,USD,2026-05-03T12:09:33,completed,web
o006944,c00354,SKU0391,1,6259,USD,2026-04-07T13:16:06,completed,web
o006945,c00167,SKU0072,1,999,USD,2026-04-10T16:50:19,refunded,mobile
o006946,c00368,SKU0173,1,712,USD,2026-04-05T07:43:43,cancelled,mobile
o006947,c00228,SKU0062,3,10962,USD,2026-02-10T19:26:17,completed,mobile
o006948,c00171,SKU0446,1,2851,USD,2025-11-30T06:00:48,completed,marketplace
o006949,c00269,SKU0473,1,582,USD,2026-03-30T21:56:15,refunded,web
o006950,c00632,SKU0220,4,4096,USD,2026-04-11T05:53:03,completed,web
o006951,c00203,SKU0490,1,1229,USD,2026-01-22T19:41:04,refunded,mobile
o006952,c00683,SKU0238,1,665,USD,2026-04-13T22:29:19,cancelled,web
o006953,c00134,SKU0141,1,4650,USD,2026-04-06T00:33:37,refunded,web
o006954,c00948,SKU0150,1,735,USD,2026-04-18T21:02:42,completed,web
o006955,c00127,SKU0399,1,2588,USD,2026-04-17T17:09:39,completed,mobile
o006956,c00526,SKU0230,3,4200,USD,2026-03-02T20:15:29,cancelled,mobile
o006957,c00979,SKU0050,1,5065,USD,2026-05-03T22:25:36,refunded,mobile
o006958,c00563,SKU0499,2,3672,USD,2026-02-12T13:10:58,cancelled,web
o006959,c00035,SKU0290,2,3854,USD,2026-04-21T07:08:39,completed,mobile
o006960,c00637,SKU0452,1,2546,USD,2026-03-14T01:55:47,completed,web
o006961,c00337,SKU0285,1,1369,USD,2026-01-30T06:40:03,completed,web
o006962,c00626,SKU0144,1,471,USD,2025-12-20T09:15:13,completed,api
o006963,c00579,SKU0272,1,1569,USD,2026-02-21T19:15:50,completed,mobile
o006964,c00848,SKU0009,1,2365,USD,2026-03-04T01:40:50,refunded,web
o006965,c00759,SKU0376,1,1624,USD,2025-12-30T17:27:22,completed,web
o006966,c00629,SKU0361,1,3303,USD,2026-05-06T22:34:44,completed,mobile
o006967,c00456,SKU0106,2,9864,USD,2026-03-29T16:58:23,shipped,mobile
o006968,c00255,SKU0340,2,6924,USD,2026-03-06T06:15:46,completed,mobile
o006969,c00644,SKU0321,3,3159,USD,2026-04-13T09:51:13,completed,mobile
o006970,c00049,SKU0480,1,1020,USD,2026-04-11T04:11:53,completed,mobile
o006971,c00723,SKU0414,2,6730,USD,2026-05-08T23:04:13,completed,web
o006972,c00033,SKU0414,1,3365,USD,2026-04-24T13:53:33,completed,web
o006973,c00936,SKU0110,2,3668,USD,2026-02-19T00:11:08,cancelled,marketplace
o006974,c00281,SKU0150,1,735,USD,2026-03-23T21:22:13,refunded,web
o006975,c00959,SKU0216,1,2606,USD,2026-03-07T03:48:22,completed,marketplace
o006976,c00337,SKU0121,2,1938,USD,2026-04-13T00:34:11,completed,web
o006977,c00474,SKU0297,3,3588,USD,2026-02-09T13:16:13,shipped,web
o006978,c00254,SKU0318,2,5618,USD,2026-02-16T08:30:00,completed,marketplace
o006979,c00849,SKU0306,1,1763,USD,2026-03-28T13:31:54,cancelled,mobile
o006980,c00717,SKU0410,2,2834,USD,2026-03-29T13:41:16,cancelled,mobile
o006981,c00448,SKU0449,3,3162,USD,2026-04-09T03:03:20,completed,mobile
o006982,c00450,SKU0086,1,1247,USD,2026-04-18T05:35:33,completed,web
o006983,c00849,SKU0063,1,1839,USD,2026-04-09T04:17:50,completed,web
o006984,c00344,SKU0029,3,2973,USD,2026-04-07T06:00:11,refunded,web
o006985,c00561,SKU0405,1,1089,USD,2026-03-16T20:27:59,shipped,mobile
o006986,c00964,SKU0482,1,1037,USD,2026-01-17T21:44:50,completed,web
o006987,c00359,SKU0161,3,5151,USD,2025-12-17T19:06:19,shipped,web
o006988,c00855,SKU0158,1,902,USD,2026-04-30T16:01:17,completed,mobile
o006989,c00847,SKU0466,1,2349,USD,2026-03-05T14:33:40,cancelled,mobile
o006990,c00524,SKU0276,2,3202,USD,2025-12-01T16:37:03,completed,mobile
o006991,c00337,SKU0406,2,3880,USD,2026-03-09T13:59:38,refunded,web
o006992,c00449,SKU0086,1,1247,USD,2025-12-14T17:28:39,completed,marketplace
o006993,c00124,SKU0053,3,5412,USD,2025-12-06T07:03:31,completed,mobile
o006994,c00444,SKU0326,2,3152,USD,2026-02-26T12:00:06,refunded,web
o006995,c00066,SKU0482,3,3111,USD,2026-03-23T18:23:20,completed,web
o006996,c00150,SKU0192,1,1482,USD,2026-04-13T19:15:03,shipped,web
o006997,c00466,SKU0481,1,918,USD,2026-02-21T02:17:23,cancelled,web
o006998,c00575,SKU0122,1,531,USD,2026-02-12T22:48:28,completed,marketplace
o006999,c00059,SKU0215,1,2296,USD,2026-03-21T21:05:50,completed,web
o007000,c00347,SKU0102,3,6051,USD,2026-04-27T00:03:13,completed,web
o007001,c00069,SKU0398,3,10428,USD,2026-03-26T19:54:28,completed,mobile
o007002,c00651,SKU0107,1,1345,USD,2026-04-01T19:46:25,completed,web
o007003,c00432,SKU0324,1,596,USD,2026-03-18T16:56:13,completed,marketplace
o007004,c00193,SKU0266,1,2362,USD,2026-04-07T06:20:00,shipped,web
o007005,c00454,SKU0175,1,1402,USD,2026-02-19T01:00:26,refunded,marketplace
o007006,c00931,SKU0136,1,704,USD,2025-12-12T14:03:31,cancelled,web
o007007,c00253,SKU0362,3,5220,USD,2026-01-15T08:20:49,cancelled,web
o007008,c00281,SKU0187,2,1692,USD,2026-01-07T02:45:20,shipped,web
o007009,c00747,SKU0411,2,8844,USD,2026-04-15T16:42:17,completed,mobile
o007010,c00545,SKU0185,3,6627,USD,2026-03-19T20:01:40,completed,web
o007011,c00836,SKU0405,2,2178,USD,2025-11-27T05:09:08,refunded,marketplace
o007012,c00435,SKU0177,1,8166,USD,2026-02-09T08:44:35,cancelled,mobile
o007013,c00958,SKU0024,4,6336,USD,2026-02-28T16:47:39,completed,web
o007014,c00839,SKU0270,1,671,USD,2026-03-19T11:50:11,completed,mobile
o007015,c00537,SKU0449,2,2108,USD,2026-02-15T19:34:38,completed,web
o007016,c00558,SKU0054,2,4344,USD,2026-01-19T05:01:07,shipped,web
o007017,c00859,SKU0014,2,4486,USD,2026-02-22T22:37:33,completed,mobile
o007018,c00131,SKU0334,2,2806,USD,2026-03-14T10:02:08,completed,web
o007019,c00929,SKU0167,3,5478,USD,2026-02-20T18:10:43,completed,web
o007020,c00324,SKU0304,1,2148,USD,2026-03-17T10:23:34,refunded,web
o007021,c00035,SKU0439,2,3690,USD,2026-03-04T18:31:10,refunded,web
o007022,c00510,SKU0273,2,2764,USD,2026-03-20T03:21:58,refunded,marketplace
o007023,c00557,SKU0367,4,4768,USD,2026-04-14T09:20:00,completed,api
o007024,c00929,SKU0379,1,1948,USD,2026-04-21T18:20:10,completed,web
o007025,c00971,SKU0388,3,6294,USD,2026-03-17T08:57:25,completed,web
o007026,c00868,SKU0236,1,1853,USD,2026-01-22T10:18:15,completed,web
o007027,c00836,SKU0120,4,7496,USD,2025-12-13T11:13:38,completed,marketplace
o007028,c00353,SKU0289,2,2058,USD,2026-02-10T22:16:06,shipped,web
o007029,c00635,SKU0259,3,5949,USD,2026-02-20T00:42:24,completed,web
o007030,c00669,SKU0007,4,2476,USD,2026-03-30T08:49:06,refunded,mobile
o007031,c00056,SKU0204,1,7248,USD,2026-02-23T07:38:53,completed,mobile
o007032,c00146,SKU0060,1,4175,USD,2026-05-07T02:09:32,completed,marketplace
o007033,c00241,SKU0431,1,1233,USD,2026-03-25T00:39:15,cancelled,web
o007034,c00239,SKU0220,1,1024,USD,2026-02-28T23:02:22,shipped,web
o007035,c00032,SKU0403,1,7281,USD,2026-05-06T03:14:17,completed,web
o007036,c00436,SKU0274,1,3293,USD,2026-03-26T21:19:01,completed,web
o007037,c00140,SKU0248,3,3534,USD,2026-01-26T01:46:53,completed,marketplace
o007038,c00962,SKU0009,2,4730,USD,2026-03-06T05:06:40,shipped,mobile
o007039,c00032,SKU0135,1,2574,USD,2025-12-29T19:40:29,cancelled,web
o007040,c00651,SKU0058,2,7488,USD,2026-02-13T00:50:15,completed,web
o007041,c00652,SKU0320,1,601,USD,2026-03-01T13:27:28,completed,web
o007042,c00046,SKU0155,2,1366,USD,2026-05-04T00:53:09,shipped,web
o007043,c00544,SKU0172,2,12110,USD,2026-01-20T03:41:08,shipped,web
o007044,c00555,SKU0381,2,10128,USD,2026-04-12T12:29:54,completed,web
o007045,c00767,SKU0179,1,5543,USD,2026-03-10T07:40:35,completed,web
o007046,c00654,SKU0015,1,3301,USD,2026-03-10T07:27:12,completed,web
o007047,c00444,SKU0253,1,1021,USD,2026-02-05T13:27:19,completed,mobile
o007048,c00346,SKU0138,1,1820,USD,2026-03-29T11:04:57,refunded,web
o007049,c00473,SKU0437,3,1374,USD,2026-03-21T00:40:40,refunded,web
o007050,c00044,SKU0176,1,2164,USD,2026-03-27T03:11:50,completed,web
o007051,c00570,SKU0193,4,6736,USD,2026-04-05T05:39:29,completed,web
o007052,c00835,SKU0233,3,7719,USD,2026-01-15T05:34:02,refunded,web
o007053,c00439,SKU0389,1,416,USD,2026-03-15T18:52:19,completed,web
o007054,c00255,SKU0366,2,2956,USD,2026-04-17T13:16:12,refunded,web
o007055,c00576,SKU0034,2,3472,USD,2026-03-20T00:42:41,completed,web
o007056,c00468,SKU0470,1,1067,USD,2026-04-21T06:02:56,refunded,web
o007057,c00025,SKU0430,5,34590,USD,2026-05-05T05:50:48,shipped,web
o007058,c00553,SKU0166,3,4059,USD,2026-04-09T06:04:05,shipped,web
o007059,c00458,SKU0340,1,3462,USD,2026-02-28T07:46:16,refunded,web
o007060,c00848,SKU0137,5,8860,USD,2026-04-24T22:18:54,completed,web
o007061,c00750,SKU0260,1,1278,USD,2026-03-31T22:04:07,shipped,mobile
o007062,c00451,SKU0132,1,3175,USD,2026-04-18T21:16:03,completed,web
o007063,c00754,SKU0003,2,1162,USD,2026-03-20T12:49:23,refunded,web
o007064,c00656,SKU0122,1,531,USD,2026-03-13T18:44:29,completed,mobile
o007065,c00735,SKU0158,5,4510,USD,2026-03-05T22:10:00,shipped,mobile
o007066,c00452,SKU0028,1,1141,USD,2026-04-14T19:04:59,completed,web
o007067,c00813,SKU0093,2,1108,USD,2026-03-28T15:14:07,completed,mobile
o007068,c00534,SKU0306,1,1763,USD,2026-03-05T10:50:56,completed,web
o007069,c00838,SKU0363,4,8776,USD,2026-01-14T04:46:24,refunded,mobile
o007070,c00867,SKU0287,5,3705,USD,2026-04-10T02:36:28,completed,marketplace
o007071,c00570,SKU0101,1,1816,USD,2026-04-14T04:29:38,completed,web
o007072,c00920,SKU0121,1,969,USD,2026-01-28T05:26:58,completed,web
o007073,c00072,SKU0231,2,9084,USD,2026-01-29T03:22:27,completed,mobile
o007074,c00660,SKU0464,1,1982,USD,2026-02-12T11:16:13,completed,web
o007075,c00945,SKU0098,1,657,USD,2026-04-16T19:18:13,shipped,web
o007076,c00041,SKU0207,1,5675,USD,2026-03-07T19:40:22,cancelled,web
o007077,c00234,SKU0492,5,5040,USD,2026-04-29T16:05:58,cancelled,mobile
o007078,c00742,SKU0406,3,5820,USD,2026-03-11T02:13:34,cancelled,web
o007079,c00333,SKU0026,1,1628,USD,2026-01-29T09:47:12,cancelled,mobile
o007080,c00746,SKU0268,1,1657,USD,2026-03-28T11:30:29,completed,mobile
o007081,c00377,SKU0362,3,5220,USD,2025-12-08T13:48:28,completed,web
o007082,c00044,SKU0349,4,4224,USD,2025-12-26T18:50:14,refunded,web
o007083,c00735,SKU0379,3,5844,USD,2026-04-18T15:22:41,completed,api
o007084,c00455,SKU0167,1,1826,USD,2026-01-19T09:08:55,completed,web
o007085,c00357,SKU0209,3,8076,USD,2026-04-17T08:04:39,completed,mobile
o007086,c00254,SKU0116,2,5342,USD,2026-04-20T13:18:07,shipped,mobile
o007087,c00772,SKU0081,1,2195,USD,2026-04-13T08:11:05,completed,web
o007088,c00238,SKU0367,2,2384,USD,2026-02-13T03:45:52,completed,marketplace
o007089,c00846,SKU0346,3,1719,USD,2026-04-21T09:57:58,completed,web
o007090,c00756,SKU0051,1,380,USD,2026-03-31T21:06:52,completed,web
o007091,c00819,SKU0108,1,4019,USD,2026-01-21T18:58:34,completed,web
o007092,c00761,SKU0167,1,1826,USD,2026-04-16T14:10:52,completed,web
o007093,c00860,SKU0424,1,2800,USD,2026-02-04T06:01:37,completed,mobile
o007094,c00451,SKU0387,1,671,USD,2026-04-06T18:12:08,cancelled,web
o007095,c00431,SKU0273,1,1382,USD,2026-03-06T19:03:51,completed,web
o007096,c00747,SKU0401,3,2724,USD,2026-01-25T04:33:31,refunded,web
o007097,c00743,SKU0251,2,5450,USD,2026-04-22T06:43:44,completed,mobile
o007098,c00348,SKU0229,1,1275,USD,2026-04-11T00:00:10,completed,web
o007099,c00853,SKU0256,1,1479,USD,2026-02-09T19:22:08,cancelled,web
o007100,c00766,SKU0239,2,2022,USD,2026-01-21T00:12:33,shipped,web
o007101,c00731,SKU0340,1,3462,USD,2026-01-18T05:42:39,completed,web
o007102,c00645,SKU0051,2,760,USD,2026-03-11T12:28:47,shipped,marketplace
o007103,c00384,SKU0031,3,3993,USD,2026-01-31T12:33:36,shipped,mobile
o007104,c00667,SKU0498,4,8600,USD,2025-12-29T11:22:50,refunded,mobile
o007105,c00850,SKU0435,3,7440,USD,2026-04-05T23:22:17,shipped,web
o007106,c00865,SKU0405,1,1089,USD,2026-04-22T21:00:11,completed,marketplace
o007107,c00769,SKU0432,1,4370,USD,2026-04-17T14:33:27,completed,web
o007108,c00164,SKU0271,2,2538,USD,2025-12-12T20:32:03,completed,web
o007109,c00574,SKU0270,3,2013,USD,2026-04-07T02:31:48,refunded,mobile
o007110,c00839,SKU0051,3,1140,USD,2026-04-24T22:31:40,cancelled,web
o007111,c00672,SKU0287,1,741,USD,2026-01-19T02:29:20,completed,marketplace
o007112,c00529,SKU0482,1,1037,USD,2026-02-01T17:38:08,completed,web
o007113,c00013,SKU0330,1,2419,USD,2026-04-02T11:35:45,completed,web
o007114,c00959,SKU0096,1,711,USD,2026-03-25T00:40:16,cancelled,mobile
o007115,c00334,SKU0348,2,6604,USD,2026-04-30T15:40:07,shipped,web
o007116,c00163,SKU0127,2,7078,USD,2026-01-09T10:15:47,completed,web
o007117,c00019,SKU0402,1,2854,USD,2026-03-30T01:09:32,completed,mobile
o007118,c00162,SKU0395,1,2169,USD,2026-02-13T01:18:01,completed,web
o007119,c00959,SKU0451,1,2349,USD,2026-01-22T08:08:00,completed,web
o007120,c00636,SKU0291,2,3122,USD,2026-04-12T19:33:51,completed,web
o007121,c00582,SKU0309,1,2102,USD,2026-04-29T07:43:51,shipped,web
o007122,c00050,SKU0282,1,1147,USD,2026-03-13T12:21:12,shipped,mobile
o007123,c00550,SKU0302,1,1627,USD,2026-04-17T17:58:17,completed,web
o007124,c00950,SKU0475,2,1362,USD,2026-04-11T21:55:49,completed,web
o007125,c00883,SKU0292,1,1752,USD,2026-02-01T08:19:28,completed,web
o007126,c00840,SKU0385,1,1577,USD,2026-05-03T15:44:38,cancelled,marketplace
o007127,c00446,SKU0091,2,2632,USD,2026-02-07T02:04:58,completed,web
o007128,c00752,SKU0140,3,8721,USD,2026-04-01T17:50:13,refunded,mobile
o007129,c00931,SKU0262,1,698,USD,2025-12-29T16:08:39,cancelled,web
o007130,c00760,SKU0201,1,667,USD,2026-03-20T15:25:12,shipped,web
o007131,c00549,SKU0284,2,3822,USD,2026-04-28T19:27:30,refunded,web
o007132,c00934,SKU0083,2,1982,USD,2026-01-05T20:39:17,completed,marketplace
o007133,c00839,SKU0136,1,704,USD,2026-02-01T07:48:39,shipped,web
o007134,c00326,SKU0297,1,1196,USD,2026-04-16T19:50:29,cancelled,mobile
o007135,c00862,SKU0460,2,812,USD,2026-04-10T12:55:57,completed,web
o007136,c00261,SKU0369,3,10758,USD,2026-03-25T21:38:58,completed,web
o007137,c00955,SKU0211,2,2104,USD,2026-03-30T09:57:32,completed,mobile
o007138,c00372,SKU0368,2,2846,USD,2026-03-15T19:56:41,shipped,mobile
o007139,c00080,SKU0436,4,26380,USD,2026-01-27T16:53:55,completed,marketplace
o007140,c00753,SKU0500,1,1641,USD,2026-04-02T19:02:52,cancelled,mobile
o007141,c00641,SKU0387,1,671,USD,2026-03-15T04:09:46,refunded,web
o007142,c00763,SKU0183,2,2172,USD,2026-02-02T22:08:43,completed,web
o007143,c00054,SKU0426,1,868,USD,2026-03-29T17:34:29,completed,mobile
o007144,c00846,SKU0045,4,6816,USD,2026-01-14T02:47:09,completed,web
o007145,c00051,SKU0203,1,3618,USD,2025-11-30T05:00:08,completed,web
o007146,c00346,SKU0390,3,5493,USD,2026-03-27T16:26:20,completed,mobile
o007147,c00841,SKU0339,1,701,USD,2026-03-15T18:14:01,completed,web
o007148,c00374,SKU0339,3,2103,USD,2026-02-20T21:44:53,shipped,web
o007149,c00786,SKU0431,3,3699,USD,2026-01-20T01:17:16,refunded,web
o007150,c00532,SKU0386,1,1908,USD,2026-04-08T17:13:51,completed,web
o007151,c00343,SKU0176,1,2164,USD,2026-02-07T02:55:39,cancelled,web
o007152,c00973,SKU0322,1,574,USD,2026-04-18T20:26:24,cancelled,web
o007153,c00862,SKU0103,1,380,USD,2026-05-02T23:49:52,cancelled,mobile
o007154,c00237,SKU0299,2,4180,USD,2026-02-21T20:24:49,completed,web
o007155,c00347,SKU0435,2,4960,USD,2026-04-09T21:24:32,cancelled,web
o007156,c00060,SKU0093,2,1108,USD,2026-01-31T15:17:05,completed,web
o007157,c00666,SKU0258,1,1366,USD,2026-02-13T13:37:56,shipped,mobile
o007158,c00054,SKU0088,3,4221,USD,2025-12-15T01:52:31,completed,marketplace
o007159,c00157,SKU0093,1,554,USD,2026-04-15T22:26:46,completed,web
o007160,c00534,SKU0196,1,1240,USD,2026-03-26T21:53:56,completed,web
o007161,c00536,SKU0234,1,1499,USD,2026-01-17T12:08:07,cancelled,web
o007162,c00338,SKU0375,2,5858,USD,2025-12-03T20:55:11,completed,marketplace
o007163,c00822,SKU0228,2,2284,USD,2026-05-03T01:22:44,completed,web
o007164,c00452,SKU0465,2,4886,USD,2026-03-25T12:17:27,completed,mobile
o007165,c00774,SKU0273,2,2764,USD,2026-01-28T21:18:46,completed,mobile
o007166,c00245,SKU0279,2,1182,USD,2026-02-20T15:16:40,completed,web
o007167,c00544,SKU0496,1,4695,USD,2026-03-12T16:52:09,refunded,mobile
o007168,c00263,SKU0314,1,4489,USD,2026-04-10T03:05:25,completed,web
o007169,c00545,SKU0402,1,2854,USD,2026-04-14T12:18:32,refunded,web
o007170,c00543,SKU0490,2,2458,USD,2026-04-28T14:29:00,completed,web
o007171,c00472,SKU0013,2,9568,USD,2026-03-30T19:00:54,completed,web
o007172,c00245,SKU0160,5,5455,USD,2025-12-25T16:39:22,completed,web
o007173,c00050,SKU0483,1,686,USD,2026-04-11T17:28:47,completed,web
o007174,c00442,SKU0329,2,6690,USD,2026-02-18T04:13:00,completed,web
o007175,c00026,SKU0065,1,949,USD,2026-03-18T23:07:59,completed,web
o007176,c00544,SKU0031,1,1331,USD,2026-03-14T11:38:09,refunded,mobile
o007177,c00467,SKU0194,1,1743,USD,2026-03-02T22:52:21,shipped,web
o007178,c00970,SKU0343,2,4496,USD,2026-04-10T16:10:55,completed,marketplace
o007179,c00852,SKU0374,2,2700,USD,2026-04-15T13:22:09,completed,web
o007180,c00941,SKU0284,2,3822,USD,2026-04-24T08:27:13,completed,mobile
o007181,c00737,SKU0232,2,3208,USD,2026-03-28T23:31:22,cancelled,web
o007182,c00173,SKU0026,1,1628,USD,2026-04-12T12:46:43,completed,mobile
o007183,c00848,SKU0169,1,1349,USD,2026-04-09T20:31:52,completed,web
o007184,c00649,SKU0331,2,2906,USD,2026-03-12T06:05:49,refunded,api
o007185,c00750,SKU0186,1,2725,USD,2026-01-14T13:26:11,completed,web
o007186,c00529,SKU0045,1,1704,USD,2026-03-14T04:26:51,cancelled,web
o007187,c00454,SKU0361,1,3303,USD,2026-03-24T04:05:49,refunded,web
o007188,c00453,SKU0004,1,3346,USD,2026-03-03T06:22:46,completed,mobile
o007189,c00670,SKU0452,1,2546,USD,2026-02-01T07:17:36,completed,web
o007190,c00780,SKU0388,1,2098,USD,2026-04-04T05:01:33,refunded,web
o007191,c00125,SKU0472,1,562,USD,2026-04-05T07:17:16,completed,web
o007192,c00471,SKU0408,2,1390,USD,2026-02-27T01:20:52,completed,web
o007193,c00720,SKU0307,1,1096,USD,2026-03-26T22:38:10,completed,web
o007194,c00342,SKU0038,2,1128,USD,2026-04-11T10:39:50,completed,web
o007195,c00665,SKU0439,1,1845,USD,2026-04-10T11:54:07,cancelled,mobile
o007196,c00727,SKU0322,1,574,USD,2026-03-28T07:26:12,completed,marketplace
o007197,c00050,SKU0400,2,3562,USD,2026-03-24T04:45:46,completed,mobile
o007198,c00030,SKU0404,2,5096,USD,2026-03-13T04:36:18,completed,mobile
o007199,c00048,SKU0346,1,573,USD,2026-03-20T21:20:16,shipped,web
o007200,c00068,SKU0310,2,5550,USD,2025-12-05T07:08:42,completed,web
o007201,c00071,SKU0218,1,401,USD,2026-03-02T16:26:25,shipped,mobile
o007202,c00558,SKU0486,1,932,USD,2026-03-02T05:55:05,shipped,web
o007203,c00453,SKU0087,1,3000,USD,2026-04-06T09:19:01,completed,mobile
o007204,c00616,SKU0242,5,6055,USD,2026-03-21T22:11:32,completed,web
o007205,c00366,SKU0192,1,1482,USD,2025-12-29T06:52:14,completed,web
o007206,c00963,SKU0188,3,5007,USD,2026-03-08T02:44:00,cancelled,mobile
o007207,c00464,SKU0037,2,3780,USD,2026-04-12T08:14:40,completed,marketplace
o007208,c00860,SKU0459,1,2078,USD,2026-02-05T19:44:07,refunded,web
o007209,c00465,SKU0417,1,1442,USD,2026-03-23T14:27:53,shipped,web
o007210,c00424,SKU0396,2,2386,USD,2026-03-14T17:10:46,completed,web
o007211,c00958,SKU0211,3,3156,USD,2026-01-15T07:23:06,shipped,api
o007212,c00349,SKU0023,1,2615,USD,2026-03-10T21:27:00,completed,mobile
o007213,c00763,SKU0250,1,1834,USD,2026-03-06T06:47:21,refunded,web
o007214,c00767,SKU0484,1,1657,USD,2026-02-20T04:29:00,refunded,marketplace
o007215,c00247,SKU0299,5,10450,USD,2026-03-18T04:49:38,refunded,mobile
o007216,c00633,SKU0388,2,4196,USD,2026-04-24T06:26:15,cancelled,web
o007217,c00167,SKU0460,1,406,USD,2026-03-28T09:52:17,completed,web
o007218,c00756,SKU0230,2,2800,USD,2026-03-05T03:35:57,cancelled,web
o007219,c00461,SKU0306,1,1763,USD,2026-03-28T11:20:07,completed,web
o007220,c00055,SKU0142,1,1177,USD,2026-02-22T11:35:50,cancelled,mobile
o007221,c00647,SKU0248,1,1178,USD,2026-04-02T00:27:15,completed,marketplace
o007222,c00251,SKU0073,1,5362,USD,2026-02-06T09:46:18,shipped,web
o007223,c00965,SKU0433,1,3034,USD,2026-04-20T10:47:31,shipped,mobile
o007224,c00063,SKU0163,1,727,USD,2026-01-28T17:57:54,completed,web
o007225,c00737,SKU0428,1,1493,USD,2026-03-12T03:11:53,cancelled,web
o007226,c00743,SKU0295,3,4518,USD,2026-04-26T03:44:25,completed,web
o007227,c00263,SKU0219,1,2570,USD,2026-04-06T20:09:29,shipped,web
o007228,c00807,SKU0413,2,11082,USD,2026-04-04T18:11:07,completed,web
o007229,c00439,SKU0325,3,7233,USD,2026-04-08T03:51:48,shipped,web
o007230,c00636,SKU0136,1,704,USD,2026-01-13T13:09:34,cancelled,marketplace
o007231,c00857,SKU0441,3,4293,USD,2026-01-13T11:09:10,cancelled,mobile
o007232,c00166,SKU0258,4,5464,USD,2026-04-15T00:08:26,completed,web
o007233,c00764,SKU0425,1,3532,USD,2026-01-02T05:32:34,cancelled,web
o007234,c00739,SKU0213,1,2828,USD,2026-02-23T19:29:56,completed,mobile
o007235,c00244,SKU0029,1,991,USD,2026-03-05T18:38:41,completed,mobile
o007236,c00079,SKU0208,4,5036,USD,2026-01-25T11:48:10,completed,mobile
o007237,c00255,SKU0247,1,1622,USD,2026-02-15T18:09:59,completed,web
o007238,c00939,SKU0136,3,2112,USD,2026-02-28T19:41:12,completed,web
o007239,c00254,SKU0456,2,3516,USD,2026-03-30T18:09:42,completed,web
o007240,c00950,SKU0292,5,8760,USD,2026-02-22T12:34:02,completed,web
o007241,c00731,SKU0422,3,3102,USD,2026-03-28T00:19:49,shipped,web
o007242,c00147,SKU0406,4,7760,USD,2026-04-16T23:00:24,shipped,mobile
o007243,c00332,SKU0175,1,1402,USD,2026-04-30T03:07:16,completed,web
o007244,c00629,SKU0028,2,2282,USD,2026-01-15T14:19:11,completed,mobile
o007245,c00849,SKU0176,1,2164,USD,2026-03-20T04:34:20,refunded,web
o007246,c00456,SKU0392,1,1840,USD,2026-01-21T22:38:47,completed,mobile
o007247,c00341,SKU0349,1,1056,USD,2026-03-06T15:34:16,completed,mobile
o007248,c00152,SKU0478,1,1273,USD,2026-02-28T23:33:07,refunded,api
o007249,c00633,SKU0443,1,973,USD,2026-04-03T15:33:04,shipped,mobile
o007250,c00427,SKU0097,1,4465,USD,2026-04-08T18:41:46,completed,mobile
o007251,c00322,SKU0018,1,1937,USD,2026-03-02T11:23:31,cancelled,web
o007252,c00434,SKU0332,3,11208,USD,2026-04-01T03:54:43,completed,web
o007253,c00357,SKU0494,5,4160,USD,2026-02-18T11:23:01,completed,web
o007254,c00942,SKU0065,2,1898,USD,2026-01-04T03:26:02,refunded,mobile
o007255,c00141,SKU0401,5,4540,USD,2026-04-21T13:35:01,completed,web
o007256,c00042,SKU0131,1,838,USD,2026-03-24T04:49:00,completed,mobile
o007257,c00061,SKU0461,2,6228,USD,2026-02-05T03:00:36,completed,web
o007258,c00695,SKU0138,1,1820,USD,2025-12-05T04:16:01,cancelled,mobile
o007259,c00142,SKU0069,1,3981,USD,2026-04-05T05:24:47,shipped,api
o007260,c00755,SKU0290,1,1927,USD,2026-03-06T23:33:36,cancelled,web
o007261,c00555,SKU0219,1,2570,USD,2026-02-09T07:13:08,cancelled,mobile
o007262,c00364,SKU0485,1,2721,USD,2026-03-26T04:55:02,completed,web
o007263,c00261,SKU0119,1,1634,USD,2026-04-10T23:12:12,completed,web
o007264,c00053,SKU0492,5,5040,USD,2026-03-29T14:56:51,completed,mobile
o007265,c00923,SKU0450,1,4667,USD,2026-04-07T07:18:30,completed,web
o007266,c00464,SKU0254,1,1186,USD,2026-05-02T06:54:46,completed,api
o007267,c00276,SKU0226,1,1523,USD,2026-04-17T21:40:23,shipped,web
o007268,c00856,SKU0419,5,6520,USD,2026-03-31T12:04:45,refunded,web
o007269,c00055,SKU0407,3,6027,USD,2026-02-21T22:20:29,completed,web
o007270,c00242,SKU0127,2,7078,USD,2026-03-10T20:57:22,completed,web
o007271,c00774,SKU0452,1,2546,USD,2026-04-21T15:21:20,cancelled,web
o007272,c00181,SKU0175,3,4206,USD,2026-02-08T17:45:37,completed,marketplace
o007273,c00869,SKU0008,1,2608,USD,2026-04-23T09:07:27,completed,mobile
o007274,c00423,SKU0162,1,1276,USD,2025-12-05T06:30:18,completed,mobile
o007275,c00968,SKU0410,2,2834,USD,2026-03-09T04:41:17,completed,web
o007276,c00653,SKU0227,1,1005,USD,2026-03-20T15:45:44,completed,web
o007277,c00055,SKU0235,1,245,USD,2026-04-13T03:30:21,cancelled,mobile
o007278,c00577,SKU0041,1,2840,USD,2026-03-17T22:17:59,completed,web
o007279,c00652,SKU0427,4,13992,USD,2026-01-25T14:57:27,cancelled,web
o007280,c00531,SKU0439,2,3690,USD,2025-12-20T01:13:34,completed,web
o007281,c00444,SKU0450,1,4667,USD,2026-04-04T16:07:54,shipped,web
o007282,c00875,SKU0098,4,2628,USD,2026-01-04T16:32:54,completed,api
o007283,c00660,SKU0111,3,7776,USD,2026-03-25T10:32:53,completed,mobile
o007284,c00259,SKU0300,1,11228,USD,2026-03-27T04:46:02,completed,mobile
o007285,c00251,SKU0265,2,4546,USD,2026-03-18T05:05:59,cancelled,mobile
o007286,c00781,SKU0094,3,2868,USD,2026-04-24T23:27:44,completed,mobile
o007287,c00970,SKU0190,1,1932,USD,2026-02-02T05:55:20,completed,web
o007288,c00671,SKU0009,5,11825,USD,2026-02-20T01:52:25,cancelled,web
o007289,c00924,SKU0422,1,1034,USD,2026-03-02T02:05:47,completed,web
o007290,c00959,SKU0192,1,1482,USD,2026-03-25T22:59:02,completed,web
o007291,c00467,SKU0417,1,1442,USD,2026-01-09T04:35:31,completed,web
o007292,c00151,SKU0141,2,9300,USD,2026-04-30T03:02:22,refunded,mobile
o007293,c00732,SKU0368,1,1423,USD,2026-04-18T00:21:06,refunded,web
o007294,c00741,SKU0022,2,1780,USD,2026-04-14T18:12:12,cancelled,web
o007295,c00950,SKU0483,1,686,USD,2026-01-03T12:05:28,completed,web
o007296,c00851,SKU0299,1,2090,USD,2026-02-03T06:17:11,completed,web
o007297,c00250,SKU0309,1,2102,USD,2026-04-15T04:45:39,cancelled,web
o007298,c00032,SKU0294,2,4356,USD,2026-04-09T08:29:45,cancelled,mobile
o007299,c00952,SKU0239,2,2022,USD,2026-02-10T23:31:15,refunded,web
o007300,c00554,SKU0473,1,582,USD,2025-12-12T10:02:00,completed,web
o007301,c00434,SKU0356,1,842,USD,2026-03-27T20:36:48,completed,web
o007302,c00668,SKU0057,2,1036,USD,2025-12-09T16:50:20,cancelled,web
o007303,c00235,SKU0217,3,7590,USD,2026-04-11T12:43:58,completed,mobile
o007304,c00865,SKU0404,2,5096,USD,2026-01-11T10:18:43,completed,web
o007305,c00074,SKU0269,1,601,USD,2026-04-06T14:58:41,refunded,web
o007306,c00673,SKU0462,1,1224,USD,2026-03-15T16:23:59,completed,api
o007307,c00348,SKU0323,2,1462,USD,2026-02-19T22:07:22,shipped,web
o007308,c00659,SKU0485,2,5442,USD,2026-05-04T06:48:39,completed,web
o007309,c00873,SKU0447,2,10318,USD,2026-04-09T04:30:34,completed,web
o007310,c00176,SKU0453,2,4394,USD,2026-04-02T03:38:38,shipped,web
o007311,c00068,SKU0333,1,1813,USD,2025-12-12T04:15:51,refunded,api
o007312,c00854,SKU0317,1,5905,USD,2026-04-29T06:20:50,completed,mobile
o007313,c00655,SKU0451,2,4698,USD,2026-03-08T17:28:04,refunded,web
o007314,c00051,SKU0207,1,5675,USD,2026-03-07T17:18:23,refunded,mobile
o007315,c00875,SKU0148,4,16280,USD,2026-02-05T21:37:39,cancelled,web
o007316,c00444,SKU0352,1,2939,USD,2026-04-03T03:39:51,completed,web
o007317,c00454,SKU0095,1,2196,USD,2026-04-07T01:27:59,completed,web
o007318,c00843,SKU0244,1,8360,USD,2026-03-10T22:00:00,cancelled,mobile
o007319,c00528,SKU0289,2,2058,USD,2026-04-02T16:09:25,cancelled,web
o007320,c00844,SKU0315,5,13740,USD,2026-03-10T19:05:33,refunded,web
o007321,c00247,SKU0364,1,855,USD,2026-04-11T12:14:17,completed,mobile
o007322,c00295,SKU0070,2,2702,USD,2026-01-06T18:08:59,refunded,web
o007323,c00745,SKU0446,1,2851,USD,2026-03-25T14:04:04,completed,mobile
o007324,c00472,SKU0392,2,3680,USD,2026-04-04T07:32:06,completed,mobile
o007325,c00751,SKU0272,1,1569,USD,2026-02-23T16:41:25,completed,mobile
o007326,c00341,SKU0099,2,908,USD,2026-04-21T22:40:51,cancelled,mobile
o007327,c00723,SKU0133,1,2255,USD,2026-05-02T04:06:59,completed,web
o007328,c00064,SKU0385,1,1577,USD,2026-05-01T08:09:27,completed,web
o007329,c00472,SKU0409,1,3307,USD,2026-04-18T09:58:12,completed,mobile
o007330,c00551,SKU0192,2,2964,USD,2026-04-07T02:35:45,shipped,web
o007331,c00859,SKU0049,1,1403,USD,2026-01-18T02:05:03,completed,mobile
o007332,c00844,SKU0289,2,2058,USD,2026-02-25T04:59:42,cancelled,web
o007333,c00548,SKU0281,1,1705,USD,2026-04-11T03:27:20,cancelled,web
o007334,c00663,SKU0121,1,969,USD,2026-01-03T13:30:09,completed,mobile
o007335,c00125,SKU0404,1,2548,USD,2026-04-22T12:25:55,completed,web
o007336,c00138,SKU0384,1,2176,USD,2026-02-21T23:38:49,completed,web
o007337,c00032,SKU0098,2,1314,USD,2026-04-09T01:32:07,shipped,marketplace
o007338,c00034,SKU0041,2,5680,USD,2026-04-29T07:32:35,completed,web
o007339,c00152,SKU0489,5,11790,USD,2026-04-22T02:32:20,completed,mobile
o007340,c00938,SKU0038,2,1128,USD,2026-04-28T05:45:28,cancelled,web
o007341,c00275,SKU0410,1,1417,USD,2025-12-02T05:09:29,cancelled,mobile
o007342,c00046,SKU0476,2,3102,USD,2026-04-20T00:59:15,refunded,web
o007343,c00371,SKU0257,1,5564,USD,2025-12-30T20:25:37,refunded,mobile
o007344,c00449,SKU0196,5,6200,USD,2026-02-10T06:51:42,completed,web
o007345,c00673,SKU0116,2,5342,USD,2026-01-30T10:17:58,refunded,web
o007346,c00556,SKU0390,1,1831,USD,2026-04-20T03:32:39,completed,web
o007347,c00242,SKU0425,2,7064,USD,2026-04-12T20:35:53,cancelled,web
o007348,c00450,SKU0130,1,2599,USD,2026-03-23T23:56:34,completed,web
o007349,c00248,SKU0260,1,1278,USD,2026-03-27T22:29:25,completed,mobile
o007350,c00623,SKU0410,1,1417,USD,2026-02-18T05:07:42,shipped,web
o007351,c00640,SKU0463,1,2100,USD,2026-04-07T03:20:56,cancelled,mobile
o007352,c00427,SKU0292,3,5256,USD,2026-04-07T06:50:28,cancelled,web
o007353,c00961,SKU0303,1,913,USD,2026-01-17T03:01:42,completed,web
o007354,c00340,SKU0167,2,3652,USD,2026-03-01T05:04:35,refunded,web
o007355,c00949,SKU0005,4,8424,USD,2026-04-24T12:52:37,completed,marketplace
o007356,c00132,SKU0177,5,40830,USD,2026-03-31T00:03:01,cancelled,mobile
o007357,c00572,SKU0020,1,6142,USD,2026-03-25T09:39:20,completed,web
o007358,c00629,SKU0198,1,1230,USD,2026-03-08T01:25:54,shipped,web
o007359,c00420,SKU0090,2,1220,USD,2026-02-04T14:57:32,shipped,mobile
o007360,c00968,SKU0227,2,2010,USD,2026-02-05T02:06:42,completed,web
o007361,c00636,SKU0026,1,1628,USD,2026-03-10T15:48:51,completed,web
o007362,c00040,SKU0180,2,4456,USD,2026-04-12T17:17:20,shipped,web
o007363,c00768,SKU0334,1,1403,USD,2026-04-14T04:23:16,completed,web
o007364,c00342,SKU0375,1,2929,USD,2026-04-27T22:52:25,shipped,web
o007365,c00680,SKU0496,5,23475,USD,2026-05-08T01:08:15,completed,web
o007366,c00428,SKU0457,2,1572,USD,2025-12-17T00:07:50,cancelled,marketplace
o007367,c00644,SKU0482,2,2074,USD,2025-12-24T12:26:11,completed,marketplace
o007368,c00257,SKU0500,1,1641,USD,2026-04-04T16:07:23,completed,web
o007369,c00939,SKU0079,1,1146,USD,2026-03-29T03:08:06,completed,marketplace
o007370,c00134,SKU0002,1,1981,USD,2026-04-14T22:12:37,shipped,mobile
o007371,c00826,SKU0268,2,3314,USD,2026-01-06T03:07:46,completed,web
o007372,c00855,SKU0283,1,1525,USD,2026-04-26T08:54:02,completed,web
o007373,c00550,SKU0469,1,1863,USD,2026-04-27T14:41:03,completed,web
o007374,c00093,SKU0103,2,760,USD,2026-04-03T02:25:35,completed,web
o007375,c00543,SKU0210,3,7038,USD,2026-01-03T06:35:59,completed,web
o007376,c00748,SKU0105,1,1467,USD,2026-04-08T02:33:17,completed,web
o007377,c00362,SKU0011,2,6480,USD,2026-01-26T12:12:19,refunded,web
o007378,c00935,SKU0305,2,3234,USD,2026-03-23T16:55:41,completed,web
o007379,c00362,SKU0373,1,782,USD,2026-05-07T16:54:28,completed,api
o007380,c00736,SKU0459,2,4156,USD,2026-04-25T12:15:56,completed,web
o007381,c00377,SKU0093,4,2216,USD,2026-04-08T02:39:27,completed,mobile
o007382,c00333,SKU0444,2,1716,USD,2026-04-24T09:15:41,cancelled,mobile
o007383,c00033,SKU0309,5,10510,USD,2026-04-16T08:59:05,completed,web
o007384,c00540,SKU0278,1,2936,USD,2026-01-30T06:44:38,shipped,web
o007385,c00457,SKU0187,1,846,USD,2026-04-18T20:59:30,completed,mobile
o007386,c00249,SKU0181,1,895,USD,2026-02-11T19:34:07,completed,mobile
o007387,c00047,SKU0394,4,3868,USD,2026-04-21T13:06:19,completed,marketplace
o007388,c00947,SKU0146,1,1278,USD,2026-05-13T04:54:43,completed,mobile
o007389,c00145,SKU0472,1,562,USD,2026-04-08T17:40:31,completed,web
o007390,c00751,SKU0116,2,5342,USD,2026-04-11T01:53:18,shipped,marketplace
o007391,c00510,SKU0075,3,2910,USD,2026-04-20T14:44:43,refunded,web
o007392,c00883,SKU0168,5,9045,USD,2026-04-16T10:31:17,completed,web
o007393,c00646,SKU0181,1,895,USD,2026-03-22T08:37:29,completed,web
o007394,c00351,SKU0076,2,2094,USD,2026-02-02T08:22:50,completed,web
o007395,c00237,SKU0012,2,1082,USD,2026-03-06T10:46:36,cancelled,web
o007396,c00353,SKU0096,1,711,USD,2026-03-22T02:14:29,shipped,web
o007397,c00540,SKU0499,4,7344,USD,2026-02-15T09:40:52,cancelled,api
o007398,c00162,SKU0108,1,4019,USD,2026-03-19T15:52:59,completed,mobile
o007399,c00845,SKU0039,1,3312,USD,2026-01-01T01:14:47,refunded,web
o007400,c00243,SKU0350,2,7208,USD,2026-05-05T19:41:25,refunded,web
o007401,c00272,SKU0412,2,2858,USD,2026-02-19T14:42:05,refunded,web
o007402,c00349,SKU0170,1,1911,USD,2026-04-05T09:04:45,completed,api
o007403,c00932,SKU0011,5,16200,USD,2026-04-13T03:25:06,cancelled,web
o007404,c00945,SKU0137,1,1772,USD,2026-03-29T23:04:50,completed,web
o007405,c00121,SKU0381,1,5064,USD,2026-02-09T06:23:51,completed,web
o007406,c00046,SKU0167,2,3652,USD,2026-01-12T03:06:47,completed,web
o007407,c00450,SKU0194,1,1743,USD,2026-01-03T17:19:54,completed,mobile
o007408,c00775,SKU0324,2,1192,USD,2026-04-12T22:21:40,completed,web
o007409,c00739,SKU0136,2,1408,USD,2026-03-09T04:30:41,completed,mobile
o007410,c00341,SKU0239,5,5055,USD,2026-04-08T08:08:27,completed,web
o007411,c00053,SKU0115,2,5832,USD,2026-03-03T17:50:22,cancelled,web
o007412,c00053,SKU0027,5,4630,USD,2026-04-07T22:36:43,completed,mobile
o007413,c00443,SKU0330,1,2419,USD,2026-03-25T06:59:04,shipped,web
o007414,c00462,SKU0466,3,7047,USD,2026-05-10T18:49:27,completed,marketplace
o007415,c00560,SKU0004,4,13384,USD,2026-02-05T12:43:50,cancelled,web
o007416,c00644,SKU0357,5,3125,USD,2025-11-22T12:03:22,completed,mobile
o007417,c00056,SKU0300,2,22456,USD,2026-04-14T04:20:00,cancelled,web
o007418,c00567,SKU0110,1,1834,USD,2026-04-07T22:27:57,refunded,web
o007419,c00239,SKU0005,1,2106,USD,2026-04-07T18:20:23,shipped,mobile
o007420,c00355,SKU0424,1,2800,USD,2026-04-21T15:49:39,shipped,mobile
o007421,c00452,SKU0499,1,1836,USD,2026-03-08T20:48:23,completed,web
o007422,c00251,SKU0309,3,6306,USD,2026-01-26T13:43:40,shipped,web
o007423,c00884,SKU0308,4,2156,USD,2026-01-22T15:50:03,cancelled,api
o007424,c00734,SKU0127,1,3539,USD,2026-03-05T20:49:34,completed,web
o007425,c00333,SKU0421,1,558,USD,2026-03-14T09:17:04,completed,api
o007426,c00165,SKU0170,3,5733,USD,2026-03-17T19:28:52,completed,mobile
o007427,c00136,SKU0194,2,3486,USD,2026-03-29T11:31:04,completed,web
o007428,c00971,SKU0310,1,2775,USD,2026-02-12T14:42:19,cancelled,web
o007429,c00874,SKU0123,1,3451,USD,2025-11-29T07:50:49,shipped,mobile
o007430,c00449,SKU0113,1,1210,USD,2026-01-30T14:09:11,completed,web
o007431,c00755,SKU0127,1,3539,USD,2026-03-03T13:58:46,refunded,mobile
o007432,c00853,SKU0478,4,5092,USD,2026-04-17T04:59:44,completed,web
o007433,c00170,SKU0075,2,1940,USD,2026-04-07T01:43:38,cancelled,web
o007434,c00951,SKU0443,1,973,USD,2026-02-11T14:56:31,cancelled,mobile
o007435,c00655,SKU0404,1,2548,USD,2026-04-02T23:14:51,completed,web
o007436,c00650,SKU0127,1,3539,USD,2026-01-24T14:23:39,cancelled,mobile
o007437,c00669,SKU0115,2,5832,USD,2026-01-20T14:28:22,completed,mobile
o007438,c00662,SKU0420,1,660,USD,2026-04-21T11:48:33,completed,mobile
o007439,c00124,SKU0261,1,956,USD,2026-03-14T18:25:54,cancelled,web
o007440,c00278,SKU0353,1,1723,USD,2026-04-16T22:51:32,completed,web
o007441,c00237,SKU0369,5,17930,USD,2026-01-05T01:16:37,completed,mobile
o007442,c00739,SKU0380,1,2803,USD,2026-03-13T05:51:35,completed,web
o007443,c00558,SKU0211,4,4208,USD,2026-04-18T08:15:06,completed,web
o007444,c00352,SKU0448,5,2675,USD,2026-02-25T08:54:25,completed,mobile
o007445,c00050,SKU0304,1,2148,USD,2026-01-19T06:47:04,completed,web
o007446,c00963,SKU0170,2,3822,USD,2026-03-24T20:11:11,completed,web
o007447,c00462,SKU0013,3,14352,USD,2026-01-19T07:05:26,completed,web
o007448,c00023,SKU0262,2,1396,USD,2026-02-15T22:19:42,completed,web
o007449,c00260,SKU0290,3,5781,USD,2026-03-31T18:40:58,completed,web
o007450,c00152,SKU0333,4,7252,USD,2026-04-15T14:34:17,completed,api
o007451,c00939,SKU0226,1,1523,USD,2026-01-23T20:30:42,shipped,web
o007452,c00853,SKU0224,1,6151,USD,2026-04-06T16:47:50,shipped,web
o007453,c00847,SKU0038,2,1128,USD,2026-04-11T11:44:01,cancelled,web
o007454,c00166,SKU0378,3,14046,USD,2026-03-03T18:06:56,cancelled,web
o007455,c00227,SKU0212,1,1375,USD,2026-04-08T20:07:51,completed,mobile
o007456,c00164,SKU0367,3,3576,USD,2026-01-20T07:31:09,completed,mobile
o007457,c00130,SKU0392,3,5520,USD,2026-05-05T02:46:48,refunded,mobile
o007458,c00553,SKU0324,1,596,USD,2026-04-15T17:57:23,cancelled,web
o007459,c00433,SKU0251,1,2725,USD,2026-04-13T11:00:44,cancelled,web
o007460,c00739,SKU0069,2,7962,USD,2026-03-12T12:08:17,completed,web
o007461,c00856,SKU0145,1,3451,USD,2026-02-24T08:58:46,completed,mobile
o007462,c00348,SKU0067,4,10316,USD,2026-03-11T10:37:41,completed,web
o007463,c00453,SKU0185,4,8836,USD,2025-12-31T15:10:05,shipped,mobile
o007464,c00942,SKU0087,1,3000,USD,2026-03-17T00:59:56,completed,web
o007465,c00528,SKU0050,1,5065,USD,2026-04-21T14:17:47,cancelled,web
o007466,c00240,SKU0447,1,5159,USD,2026-03-12T08:35:50,completed,web
o007467,c00165,SKU0255,5,17560,USD,2026-03-11T03:25:56,completed,web
o007468,c00772,SKU0256,2,2958,USD,2026-01-03T04:04:14,completed,web
o007469,c00079,SKU0046,1,838,USD,2026-05-12T09:05:19,refunded,web
o007470,c00770,SKU0094,1,956,USD,2026-04-01T13:48:15,completed,web
o007471,c00926,SKU0073,1,5362,USD,2026-02-11T20:55:03,completed,mobile
o007472,c00142,SKU0226,2,3046,USD,2026-02-17T19:56:50,completed,web
o007473,c00567,SKU0231,1,4542,USD,2026-03-18T01:52:45,completed,web
o007474,c00362,SKU0480,5,5100,USD,2026-01-21T07:56:52,completed,web
o007475,c00250,SKU0462,1,1224,USD,2026-03-23T03:11:19,completed,web
o007476,c00439,SKU0049,2,2806,USD,2026-04-04T02:30:36,completed,web
o007477,c00151,SKU0315,1,2748,USD,2026-02-06T02:38:55,cancelled,web
o007478,c00330,SKU0444,2,1716,USD,2025-12-16T19:20:05,shipped,web
o007479,c00062,SKU0044,2,4964,USD,2025-12-29T12:23:17,cancelled,web
o007480,c00343,SKU0193,2,3368,USD,2026-01-21T04:30:02,refunded,mobile
o007481,c00251,SKU0018,2,3874,USD,2026-04-27T16:31:26,shipped,web
o007482,c00057,SKU0279,1,591,USD,2026-03-11T01:22:10,completed,web
o007483,c00157,SKU0288,1,471,USD,2026-03-26T18:45:51,completed,web
o007484,c00339,SKU0047,5,8675,USD,2026-01-16T01:12:09,completed,web
o007485,c00931,SKU0294,1,2178,USD,2026-04-21T03:31:50,completed,web
o007486,c00347,SKU0199,1,1153,USD,2026-04-13T10:32:59,cancelled,web
o007487,c00664,SKU0245,2,3204,USD,2026-03-22T12:38:47,completed,web
o007488,c00927,SKU0010,1,1092,USD,2025-12-23T17:34:57,completed,web
o007489,c00242,SKU0372,1,1174,USD,2026-03-06T13:05:50,completed,web
o007490,c00649,SKU0218,2,802,USD,2026-04-01T02:38:11,shipped,web
o007491,c00970,SKU0065,1,949,USD,2026-04-08T18:45:09,completed,mobile
o007492,c00269,SKU0265,4,9092,USD,2026-04-06T04:17:09,refunded,mobile
o007493,c00981,SKU0322,1,574,USD,2025-12-09T13:26:53,refunded,mobile
o007494,c00446,SKU0038,2,1128,USD,2026-04-20T09:25:32,refunded,web
o007495,c00138,SKU0408,1,695,USD,2026-02-22T10:41:46,completed,mobile
o007496,c00281,SKU0500,2,3282,USD,2025-12-18T21:48:47,completed,web
o007497,c00532,SKU0486,2,1864,USD,2026-04-30T00:41:08,completed,mobile
o007498,c00340,SKU0001,2,1482,USD,2026-02-16T19:35:51,shipped,mobile
o007499,c00725,SKU0309,1,2102,USD,2026-03-25T16:47:10,cancelled,web
o007500,c00524,SKU0004,4,13384,USD,2026-03-02T05:25:06,refunded,web
o007501,c00770,SKU0077,2,5754,USD,2026-02-13T16:25:12,completed,marketplace
o007502,c00465,SKU0461,2,6228,USD,2026-01-11T12:24:19,refunded,mobile
o007503,c00075,SKU0074,3,2037,USD,2026-04-23T15:06:21,completed,web
o007504,c00648,SKU0442,5,8835,USD,2025-12-22T01:15:55,refunded,web
o007505,c00737,SKU0455,2,852,USD,2026-04-25T05:31:46,completed,web
o007506,c00852,SKU0154,1,1745,USD,2025-12-31T04:52:53,completed,web
o007507,c00143,SKU0412,1,1429,USD,2026-03-14T19:58:07,shipped,mobile
o007508,c00850,SKU0272,1,1569,USD,2026-02-17T09:25:22,completed,mobile
o007509,c00547,SKU0428,1,1493,USD,2026-04-15T02:14:40,completed,web
o007510,c00844,SKU0321,4,4212,USD,2026-02-22T17:47:29,completed,web
o007511,c00281,SKU0133,1,2255,USD,2026-05-05T07:41:06,cancelled,mobile
o007512,c00030,SKU0207,3,17025,USD,2026-03-31T07:19:13,completed,web
o007513,c00354,SKU0257,3,16692,USD,2026-04-04T13:38:18,completed,web
o007514,c00149,SKU0490,2,2458,USD,2026-03-31T08:20:55,shipped,web
o007515,c00341,SKU0136,5,3520,USD,2026-04-21T16:00:15,cancelled,web
o007516,c00430,SKU0245,1,1602,USD,2026-04-20T07:48:14,shipped,marketplace
o007517,c00384,SKU0187,2,1692,USD,2026-04-15T09:13:48,completed,mobile
o007518,c00139,SKU0058,2,7488,USD,2026-05-04T12:49:20,completed,mobile
o007519,c00329,SKU0358,4,19556,USD,2026-04-11T00:25:22,completed,mobile
o007520,c00534,SKU0189,1,1538,USD,2026-04-30T03:53:42,completed,mobile
o007521,c00237,SKU0380,1,2803,USD,2026-03-16T15:13:18,completed,marketplace
o007522,c00177,SKU0474,3,2931,USD,2026-04-12T00:35:09,completed,web
o007523,c00550,SKU0020,1,6142,USD,2026-03-11T23:02:27,completed,web
o007524,c00225,SKU0451,1,2349,USD,2026-05-01T18:47:10,shipped,web
o007525,c00974,SKU0362,2,3480,USD,2026-02-07T07:53:29,refunded,web
o007526,c00377,SKU0112,1,1132,USD,2026-03-08T08:11:25,completed,marketplace
o007527,c00147,SKU0328,5,7510,USD,2026-04-28T09:01:04,refunded,mobile
o007528,c00445,SKU0246,4,9152,USD,2026-04-20T06:53:24,shipped,mobile
o007529,c00934,SKU0373,2,1564,USD,2026-02-27T02:51:14,refunded,mobile
o007530,c00759,SKU0387,1,671,USD,2026-01-29T02:09:58,cancelled,web
o007531,c00540,SKU0491,1,770,USD,2026-01-06T09:02:10,shipped,mobile
o007532,c00376,SKU0369,2,7172,USD,2026-03-08T19:17:07,shipped,mobile
o007533,c00242,SKU0439,1,1845,USD,2026-03-24T19:49:56,shipped,web
o007534,c00846,SKU0019,2,4078,USD,2026-01-24T05:48:08,completed,mobile
o007535,c00732,SKU0400,1,1781,USD,2026-03-01T09:50:35,completed,mobile
o007536,c00730,SKU0168,1,1809,USD,2026-04-16T21:46:03,completed,mobile
o007537,c00753,SKU0040,1,697,USD,2026-02-18T22:12:50,refunded,mobile
o007538,c00749,SKU0224,1,6151,USD,2026-04-15T17:15:24,completed,web
o007539,c00144,SKU0230,4,5600,USD,2026-03-12T21:43:08,cancelled,mobile
o007540,c00822,SKU0382,2,6148,USD,2026-02-23T16:36:01,cancelled,web
o007541,c00075,SKU0155,1,683,USD,2026-03-08T05:59:02,shipped,mobile
o007542,c00061,SKU0152,3,19299,USD,2026-04-23T23:56:52,shipped,marketplace
o007543,c00535,SKU0103,1,380,USD,2026-02-28T17:01:33,shipped,web
o007544,c00652,SKU0200,1,2489,USD,2026-04-27T22:31:19,completed,mobile
o007545,c00257,SKU0460,3,1218,USD,2026-01-05T01:09:12,completed,marketplace
o007546,c00537,SKU0266,2,4724,USD,2026-04-10T13:40:25,shipped,web
o007547,c00762,SKU0421,2,1116,USD,2025-12-28T13:54:22,completed,mobile
o007548,c00355,SKU0284,1,1911,USD,2026-04-18T01:20:48,completed,mobile
o007549,c00758,SKU0459,2,4156,USD,2026-03-08T18:00:47,completed,web
o007550,c00650,SKU0360,1,2885,USD,2025-12-21T06:28:06,shipped,mobile
o007551,c00640,SKU0236,1,1853,USD,2026-02-22T17:43:18,completed,web
o007552,c00437,SKU0364,1,855,USD,2026-03-25T09:45:37,shipped,marketplace
o007553,c00837,SKU0078,1,919,USD,2026-04-10T12:26:22,completed,marketplace
o007554,c00022,SKU0430,1,6918,USD,2026-02-23T06:19:29,refunded,mobile
o007555,c00666,SKU0233,1,2573,USD,2026-04-20T18:52:41,completed,web
o007556,c00050,SKU0114,1,2959,USD,2026-02-06T01:21:38,completed,web
o007557,c00849,SKU0482,1,1037,USD,2026-01-23T22:29:01,refunded,web
o007558,c00284,SKU0463,1,2100,USD,2026-03-17T22:17:03,completed,web
o007559,c00156,SKU0325,2,4822,USD,2026-01-18T06:06:46,completed,marketplace
o007560,c00962,SKU0099,1,454,USD,2026-01-08T17:44:57,shipped,marketplace
o007561,c00356,SKU0238,2,1330,USD,2026-04-12T11:59:30,completed,mobile
o007562,c00545,SKU0091,2,2632,USD,2026-02-28T23:28:53,completed,mobile
o007563,c00942,SKU0015,5,16505,USD,2025-12-09T08:27:16,completed,web
o007564,c00949,SKU0238,1,665,USD,2026-03-29T07:02:39,completed,mobile
o007565,c00447,SKU0497,1,896,USD,2026-01-29T11:12:08,completed,web
o007566,c00040,SKU0115,2,5832,USD,2026-03-16T18:45:23,refunded,web
o007567,c00875,SKU0409,1,3307,USD,2026-04-21T20:15:25,cancelled,web
o007568,c00379,SKU0110,1,1834,USD,2026-04-11T09:48:59,shipped,marketplace
o007569,c00340,SKU0046,2,1676,USD,2026-03-12T07:36:00,completed,web
o007570,c00956,SKU0023,1,2615,USD,2026-03-10T19:36:21,shipped,web
o007571,c00050,SKU0479,1,3608,USD,2026-05-02T04:29:59,refunded,mobile
o007572,c00947,SKU0380,5,14015,USD,2026-02-21T15:14:06,cancelled,mobile
o007573,c00476,SKU0126,2,6528,USD,2026-03-03T16:10:45,completed,web
o007574,c00929,SKU0474,3,2931,USD,2026-04-07T19:36:18,cancelled,web
o007575,c00850,SKU0038,1,564,USD,2026-03-15T03:43:33,completed,mobile
o007576,c00473,SKU0052,1,2897,USD,2026-03-12T10:49:05,completed,web
o007577,c00556,SKU0239,2,2022,USD,2026-03-30T22:03:53,refunded,web
o007578,c00734,SKU0189,2,3076,USD,2026-01-07T08:26:25,completed,mobile
o007579,c00964,SKU0392,1,1840,USD,2026-03-26T13:42:37,completed,mobile
o007580,c00331,SKU0066,1,2625,USD,2026-01-15T15:21:09,completed,web
o007581,c00477,SKU0128,1,2793,USD,2026-04-04T09:20:20,cancelled,web
o007582,c00940,SKU0052,1,2897,USD,2026-01-20T15:11:35,completed,mobile
o007583,c00877,SKU0257,1,5564,USD,2026-03-12T08:34:01,completed,web
o007584,c00170,SKU0196,2,2480,USD,2025-11-21T08:51:04,cancelled,mobile
o007585,c00313,SKU0256,4,5916,USD,2026-02-09T10:39:46,completed,mobile
o007586,c00457,SKU0030,4,9292,USD,2026-04-18T19:42:14,completed,web
o007587,c00866,SKU0088,1,1407,USD,2026-04-15T23:52:05,shipped,web
o007588,c00368,SKU0085,2,1458,USD,2026-05-02T18:39:48,cancelled,web
o007589,c00367,SKU0247,3,4866,USD,2026-01-15T10:40:39,cancelled,mobile
o007590,c00256,SKU0224,2,12302,USD,2026-03-09T03:43:22,shipped,marketplace
o007591,c00332,SKU0232,2,3208,USD,2026-01-11T03:11:18,completed,web
o007592,c00769,SKU0281,1,1705,USD,2026-02-23T17:55:23,completed,web
o007593,c00942,SKU0077,1,2877,USD,2026-05-06T09:55:20,completed,web
o007594,c00260,SKU0196,2,2480,USD,2026-03-19T15:29:55,refunded,mobile
o007595,c00660,SKU0044,1,2482,USD,2026-03-23T19:50:21,completed,web
o007596,c00525,SKU0151,3,10260,USD,2026-04-11T14:21:54,completed,mobile
o007597,c00350,SKU0183,4,4344,USD,2026-03-29T09:09:30,completed,marketplace
o007598,c00847,SKU0209,4,10768,USD,2026-03-24T08:45:19,completed,web
o007599,c00062,SKU0292,2,3504,USD,2026-01-17T06:04:32,refunded,web
o007600,c00557,SKU0351,5,12295,USD,2026-03-21T01:30:08,completed,web
o007601,c00559,SKU0197,1,1457,USD,2026-04-20T07:19:11,shipped,web
o007602,c00351,SKU0296,1,1506,USD,2026-03-11T00:37:21,completed,web
o007603,c00449,SKU0261,1,956,USD,2026-04-25T13:12:57,cancelled,mobile
o007604,c00868,SKU0342,1,593,USD,2026-03-25T05:20:24,refunded,web
o007605,c00032,SKU0226,5,7615,USD,2026-03-16T06:30:45,shipped,web
o007606,c00244,SKU0029,3,2973,USD,2026-05-01T09:30:39,shipped,web
o007607,c00171,SKU0380,3,8409,USD,2026-04-02T17:35:43,refunded,marketplace
o007608,c00731,SKU0345,2,5172,USD,2026-04-02T16:38:34,completed,web
o007609,c00033,SKU0444,2,1716,USD,2026-03-24T21:59:45,completed,mobile
o007610,c00053,SKU0353,1,1723,USD,2026-04-26T09:08:25,shipped,mobile
o007611,c00153,SKU0357,1,625,USD,2026-03-12T01:39:08,completed,web
o007612,c00365,SKU0183,1,1086,USD,2026-02-11T10:49:09,refunded,web
o007613,c00046,SKU0364,1,855,USD,2026-01-25T14:08:02,completed,web
o007614,c00540,SKU0136,1,704,USD,2026-04-22T05:13:47,completed,web
o007615,c00763,SKU0014,2,4486,USD,2026-04-12T19:31:49,completed,web
o007616,c00668,SKU0288,2,942,USD,2026-02-06T10:06:20,completed,web
o007617,c00064,SKU0382,1,3074,USD,2026-02-19T04:27:47,refunded,mobile
o007618,c00651,SKU0132,1,3175,USD,2026-02-15T21:00:00,completed,mobile
o007619,c00763,SKU0307,1,1096,USD,2026-03-28T03:12:19,completed,web
o007620,c00838,SKU0171,3,3450,USD,2026-04-28T04:34:29,completed,mobile
o007621,c00674,SKU0031,1,1331,USD,2026-04-15T20:37:24,completed,web
o007622,c00144,SKU0354,5,13370,USD,2026-02-12T04:22:18,refunded,web
o007623,c00549,SKU0141,5,23250,USD,2026-03-18T11:24:57,cancelled,mobile
o007624,c00553,SKU0387,1,671,USD,2026-04-17T21:14:10,completed,web
o007625,c00849,SKU0157,1,1456,USD,2026-04-04T15:43:09,cancelled,marketplace
o007626,c00867,SKU0231,4,18168,USD,2026-04-19T02:34:36,cancelled,web
o007627,c00231,SKU0143,3,4158,USD,2026-04-19T12:56:45,shipped,web
o007628,c00665,SKU0412,3,4287,USD,2026-04-13T07:17:51,cancelled,marketplace
o007629,c00482,SKU0498,1,2150,USD,2026-02-18T07:24:52,completed,web
o007630,c00164,SKU0418,1,593,USD,2026-03-08T06:19:19,completed,marketplace
o007631,c00039,SKU0479,1,3608,USD,2026-03-14T03:35:17,shipped,api
o007632,c00450,SKU0048,2,2534,USD,2026-02-16T22:21:59,cancelled,web
o007633,c00067,SKU0071,2,2604,USD,2026-04-03T15:28:43,refunded,web
o007634,c00761,SKU0268,1,1657,USD,2026-03-11T16:40:12,completed,web
o007635,c00448,SKU0103,1,380,USD,2026-02-27T21:12:28,completed,web
o007636,c00827,SKU0436,3,19785,USD,2026-04-24T00:52:53,refunded,web
o007637,c00346,SKU0168,1,1809,USD,2026-04-21T05:56:10,completed,web
o007638,c00150,SKU0180,1,2228,USD,2026-01-13T19:51:06,completed,mobile
o007639,c00571,SKU0164,3,7248,USD,2026-03-26T09:31:24,completed,web
o007640,c00040,SKU0173,4,2848,USD,2026-04-12T16:04:06,completed,web
o007641,c00859,SKU0440,5,12195,USD,2026-01-05T22:02:45,completed,marketplace
o007642,c00045,SKU0391,1,6259,USD,2026-04-09T17:08:01,cancelled,web
o007643,c00340,SKU0036,2,2448,USD,2026-03-26T13:09:36,refunded,mobile
o007644,c00713,SKU0121,2,1938,USD,2026-04-29T21:27:13,completed,web
o007645,c00969,SKU0284,1,1911,USD,2026-04-23T03:20:47,completed,web
o007646,c00369,SKU0409,1,3307,USD,2026-04-01T20:37:41,refunded,web
o007647,c00401,SKU0047,1,1735,USD,2026-01-06T21:06:11,completed,web
o007648,c00447,SKU0147,2,2024,USD,2026-04-14T09:21:23,completed,web
o007649,c00447,SKU0407,1,2009,USD,2026-03-22T16:25:17,completed,mobile
o007650,c00416,SKU0400,1,1781,USD,2026-02-18T06:52:35,cancelled,mobile
o007651,c00044,SKU0392,3,5520,USD,2026-04-21T06:44:26,refunded,web
o007652,c00165,SKU0164,1,2416,USD,2026-02-23T15:08:07,completed,web
o007653,c00136,SKU0141,1,4650,USD,2026-04-25T10:26:20,refunded,mobile
o007654,c00764,SKU0415,2,3588,USD,2026-03-03T23:29:50,refunded,mobile
o007655,c00252,SKU0291,1,1561,USD,2026-02-15T01:35:25,refunded,web
o007656,c00045,SKU0199,1,1153,USD,2026-05-12T17:56:42,completed,web
o007657,c00827,SKU0421,1,558,USD,2026-04-11T14:04:49,completed,web
o007658,c00447,SKU0117,4,7608,USD,2026-04-17T06:32:45,cancelled,mobile
o007659,c00856,SKU0307,1,1096,USD,2025-12-27T22:17:02,completed,mobile
o007660,c00156,SKU0230,1,1400,USD,2026-01-19T00:47:56,refunded,web
o007661,c00238,SKU0276,5,8005,USD,2026-03-20T12:52:12,refunded,mobile
o007662,c00981,SKU0043,1,2980,USD,2026-02-15T19:44:33,completed,web
o007663,c00064,SKU0298,1,877,USD,2026-02-08T14:43:16,cancelled,web
o007664,c00261,SKU0141,2,9300,USD,2025-12-12T21:19:29,completed,marketplace
o007665,c00084,SKU0026,3,4884,USD,2026-02-25T21:49:57,shipped,mobile
o007666,c00345,SKU0309,3,6306,USD,2026-01-08T01:53:02,cancelled,web
o007667,c00149,SKU0326,2,3152,USD,2026-03-03T22:42:51,refunded,web
o007668,c00368,SKU0478,1,1273,USD,2026-04-04T13:11:04,cancelled,web
o007669,c00746,SKU0092,1,924,USD,2026-02-22T14:25:44,completed,web
o007670,c00061,SKU0115,2,5832,USD,2026-03-29T06:20:27,cancelled,web
o007671,c00881,SKU0442,3,5301,USD,2026-03-05T21:31:11,completed,mobile
o007672,c00947,SKU0136,1,704,USD,2026-02-02T11:22:01,completed,mobile
o007673,c00145,SKU0303,1,913,USD,2026-03-29T06:59:06,completed,web
o007674,c00546,SKU0033,3,2943,USD,2026-02-07T13:44:16,completed,web
o007675,c00652,SKU0459,1,2078,USD,2026-01-19T10:26:34,shipped,web
o007676,c00353,SKU0312,1,1317,USD,2026-05-02T04:37:50,cancelled,web
o007677,c00452,SKU0360,1,2885,USD,2026-01-10T05:16:03,completed,web
o007678,c00643,SKU0269,3,1803,USD,2026-04-01T16:31:16,completed,mobile
o007679,c00964,SKU0446,3,8553,USD,2025-12-21T13:44:11,completed,web
o007680,c00752,SKU0087,4,12000,USD,2026-03-18T04:21:57,completed,web
o007681,c00534,SKU0352,2,5878,USD,2026-02-21T17:51:42,completed,web
o007682,c00821,SKU0177,2,16332,USD,2026-03-31T13:03:29,completed,web
o007683,c00446,SKU0301,1,616,USD,2026-02-13T11:01:21,completed,web
o007684,c00526,SKU0471,1,796,USD,2026-03-02T09:55:31,cancelled,web
o007685,c00137,SKU0258,1,1366,USD,2026-03-22T11:04:42,cancelled,web
o007686,c00124,SKU0226,1,1523,USD,2026-04-26T02:57:53,completed,web
o007687,c00451,SKU0251,1,2725,USD,2026-04-07T09:26:01,cancelled,web
o007688,c00969,SKU0085,1,729,USD,2026-01-26T18:22:58,shipped,web
o007689,c00051,SKU0335,1,1527,USD,2025-12-15T07:24:51,shipped,marketplace
o007690,c00582,SKU0340,3,10386,USD,2026-03-02T06:36:35,completed,web
o007691,c00749,SKU0363,1,2194,USD,2026-04-07T00:03:36,shipped,mobile
o007692,c00509,SKU0106,1,4932,USD,2026-03-02T18:24:08,cancelled,web
o007693,c00155,SKU0063,1,1839,USD,2026-04-18T04:34:38,refunded,mobile
o007694,c00857,SKU0483,5,3430,USD,2026-01-14T13:30:49,completed,web
o007695,c00131,SKU0405,2,2178,USD,2026-04-11T09:44:32,completed,web
o007696,c00349,SKU0081,2,4390,USD,2026-04-24T06:49:17,cancelled,mobile
o007697,c00448,SKU0307,2,2192,USD,2026-03-08T20:48:48,completed,mobile
o007698,c00142,SKU0173,1,712,USD,2026-04-28T23:37:11,completed,web
o007699,c00851,SKU0178,1,2459,USD,2026-04-05T14:53:07,refunded,marketplace
o007700,c00529,SKU0213,1,2828,USD,2026-02-13T03:05:48,cancelled,web
o007701,c00284,SKU0327,4,2124,USD,2026-03-04T02:02:22,completed,web
o007702,c00451,SKU0462,1,1224,USD,2026-04-02T18:09:56,completed,web
o007703,c00814,SKU0457,1,786,USD,2025-12-29T20:03:39,shipped,web
o007704,c00968,SKU0304,1,2148,USD,2026-01-07T12:46:40,completed,api
o007705,c00345,SKU0232,1,1604,USD,2025-12-26T21:39:11,completed,mobile
o007706,c00066,SKU0044,1,2482,USD,2026-01-13T14:56:42,completed,web
o007707,c00843,SKU0432,1,4370,USD,2026-03-29T04:54:15,completed,mobile
o007708,c00158,SKU0232,1,1604,USD,2026-03-17T18:57:02,cancelled,web
o007709,c00468,SKU0425,1,3532,USD,2026-04-07T03:56:36,cancelled,mobile
o007710,c00248,SKU0415,2,3588,USD,2026-03-31T09:28:37,cancelled,web
o007711,c00447,SKU0271,1,1269,USD,2025-12-12T09:47:47,completed,mobile
o007712,c00256,SKU0075,1,970,USD,2026-03-31T22:18:10,shipped,web
o007713,c00850,SKU0096,1,711,USD,2026-04-20T01:03:32,cancelled,mobile
o007714,c00049,SKU0120,1,1874,USD,2026-05-03T11:37:00,completed,mobile
o007715,c00742,SKU0318,4,11236,USD,2026-03-21T09:42:48,completed,mobile
o007716,c00567,SKU0292,4,7008,USD,2025-12-15T10:32:02,completed,web
o007717,c00278,SKU0459,2,4156,USD,2026-02-11T16:55:20,completed,web
o007718,c00775,SKU0277,1,1657,USD,2026-03-10T19:03:15,completed,web
o007719,c00847,SKU0410,1,1417,USD,2026-01-09T14:52:32,shipped,web
o007720,c00442,SKU0268,1,1657,USD,2026-02-27T05:19:04,completed,web
o007721,c00622,SKU0135,2,5148,USD,2026-02-24T01:31:14,completed,mobile
o007722,c00055,SKU0048,2,2534,USD,2026-04-18T13:28:08,refunded,web
o007723,c00745,SKU0371,1,2100,USD,2026-02-25T20:49:48,shipped,web
o007724,c00859,SKU0199,4,4612,USD,2026-03-16T17:09:48,shipped,web
o007725,c00029,SKU0209,2,5384,USD,2026-03-12T14:58:16,shipped,web
o007726,c00570,SKU0225,2,3106,USD,2026-04-20T10:16:41,completed,web
o007727,c00163,SKU0107,1,1345,USD,2025-11-24T08:33:57,completed,web
o007728,c00368,SKU0019,1,2039,USD,2026-03-28T07:44:17,shipped,marketplace
o007729,c00884,SKU0018,1,1937,USD,2026-02-09T12:55:38,refunded,mobile
o007730,c00957,SKU0319,2,4522,USD,2026-04-01T18:33:54,refunded,marketplace
o007731,c00058,SKU0174,1,4357,USD,2025-12-25T23:41:13,shipped,api
o007732,c00045,SKU0293,1,3176,USD,2026-02-01T17:19:41,refunded,web
o007733,c00448,SKU0451,1,2349,USD,2026-03-05T02:29:47,completed,marketplace
o007734,c00131,SKU0225,1,1553,USD,2026-04-03T06:59:36,refunded,mobile
o007735,c00851,SKU0350,1,3604,USD,2026-03-05T20:02:52,completed,web
o007736,c00553,SKU0161,2,3434,USD,2026-04-06T11:58:44,completed,web
o007737,c00170,SKU0191,3,1014,USD,2026-02-16T04:46:34,completed,web
o007738,c00042,SKU0203,1,3618,USD,2026-03-09T18:21:41,refunded,mobile
o007739,c00438,SKU0003,1,581,USD,2026-03-16T14:34:28,completed,mobile
o007740,c00838,SKU0236,1,1853,USD,2026-03-12T05:23:22,completed,web
o007741,c00761,SKU0389,1,416,USD,2026-04-15T22:19:47,completed,web
o007742,c00523,SKU0153,1,2502,USD,2026-01-05T23:43:34,refunded,mobile
o007743,c00414,SKU0488,2,4002,USD,2026-03-08T18:09:13,completed,web
o007744,c00567,SKU0053,1,1804,USD,2026-01-08T14:39:13,completed,web
o007745,c00964,SKU0044,4,9928,USD,2026-03-31T17:57:04,completed,web
o007746,c00328,SKU0337,5,2665,USD,2026-01-12T20:05:12,shipped,web
o007747,c00628,SKU0274,1,3293,USD,2026-03-22T03:14:38,completed,web
o007748,c00939,SKU0100,1,1431,USD,2026-02-17T21:06:11,completed,web
o007749,c00035,SKU0306,1,1763,USD,2026-01-10T22:21:17,shipped,web
o007750,c00146,SKU0132,4,12700,USD,2026-04-17T13:51:50,cancelled,web
o007751,c00678,SKU0011,2,6480,USD,2026-02-26T12:24:39,cancelled,web
o007752,c00068,SKU0413,3,16623,USD,2025-12-27T06:57:27,completed,web
o007753,c00404,SKU0190,1,1932,USD,2025-11-17T06:33:32,refunded,web
o007754,c00267,SKU0049,2,2806,USD,2026-02-22T11:03:02,cancelled,web
o007755,c00877,SKU0282,1,1147,USD,2026-03-29T06:58:09,shipped,mobile
o007756,c00750,SKU0206,1,906,USD,2026-04-05T05:54:22,completed,web
o007757,c00463,SKU0154,1,1745,USD,2026-02-06T04:12:57,completed,web
o007758,c00228,SKU0251,1,2725,USD,2026-03-14T07:16:01,completed,web
o007759,c00118,SKU0159,1,1000,USD,2026-04-15T12:00:57,completed,mobile
o007760,c00061,SKU0247,2,3244,USD,2026-05-10T08:18:54,refunded,web
o007761,c00827,SKU0026,5,8140,USD,2026-04-01T04:17:47,completed,mobile
o007762,c00457,SKU0024,1,1584,USD,2026-04-04T16:41:51,refunded,mobile
o007763,c00447,SKU0321,2,2106,USD,2026-03-10T09:15:32,shipped,marketplace
o007764,c00580,SKU0319,1,2261,USD,2026-03-22T06:52:42,refunded,web
o007765,c00768,SKU0155,1,683,USD,2026-01-31T09:52:20,completed,web
o007766,c00225,SKU0104,1,1762,USD,2026-03-24T00:38:12,completed,mobile
o007767,c00840,SKU0198,1,1230,USD,2026-04-05T05:35:43,completed,web
o007768,c00963,SKU0260,1,1278,USD,2026-04-15T04:11:45,refunded,web
o007769,c00153,SKU0178,1,2459,USD,2026-04-15T21:47:39,cancelled,web
o007770,c00760,SKU0477,2,1748,USD,2025-12-16T08:50:05,refunded,web
o007771,c00822,SKU0450,4,18668,USD,2026-05-05T19:30:29,completed,web
o007772,c00041,SKU0183,1,1086,USD,2026-05-01T16:17:23,cancelled,mobile
o007773,c00966,SKU0441,1,1431,USD,2026-02-14T12:33:52,refunded,mobile
o007774,c00753,SKU0335,1,1527,USD,2026-03-02T15:56:05,completed,mobile
o007775,c00371,SKU0203,5,18090,USD,2026-03-17T01:00:42,refunded,web
o007776,c00670,SKU0259,1,1983,USD,2026-01-24T01:17:30,completed,web
o007777,c00831,SKU0263,1,1223,USD,2026-03-29T22:24:15,cancelled,web
o007778,c00243,SKU0126,1,3264,USD,2026-03-10T00:59:45,cancelled,web
o007779,c00341,SKU0404,1,2548,USD,2026-03-14T17:34:52,completed,web
o007780,c00634,SKU0417,1,1442,USD,2026-04-09T19:24:48,completed,web
o007781,c00058,SKU0323,1,731,USD,2026-03-22T21:14:40,refunded,mobile
o007782,c00743,SKU0132,4,12700,USD,2026-02-26T19:23:51,completed,web
o007783,c00549,SKU0335,2,3054,USD,2026-02-10T22:49:34,completed,mobile
o007784,c00959,SKU0378,1,4682,USD,2026-03-04T07:02:11,refunded,web
o007785,c00027,SKU0167,5,9130,USD,2025-12-15T21:23:03,shipped,web
o007786,c00061,SKU0249,3,36783,USD,2026-03-20T10:04:43,shipped,web
o007787,c00469,SKU0025,5,4755,USD,2026-04-03T13:32:26,completed,mobile
o007788,c00517,SKU0060,1,4175,USD,2026-05-07T21:44:36,shipped,web
o007789,c00343,SKU0474,1,977,USD,2026-01-18T10:02:45,completed,mobile
o007790,c00144,SKU0065,1,949,USD,2026-02-01T22:19:22,completed,web
o007791,c00864,SKU0114,5,14795,USD,2026-02-14T10:34:15,completed,api
o007792,c00638,SKU0465,1,2443,USD,2026-02-01T13:40:49,refunded,web
o007793,c00050,SKU0065,3,2847,USD,2026-04-21T07:33:44,cancelled,web
o007794,c00328,SKU0196,2,2480,USD,2026-02-05T06:21:56,completed,marketplace
o007795,c00250,SKU0424,1,2800,USD,2026-04-20T11:32:20,completed,web
o007796,c00728,SKU0452,3,7638,USD,2026-03-10T19:57:35,completed,mobile
o007797,c00838,SKU0174,1,4357,USD,2026-01-14T19:04:54,shipped,web
o007798,c00665,SKU0347,2,2348,USD,2026-03-04T14:57:13,completed,mobile
o007799,c00340,SKU0153,1,2502,USD,2026-04-16T05:57:45,completed,web
o007800,c00888,SKU0099,2,908,USD,2026-03-26T10:04:18,completed,web
o007801,c00849,SKU0442,1,1767,USD,2026-01-24T13:33:28,completed,web
o007802,c00161,SKU0136,1,704,USD,2026-04-10T13:54:07,completed,marketplace
o007803,c00557,SKU0216,2,5212,USD,2025-12-24T13:42:07,completed,mobile
o007804,c00131,SKU0108,3,12057,USD,2026-03-26T16:37:59,refunded,web
o007805,c00780,SKU0022,1,890,USD,2026-02-06T00:53:13,cancelled,web
o007806,c00358,SKU0297,3,3588,USD,2025-12-27T14:29:21,completed,web
o007807,c00540,SKU0061,4,13868,USD,2026-02-23T07:49:18,completed,mobile
o007808,c00568,SKU0311,2,3810,USD,2026-04-07T14:53:09,completed,web
o007809,c00468,SKU0382,1,3074,USD,2026-02-24T14:53:07,shipped,mobile
o007810,c00831,SKU0254,1,1186,USD,2026-03-05T07:29:20,cancelled,web
o007811,c00057,SKU0493,5,4115,USD,2026-04-08T09:45:35,completed,web
o007812,c00564,SKU0307,2,2192,USD,2026-03-29T22:29:26,shipped,mobile
o007813,c00687,SKU0381,4,20256,USD,2026-02-10T05:23:52,completed,web
o007814,c00042,SKU0317,2,11810,USD,2026-03-17T00:20:26,cancelled,web
o007815,c00527,SKU0111,1,2592,USD,2026-03-12T17:56:10,completed,web
o007816,c00670,SKU0171,2,2300,USD,2026-01-24T07:20:48,completed,web
o007817,c00992,SKU0450,1,4667,USD,2026-01-30T04:39:38,refunded,web
o007818,c00347,SKU0416,1,456,USD,2025-12-08T09:56:47,cancelled,mobile
o007819,c00250,SKU0340,1,3462,USD,2026-04-06T12:11:46,refunded,web
o007820,c00950,SKU0203,2,7236,USD,2025-12-30T10:18:36,completed,marketplace
o007821,c00735,SKU0058,1,3744,USD,2026-05-01T07:15:25,refunded,web
o007822,c00184,SKU0412,1,1429,USD,2026-03-25T01:04:13,completed,web
o007823,c00534,SKU0268,1,1657,USD,2026-02-24T08:17:03,completed,web
o007824,c00446,SKU0253,2,2042,USD,2026-02-06T13:04:16,refunded,web
o007825,c00851,SKU0186,1,2725,USD,2026-04-13T00:56:46,cancelled,web
o007826,c00956,SKU0348,1,3302,USD,2026-01-19T13:36:31,completed,mobile
o007827,c00448,SKU0352,1,2939,USD,2026-03-23T11:21:48,completed,web
o007828,c00052,SKU0433,2,6068,USD,2025-12-08T03:03:52,completed,web
o007829,c00863,SKU0260,1,1278,USD,2025-12-31T13:31:04,refunded,web
o007830,c00331,SKU0107,1,1345,USD,2026-04-02T02:21:34,completed,mobile
o007831,c00880,SKU0291,2,3122,USD,2026-04-06T05:58:22,completed,api
o007832,c00549,SKU0473,2,1164,USD,2026-02-06T00:49:38,completed,mobile
o007833,c00562,SKU0091,1,1316,USD,2026-04-18T09:28:24,completed,web
o007834,c00863,SKU0339,1,701,USD,2025-12-23T22:55:16,cancelled,mobile
o007835,c00358,SKU0293,1,3176,USD,2026-04-08T09:33:54,cancelled,mobile
o007836,c00254,SKU0479,2,7216,USD,2025-12-31T15:55:38,cancelled,web
o007837,c00632,SKU0054,2,4344,USD,2026-05-02T09:22:09,cancelled,mobile
o007838,c00338,SKU0129,3,4515,USD,2025-12-09T17:38:59,cancelled,mobile
o007839,c00929,SKU0141,2,9300,USD,2026-02-08T11:14:40,completed,mobile
o007840,c00741,SKU0313,1,3012,USD,2026-03-24T03:45:11,shipped,mobile
o007841,c00962,SKU0046,3,2514,USD,2026-03-11T18:11:28,cancelled,web
o007842,c00727,SKU0013,2,9568,USD,2026-04-23T03:54:08,completed,web
o007843,c00758,SKU0377,3,4620,USD,2025-12-19T21:07:24,completed,web
o007844,c00529,SKU0259,5,9915,USD,2026-04-27T02:41:26,completed,mobile
o007845,c00047,SKU0269,1,601,USD,2026-03-14T21:03:57,cancelled,api
o007846,c00829,SKU0118,1,1789,USD,2026-04-18T23:27:09,completed,web
o007847,c00562,SKU0206,1,906,USD,2026-03-12T15:14:48,completed,api
o007848,c00246,SKU0016,1,701,USD,2026-05-01T05:16:13,completed,mobile
o007849,c00751,SKU0160,1,1091,USD,2026-05-03T18:30:24,completed,mobile
o007850,c00218,SKU0341,2,2756,USD,2025-12-30T07:29:17,refunded,marketplace
o007851,c00954,SKU0330,1,2419,USD,2026-04-23T04:25:26,refunded,web
o007852,c00773,SKU0451,2,4698,USD,2026-05-05T21:22:01,completed,web
o007853,c00352,SKU0235,1,245,USD,2025-12-18T11:42:12,refunded,web
o007854,c00523,SKU0134,1,2059,USD,2026-01-17T04:52:37,completed,web
o007855,c00427,SKU0298,2,1754,USD,2026-01-09T12:52:09,completed,web
o007856,c00826,SKU0060,1,4175,USD,2026-02-12T03:55:10,completed,web
o007857,c00834,SKU0374,1,1350,USD,2026-03-16T03:16:34,cancelled,mobile
o007858,c00735,SKU0275,1,1309,USD,2025-12-21T09:56:00,completed,web
o007859,c00138,SKU0102,1,2017,USD,2026-05-06T04:44:16,refunded,web
o007860,c00457,SKU0208,2,2518,USD,2026-02-15T02:48:47,completed,mobile
o007861,c00146,SKU0105,1,1467,USD,2026-03-27T10:01:46,shipped,mobile
o007862,c00975,SKU0282,3,3441,USD,2026-04-03T10:25:37,cancelled,web
o007863,c00833,SKU0240,1,1745,USD,2026-04-01T22:46:07,completed,marketplace
o007864,c00182,SKU0069,2,7962,USD,2026-03-21T04:32:35,completed,mobile
o007865,c00373,SKU0440,1,2439,USD,2026-04-24T13:17:21,cancelled,mobile
o007866,c00169,SKU0053,1,1804,USD,2026-05-10T09:43:31,completed,web
o007867,c00234,SKU0054,1,2172,USD,2026-02-20T07:31:53,completed,mobile
o007868,c00371,SKU0099,1,454,USD,2026-02-27T09:18:43,cancelled,mobile
o007869,c00338,SKU0373,1,782,USD,2026-01-29T07:16:19,completed,web
o007870,c00372,SKU0190,3,5796,USD,2026-03-06T11:12:51,refunded,web
o007871,c00565,SKU0033,1,981,USD,2026-05-13T13:45:52,refunded,web
o007872,c00439,SKU0443,4,3892,USD,2026-01-15T08:40:06,completed,web
o007873,c00756,SKU0369,2,7172,USD,2026-04-30T22:22:28,shipped,mobile
o007874,c00848,SKU0413,2,11082,USD,2026-02-26T03:06:37,completed,marketplace
o007875,c00771,SKU0282,1,1147,USD,2026-04-19T07:23:32,completed,web
o007876,c00370,SKU0407,1,2009,USD,2026-01-02T10:40:29,completed,mobile
o007877,c00937,SKU0391,1,6259,USD,2026-05-12T12:30:42,completed,marketplace
o007878,c00046,SKU0467,1,1461,USD,2026-01-24T15:17:00,shipped,mobile
o007879,c00350,SKU0051,2,760,USD,2026-03-15T10:43:15,completed,web
o007880,c00257,SKU0138,2,3640,USD,2026-03-20T18:29:26,cancelled,web
o007881,c00854,SKU0287,2,1482,USD,2026-03-04T12:29:28,completed,mobile
o007882,c00041,SKU0451,5,11745,USD,2026-04-18T07:23:58,refunded,web
o007883,c00642,SKU0239,1,1011,USD,2026-04-27T20:34:33,refunded,web
o007884,c00040,SKU0046,1,838,USD,2026-01-05T12:04:01,completed,web
o007885,c00565,SKU0226,1,1523,USD,2026-04-13T07:33:08,completed,web
o007886,c00271,SKU0400,2,3562,USD,2026-04-01T20:21:06,shipped,web
o007887,c00336,SKU0433,2,6068,USD,2026-03-10T16:22:51,completed,web
o007888,c00342,SKU0256,1,1479,USD,2026-04-05T11:25:18,completed,web
o007889,c00344,SKU0438,1,1785,USD,2026-05-01T14:45:15,completed,web
o007890,c00756,SKU0375,4,11716,USD,2026-02-24T14:22:32,completed,marketplace
o007891,c00237,SKU0410,4,5668,USD,2026-05-02T18:01:26,completed,web
o007892,c00160,SKU0123,1,3451,USD,2025-12-31T02:50:20,completed,mobile
o007893,c00057,SKU0399,1,2588,USD,2026-01-27T02:22:46,completed,web
o007894,c00565,SKU0233,1,2573,USD,2026-01-30T03:07:11,refunded,mobile
o007895,c00557,SKU0210,1,2346,USD,2026-01-25T10:51:18,completed,web
o007896,c00951,SKU0181,2,1790,USD,2026-03-04T14:50:06,refunded,mobile
o007897,c00144,SKU0136,1,704,USD,2026-01-24T17:51:41,completed,marketplace
o007898,c00151,SKU0048,3,3801,USD,2026-03-25T09:07:37,cancelled,web
o007899,c00151,SKU0482,2,2074,USD,2026-03-27T08:08:38,cancelled,mobile
o007900,c00869,SKU0493,4,3292,USD,2026-03-10T00:57:11,shipped,mobile
o007901,c00882,SKU0144,1,471,USD,2026-04-13T00:59:54,completed,web
o007902,c00060,SKU0317,2,11810,USD,2026-04-26T13:18:55,shipped,marketplace
o007903,c00560,SKU0154,3,5235,USD,2026-04-14T03:57:52,completed,marketplace
o007904,c00365,SKU0313,4,12048,USD,2026-01-08T08:56:12,refunded,web
o007905,c00481,SKU0382,1,3074,USD,2026-02-22T16:14:39,refunded,mobile
o007906,c00639,SKU0028,1,1141,USD,2026-04-01T17:28:26,refunded,mobile
o007907,c00936,SKU0258,2,2732,USD,2026-02-01T22:26:20,completed,web
o007908,c00039,SKU0348,2,6604,USD,2026-01-22T11:51:45,completed,marketplace
o007909,c00236,SKU0090,1,610,USD,2026-02-28T10:27:35,completed,mobile
o007910,c00865,SKU0257,2,11128,USD,2026-04-03T08:35:58,cancelled,mobile
o007911,c00581,SKU0471,3,2388,USD,2026-03-04T15:46:08,cancelled,web
o007912,c00065,SKU0498,1,2150,USD,2026-04-12T20:42:55,completed,mobile
o007913,c00747,SKU0249,1,12261,USD,2026-03-14T13:12:46,cancelled,web
o007914,c00446,SKU0228,2,2284,USD,2026-03-19T06:20:38,completed,marketplace
o007915,c00824,SKU0179,1,5543,USD,2026-01-30T05:47:49,completed,api
o007916,c00140,SKU0429,1,428,USD,2026-01-06T04:47:58,completed,web
o007917,c00716,SKU0368,2,2846,USD,2026-02-13T15:56:50,shipped,web
o007918,c00233,SKU0093,1,554,USD,2026-03-12T14:35:54,refunded,web
o007919,c00845,SKU0190,3,5796,USD,2025-12-25T08:25:04,completed,web
o007920,c00166,SKU0387,1,671,USD,2026-02-25T08:38:01,completed,web
o007921,c00378,SKU0108,3,12057,USD,2026-04-22T12:21:58,completed,marketplace
o007922,c00818,SKU0127,1,3539,USD,2026-04-14T12:42:44,completed,web
o007923,c00073,SKU0338,2,6992,USD,2026-04-23T18:40:22,cancelled,mobile
o007924,c00740,SKU0280,1,1202,USD,2026-03-16T18:16:19,cancelled,marketplace
o007925,c00352,SKU0450,1,4667,USD,2026-04-22T15:19:04,cancelled,web
o007926,c00675,SKU0031,1,1331,USD,2026-03-28T03:47:19,completed,web
o007927,c00651,SKU0338,1,3496,USD,2026-04-13T05:37:55,shipped,mobile
o007928,c00843,SKU0082,1,769,USD,2026-04-07T22:27:15,cancelled,mobile
o007929,c00661,SKU0185,1,2209,USD,2026-05-08T18:43:36,completed,web
o007930,c00051,SKU0233,2,5146,USD,2026-02-20T12:24:13,completed,mobile
o007931,c00439,SKU0493,1,823,USD,2026-02-26T01:01:15,completed,web
o007932,c00033,SKU0052,1,2897,USD,2026-03-28T00:35:33,completed,web
o007933,c00043,SKU0237,1,2864,USD,2026-03-18T20:37:24,cancelled,marketplace
o007934,c00779,SKU0003,2,1162,USD,2026-02-02T00:45:26,cancelled,mobile
o007935,c00974,SKU0477,1,874,USD,2026-03-25T11:08:41,shipped,web
o007936,c00638,SKU0037,1,1890,USD,2026-02-27T03:37:02,completed,web
o007937,c00265,SKU0461,1,3114,USD,2026-04-07T12:42:56,completed,mobile
o007938,c00138,SKU0386,4,7632,USD,2026-02-22T00:11:47,completed,mobile
o007939,c00442,SKU0348,1,3302,USD,2026-01-11T00:14:41,completed,mobile
o007940,c00850,SKU0311,3,5715,USD,2026-03-12T07:22:34,completed,mobile
o007941,c00673,SKU0060,1,4175,USD,2026-03-28T18:47:08,cancelled,web
o007942,c00430,SKU0453,1,2197,USD,2026-02-08T19:23:32,cancelled,web
o007943,c00161,SKU0444,1,858,USD,2026-02-20T02:40:34,shipped,web
o007944,c00135,SKU0499,3,5508,USD,2026-03-12T15:00:33,shipped,mobile
o007945,c00626,SKU0269,1,601,USD,2026-04-03T09:11:11,shipped,web
o007946,c00766,SKU0346,5,2865,USD,2026-04-01T16:03:16,completed,mobile
o007947,c00452,SKU0313,2,6024,USD,2026-02-22T21:38:50,completed,web
o007948,c00052,SKU0175,1,1402,USD,2025-12-14T22:20:25,completed,mobile
o007949,c00740,SKU0214,2,3810,USD,2026-03-05T16:07:51,cancelled,web
o007950,c00054,SKU0416,1,456,USD,2025-12-18T01:47:02,cancelled,marketplace
o007951,c00167,SKU0233,1,2573,USD,2026-03-18T13:40:36,completed,web
o007952,c00281,SKU0347,4,4696,USD,2026-01-21T02:15:52,shipped,mobile
o007953,c00750,SKU0375,2,5858,USD,2026-01-07T04:42:14,completed,marketplace
o007954,c00258,SKU0351,3,7377,USD,2026-04-20T00:28:08,completed,web
o007955,c00947,SKU0358,2,9778,USD,2026-03-21T05:40:04,completed,web
o007956,c00336,SKU0237,1,2864,USD,2026-01-09T06:14:49,completed,mobile
o007957,c00663,SKU0040,4,2788,USD,2026-01-19T07:10:27,cancelled,web
o007958,c00353,SKU0141,4,18600,USD,2026-03-14T07:41:32,cancelled,web
o007959,c00756,SKU0459,1,2078,USD,2026-02-26T17:46:26,cancelled,web
o007960,c00699,SKU0057,1,518,USD,2026-01-03T12:38:41,completed,api
o007961,c00670,SKU0059,3,3630,USD,2026-04-12T23:02:02,cancelled,mobile
o007962,c00849,SKU0476,1,1551,USD,2026-05-02T20:12:28,shipped,web
o007963,c00629,SKU0412,1,1429,USD,2026-05-03T15:59:10,refunded,mobile
o007964,c00238,SKU0176,2,4328,USD,2026-01-20T00:05:10,completed,web
o007965,c00256,SKU0141,1,4650,USD,2026-03-28T12:07:32,completed,web
o007966,c00230,SKU0155,1,683,USD,2026-03-26T10:56:49,completed,mobile
o007967,c00742,SKU0237,1,2864,USD,2026-03-29T21:53:02,shipped,marketplace
o007968,c00883,SKU0341,1,1378,USD,2026-03-20T06:39:27,completed,api
o007969,c00272,SKU0258,1,1366,USD,2025-12-03T14:01:51,shipped,mobile
o007970,c00941,SKU0167,1,1826,USD,2025-12-13T11:31:03,completed,web
o007971,c00354,SKU0280,2,2404,USD,2026-02-04T13:40:39,completed,marketplace
o007972,c00534,SKU0332,1,3736,USD,2026-02-17T18:58:17,cancelled,web
o007973,c00663,SKU0402,1,2854,USD,2026-02-14T16:27:56,cancelled,web
o007974,c00747,SKU0244,2,16720,USD,2026-05-03T15:13:24,refunded,web
o007975,c00274,SKU0241,1,770,USD,2026-04-23T07:39:06,completed,web
o007976,c00898,SKU0377,1,1540,USD,2026-03-30T10:57:29,completed,mobile
o007977,c00550,SKU0118,1,1789,USD,2026-02-15T15:04:17,completed,web
o007978,c00653,SKU0100,2,2862,USD,2026-04-13T16:41:50,refunded,api
o007979,c00377,SKU0114,4,11836,USD,2026-01-07T21:36:44,cancelled,web
o007980,c00943,SKU0489,2,4716,USD,2026-04-01T04:18:38,refunded,mobile
o007981,c00162,SKU0265,2,4546,USD,2026-04-23T00:35:35,cancelled,api
o007982,c00617,SKU0166,1,1353,USD,2026-02-14T07:09:43,completed,mobile
o007983,c00657,SKU0416,2,912,USD,2026-03-28T11:47:27,completed,web
o007984,c00756,SKU0286,1,2547,USD,2026-04-20T09:54:00,shipped,web
o007985,c00333,SKU0023,1,2615,USD,2025-12-22T10:06:45,shipped,mobile
o007986,c00753,SKU0143,1,1386,USD,2026-04-09T17:24:26,completed,web
o007987,c00560,SKU0456,1,1758,USD,2026-02-22T21:47:33,cancelled,web
o007988,c00454,SKU0178,3,7377,USD,2026-03-09T12:39:31,cancelled,web
o007989,c00750,SKU0411,1,4422,USD,2026-01-23T08:09:44,completed,web
o007990,c00687,SKU0289,1,1029,USD,2026-01-31T18:15:58,shipped,web
o007991,c00185,SKU0272,3,4707,USD,2026-02-22T20:30:11,completed,mobile
o007992,c00831,SKU0371,1,2100,USD,2026-02-25T07:59:42,completed,api
o007993,c00633,SKU0285,2,2738,USD,2026-03-15T11:31:12,completed,mobile
o007994,c00463,SKU0136,1,704,USD,2026-03-03T11:48:03,completed,web
o007995,c00974,SKU0106,1,4932,USD,2026-02-08T05:47:15,cancelled,web
o007996,c00949,SKU0212,1,1375,USD,2025-12-11T20:21:30,completed,marketplace
o007997,c00851,SKU0249,1,12261,USD,2026-04-06T21:16:08,shipped,web
o007998,c00842,SKU0023,1,2615,USD,2026-02-13T12:17:38,refunded,mobile
o007999,c00321,SKU0186,2,5450,USD,2026-03-11T14:21:11,refunded,web
o008000,c00848,SKU0237,1,2864,USD,2026-03-06T04:26:32,completed,mobile
o008001,c00142,SKU0279,4,2364,USD,2026-03-10T08:39:10,completed,web
o008002,c00229,SKU0426,2,1736,USD,2026-03-18T00:47:53,completed,mobile
o008003,c00643,SKU0312,2,2634,USD,2026-03-18T05:02:59,refunded,web
o008004,c00833,SKU0194,1,1743,USD,2026-03-23T13:01:09,completed,web
o008005,c00733,SKU0118,2,3578,USD,2026-05-01T21:11:42,completed,web
o008006,c00347,SKU0261,1,956,USD,2026-03-14T03:04:18,completed,mobile
o008007,c00406,SKU0275,1,1309,USD,2026-04-10T22:46:34,completed,web
o008008,c00940,SKU0180,1,2228,USD,2026-04-17T12:39:01,completed,web
o008009,c00658,SKU0335,1,1527,USD,2025-12-11T15:07:06,refunded,mobile
o008010,c00079,SKU0487,1,4417,USD,2026-04-07T22:30:01,completed,mobile
o008011,c00836,SKU0256,2,2958,USD,2026-02-03T20:49:21,completed,mobile
o008012,c00338,SKU0476,1,1551,USD,2026-01-31T03:35:20,cancelled,mobile
o008013,c00909,SKU0489,1,2358,USD,2026-03-21T01:13:21,refunded,web
o008014,c00432,SKU0170,2,3822,USD,2026-03-25T04:26:17,cancelled,mobile
o008015,c00478,SKU0317,1,5905,USD,2026-02-12T02:02:53,refunded,web
o008016,c00766,SKU0223,4,15312,USD,2026-01-16T03:03:53,completed,mobile
o008017,c00069,SKU0026,1,1628,USD,2026-03-18T20:11:39,completed,mobile
o008018,c00450,SKU0078,1,919,USD,2026-03-19T10:57:20,refunded,mobile
o008019,c00553,SKU0213,1,2828,USD,2026-02-11T02:34:47,completed,web
o008020,c00822,SKU0102,1,2017,USD,2026-02-23T01:14:39,refunded,web
o008021,c00756,SKU0381,1,5064,USD,2026-01-07T07:26:04,completed,web
o008022,c00952,SKU0021,1,731,USD,2026-01-25T07:32:35,cancelled,web
o008023,c00168,SKU0123,2,6902,USD,2026-03-01T04:17:01,cancelled,mobile
o008024,c00419,SKU0039,2,6624,USD,2025-12-12T20:17:57,completed,mobile
o008025,c00152,SKU0258,1,1366,USD,2026-04-14T07:21:27,completed,web
o008026,c00458,SKU0409,1,3307,USD,2026-03-20T21:55:14,cancelled,web
o008027,c00925,SKU0003,5,2905,USD,2026-03-28T17:46:14,completed,mobile
o008028,c00755,SKU0049,1,1403,USD,2026-04-21T03:52:33,refunded,mobile
o008029,c00654,SKU0238,2,1330,USD,2026-04-22T06:41:41,completed,web
o008030,c00651,SKU0108,1,4019,USD,2026-04-12T20:21:46,completed,web
o008031,c00549,SKU0074,5,3395,USD,2026-02-13T15:52:38,completed,web
o008032,c00235,SKU0493,4,3292,USD,2026-01-21T15:50:58,cancelled,web
o008033,c00676,SKU0427,2,6996,USD,2026-03-03T22:10:52,refunded,web
o008034,c00882,SKU0343,3,6744,USD,2026-02-09T00:29:48,refunded,web
o008035,c00798,SKU0328,1,1502,USD,2026-01-28T22:47:22,completed,web
o008036,c00850,SKU0324,2,1192,USD,2026-01-25T05:20:37,refunded,web
o008037,c00750,SKU0340,1,3462,USD,2026-04-12T20:28:06,completed,web
o008038,c00950,SKU0166,4,5412,USD,2026-02-21T03:04:50,refunded,api
o008039,c00838,SKU0282,3,3441,USD,2026-02-12T06:09:29,completed,web
o008040,c00053,SKU0428,1,1493,USD,2026-04-01T15:07:09,shipped,api
o008041,c00548,SKU0369,2,7172,USD,2026-03-07T16:11:47,completed,web
o008042,c00557,SKU0112,5,5660,USD,2026-04-21T07:02:51,completed,web
o008043,c00943,SKU0490,1,1229,USD,2026-02-07T09:50:10,refunded,marketplace
o008044,c00877,SKU0055,5,6125,USD,2026-01-23T03:23:49,completed,marketplace
o008045,c00069,SKU0382,1,3074,USD,2026-01-13T07:14:22,refunded,web
o008046,c00345,SKU0237,2,5728,USD,2025-12-23T04:07:13,completed,web
o008047,c00780,SKU0098,1,657,USD,2025-12-28T19:55:25,cancelled,mobile
o008048,c00967,SKU0365,1,4993,USD,2026-05-01T15:33:48,cancelled,web
o008049,c00542,SKU0324,1,596,USD,2026-01-27T18:26:13,completed,web
o008050,c00421,SKU0128,1,2793,USD,2026-03-26T12:23:01,completed,web
o008051,c00864,SKU0471,3,2388,USD,2026-03-09T04:19:02,shipped,web
o008052,c00639,SKU0405,1,1089,USD,2026-02-01T02:12:30,completed,web
o008053,c00375,SKU0143,4,5544,USD,2026-02-27T20:07:39,refunded,web
o008054,c00181,SKU0362,1,1740,USD,2026-03-23T12:11:09,completed,mobile
o008055,c00010,SKU0486,4,3728,USD,2025-12-11T19:30:35,completed,web
o008056,c00852,SKU0020,1,6142,USD,2026-02-18T04:00:25,cancelled,web
o008057,c00480,SKU0427,1,3498,USD,2026-04-10T07:20:19,completed,mobile
o008058,c00856,SKU0075,2,1940,USD,2026-04-07T04:15:08,cancelled,mobile
o008059,c00328,SKU0216,1,2606,USD,2026-03-02T14:21:37,completed,mobile
o008060,c00128,SKU0373,4,3128,USD,2026-02-19T07:52:24,completed,web
o008061,c00032,SKU0134,2,4118,USD,2026-01-03T10:27:39,completed,mobile
o008062,c00355,SKU0264,1,3443,USD,2026-03-20T14:18:40,completed,web
o008063,c00941,SKU0201,1,667,USD,2026-02-09T20:30:10,completed,mobile
o008064,c00035,SKU0368,1,1423,USD,2026-05-09T05:02:04,cancelled,mobile
o008065,c00720,SKU0382,2,6148,USD,2025-12-19T12:50:49,cancelled,web
o008066,c00536,SKU0130,1,2599,USD,2026-04-29T09:48:25,refunded,web
o008067,c00645,SKU0121,1,969,USD,2026-05-03T15:43:28,cancelled,web
o008068,c00669,SKU0135,1,2574,USD,2026-02-17T07:02:45,refunded,web
o008069,c00067,SKU0375,4,11716,USD,2026-01-06T07:52:08,completed,mobile
o008070,c00654,SKU0320,1,601,USD,2026-04-14T23:15:33,completed,mobile
o008071,c00879,SKU0123,1,3451,USD,2026-03-11T13:32:55,refunded,api
o008072,c00951,SKU0111,1,2592,USD,2026-04-08T11:37:58,shipped,api
o008073,c00980,SKU0172,1,6055,USD,2026-03-20T15:19:36,completed,web
o008074,c00232,SKU0257,1,5564,USD,2026-01-17T08:24:13,completed,mobile
o008075,c00228,SKU0259,1,1983,USD,2026-04-18T15:10:48,completed,web
o008076,c00955,SKU0124,1,2458,USD,2026-05-01T00:27:12,shipped,mobile
o008077,c00651,SKU0210,1,2346,USD,2026-02-05T15:29:30,cancelled,web
o008078,c00168,SKU0491,1,770,USD,2026-01-16T06:32:38,shipped,mobile
o008079,c00521,SKU0080,2,5344,USD,2026-03-24T04:42:53,shipped,web
o008080,c00737,SKU0481,2,1836,USD,2026-04-09T14:00:18,completed,web
o008081,c00472,SKU0155,1,683,USD,2026-04-27T09:07:45,cancelled,web
o008082,c00546,SKU0305,1,1617,USD,2026-03-24T22:52:26,refunded,web
o008083,c00956,SKU0373,2,1564,USD,2026-04-21T18:01:45,completed,web
o008084,c00940,SKU0073,1,5362,USD,2026-03-10T13:20:34,completed,mobile
o008085,c00363,SKU0366,1,1478,USD,2026-02-02T18:36:52,completed,mobile
o008086,c00425,SKU0009,1,2365,USD,2026-03-24T00:58:22,cancelled,mobile
o008087,c00073,SKU0219,1,2570,USD,2026-02-07T10:54:40,refunded,api
o008088,c00977,SKU0384,2,4352,USD,2026-03-01T01:43:49,completed,api
o008089,c00184,SKU0394,3,2901,USD,2026-02-13T22:30:33,shipped,web
o008090,c00161,SKU0357,2,1250,USD,2026-04-20T06:45:44,completed,mobile
o008091,c00369,SKU0152,2,12866,USD,2026-04-12T02:18:41,completed,marketplace
o008092,c00669,SKU0258,1,1366,USD,2026-02-18T18:04:21,cancelled,web
o008093,c00348,SKU0363,2,4388,USD,2026-03-24T08:08:12,completed,api
o008094,c00437,SKU0175,1,1402,USD,2026-04-16T09:57:41,completed,mobile
o008095,c00751,SKU0346,3,1719,USD,2026-04-16T10:37:01,cancelled,web
o008096,c00060,SKU0388,1,2098,USD,2026-05-05T19:35:37,refunded,mobile
o008097,c00462,SKU0077,2,5754,USD,2026-04-14T11:59:47,refunded,api
o008098,c00446,SKU0145,5,17255,USD,2026-04-12T07:13:00,completed,web
o008099,c00360,SKU0396,2,2386,USD,2026-04-29T03:25:13,completed,web
o008100,c00736,SKU0445,1,2862,USD,2026-04-18T09:31:04,completed,web
o008101,c00156,SKU0398,1,3476,USD,2026-01-30T19:23:51,completed,web
o008102,c00732,SKU0348,1,3302,USD,2026-04-15T22:52:53,completed,web
o008103,c00541,SKU0291,1,1561,USD,2026-03-16T00:37:10,completed,web
o008104,c00842,SKU0256,1,1479,USD,2025-12-14T10:50:47,completed,web
o008105,c00938,SKU0483,2,1372,USD,2026-05-10T04:00:02,completed,marketplace
o008106,c00555,SKU0247,1,1622,USD,2026-02-16T18:48:08,cancelled,web
o008107,c00647,SKU0349,2,2112,USD,2026-02-21T03:16:41,completed,mobile
o008108,c00075,SKU0178,1,2459,USD,2026-03-23T07:33:08,completed,web
o008109,c00461,SKU0059,2,2420,USD,2025-12-10T06:32:09,refunded,web
o008110,c00368,SKU0037,1,1890,USD,2026-01-21T03:14:30,completed,web
o008111,c00061,SKU0200,2,4978,USD,2026-03-29T22:19:10,shipped,web
o008112,c00452,SKU0336,1,634,USD,2026-04-01T10:08:29,completed,web
o008113,c00252,SKU0138,2,3640,USD,2026-01-26T02:08:29,cancelled,mobile
o008114,c00068,SKU0070,1,1351,USD,2026-04-22T19:15:23,shipped,web
o008115,c00539,SKU0096,1,711,USD,2025-12-27T04:26:33,completed,web
o008116,c00863,SKU0098,2,1314,USD,2026-02-05T13:50:23,shipped,web
o008117,c00265,SKU0201,4,2668,USD,2026-04-13T01:47:20,completed,api
o008118,c00038,SKU0453,1,2197,USD,2025-12-07T15:30:34,completed,mobile
o008119,c00776,SKU0494,1,832,USD,2026-03-31T15:01:00,cancelled,web
o008120,c00069,SKU0072,2,1998,USD,2026-03-13T09:19:32,cancelled,web
o008121,c00016,SKU0135,1,2574,USD,2026-04-23T01:31:09,completed,mobile
o008122,c00456,SKU0440,1,2439,USD,2026-04-27T19:08:15,completed,api
o008123,c00167,SKU0307,1,1096,USD,2026-04-21T19:59:06,completed,web
o008124,c00041,SKU0282,2,2294,USD,2026-04-10T07:12:38,completed,mobile
o008125,c00355,SKU0137,2,3544,USD,2026-02-14T17:03:49,completed,web
o008126,c00464,SKU0133,2,4510,USD,2026-03-11T09:04:58,shipped,web
o008127,c00270,SKU0355,2,2194,USD,2026-01-01T03:50:55,completed,web
o008128,c00543,SKU0212,2,2750,USD,2026-01-22T05:42:25,refunded,web
o008129,c00748,SKU0066,2,5250,USD,2026-02-25T14:15:54,completed,web
o008130,c00886,SKU0171,1,1150,USD,2026-03-15T16:38:36,completed,web
o008131,c00954,SKU0423,1,3461,USD,2026-02-12T08:05:54,refunded,web
o008132,c00057,SKU0142,1,1177,USD,2026-03-23T01:47:31,completed,marketplace
o008133,c00062,SKU0172,4,24220,USD,2026-04-08T21:03:26,refunded,mobile
o008134,c00984,SKU0328,3,4506,USD,2026-02-26T06:10:08,completed,web
o008135,c00850,SKU0219,2,5140,USD,2026-03-06T08:11:40,cancelled,web
o008136,c00750,SKU0240,2,3490,USD,2026-03-30T13:46:32,refunded,web
o008137,c00249,SKU0458,2,2314,USD,2026-03-12T08:36:44,cancelled,web
o008138,c00731,SKU0390,2,3662,USD,2026-01-11T13:50:46,cancelled,web
o008139,c00961,SKU0018,1,1937,USD,2026-02-20T11:47:20,completed,web
o008140,c00184,SKU0167,1,1826,USD,2026-02-05T22:37:38,completed,web
o008141,c00731,SKU0331,1,1453,USD,2026-04-05T13:33:14,completed,web
o008142,c00758,SKU0006,1,1173,USD,2026-03-29T03:39:02,cancelled,web
o008143,c00258,SKU0188,3,5007,USD,2026-01-10T18:51:27,completed,web
o008144,c00655,SKU0290,1,1927,USD,2026-03-13T05:06:38,cancelled,mobile
o008145,c00657,SKU0220,1,1024,USD,2026-03-09T11:54:33,shipped,web
o008146,c00775,SKU0342,4,2372,USD,2026-01-27T17:17:09,completed,web
o008147,c00139,SKU0188,3,5007,USD,2026-01-25T10:00:25,cancelled,mobile
o008148,c00131,SKU0056,1,770,USD,2026-05-04T07:26:08,completed,mobile
o008149,c00921,SKU0500,2,3282,USD,2026-04-20T15:56:21,refunded,web
o008150,c00026,SKU0084,1,786,USD,2026-03-21T01:13:27,completed,mobile
o008151,c00374,SKU0139,1,965,USD,2026-03-31T02:38:00,completed,web
o008152,c00843,SKU0094,1,956,USD,2026-03-09T04:21:17,completed,web
o008153,c00238,SKU0141,1,4650,USD,2026-05-06T22:11:45,completed,web
o008154,c00180,SKU0252,2,1196,USD,2026-02-27T01:26:06,completed,web
o008155,c00673,SKU0240,2,3490,USD,2026-03-23T20:59:25,completed,web
o008156,c00963,SKU0078,1,919,USD,2026-04-12T15:50:26,cancelled,mobile
o008157,c00616,SKU0173,2,1424,USD,2025-12-09T15:41:18,completed,web
o008158,c00560,SKU0098,1,657,USD,2026-04-09T17:35:15,completed,api
o008159,c00257,SKU0156,3,2013,USD,2026-04-10T12:01:30,cancelled,mobile
o008160,c00480,SKU0346,1,573,USD,2025-12-05T16:23:23,refunded,mobile
o008161,c00436,SKU0076,2,2094,USD,2026-05-10T17:50:42,cancelled,marketplace
o008162,c00938,SKU0281,2,3410,USD,2026-04-05T19:20:59,cancelled,web
o008163,c00871,SKU0012,2,1082,USD,2026-04-07T00:46:54,cancelled,mobile
o008164,c00164,SKU0113,1,1210,USD,2026-01-11T18:37:07,completed,mobile
o008165,c00426,SKU0277,3,4971,USD,2025-12-06T17:01:13,completed,mobile
o008166,c00985,SKU0196,1,1240,USD,2026-04-08T23:20:03,cancelled,web
o008167,c00156,SKU0073,3,16086,USD,2025-12-26T05:01:50,cancelled,web
o008168,c00140,SKU0499,2,3672,USD,2026-02-24T19:12:05,completed,web
o008169,c00887,SKU0012,1,541,USD,2026-03-04T23:31:07,refunded,mobile
o008170,c00739,SKU0251,1,2725,USD,2026-04-11T19:37:00,refunded,web
o008171,c00331,SKU0164,1,2416,USD,2026-05-02T05:30:21,completed,web
o008172,c00851,SKU0151,1,3420,USD,2026-04-20T16:20:13,cancelled,web
o008173,c00856,SKU0058,2,7488,USD,2026-04-23T00:00:23,completed,web
o008174,c00481,SKU0326,1,1576,USD,2026-04-19T02:11:07,completed,mobile
o008175,c00318,SKU0343,1,2248,USD,2026-03-01T09:55:29,completed,web
o008176,c00271,SKU0421,1,558,USD,2026-04-19T08:04:06,cancelled,mobile
o008177,c00947,SKU0251,1,2725,USD,2026-01-07T20:48:48,cancelled,web
o008178,c00450,SKU0340,1,3462,USD,2026-01-04T15:24:14,completed,web
o008179,c00532,SKU0292,1,1752,USD,2026-04-16T23:20:45,completed,marketplace
o008180,c00825,SKU0158,1,902,USD,2026-04-10T21:42:36,completed,web
o008181,c00463,SKU0091,1,1316,USD,2026-04-10T04:38:14,completed,web
o008182,c00972,SKU0468,2,1476,USD,2026-02-08T17:43:31,cancelled,mobile
o008183,c00236,SKU0163,1,727,USD,2026-02-20T16:10:52,cancelled,mobile
o008184,c00964,SKU0371,1,2100,USD,2026-04-21T17:37:26,completed,web
o008185,c00860,SKU0046,1,838,USD,2026-04-24T16:49:25,completed,marketplace
o008186,c00049,SKU0316,1,1284,USD,2026-03-28T03:33:32,cancelled,web
o008187,c00556,SKU0130,1,2599,USD,2026-01-24T20:19:23,completed,web
o008188,c00236,SKU0303,4,3652,USD,2026-04-07T11:21:48,completed,mobile
o008189,c00221,SKU0223,4,15312,USD,2026-03-14T12:03:48,completed,web
o008190,c00571,SKU0042,2,4960,USD,2026-02-25T01:20:03,completed,web
o008191,c00417,SKU0429,1,428,USD,2026-02-19T16:55:53,completed,mobile
o008192,c00854,SKU0182,1,1302,USD,2026-03-20T12:59:12,cancelled,web
o008193,c00744,SKU0459,2,4156,USD,2026-03-09T22:40:26,completed,marketplace
o008194,c00455,SKU0337,1,533,USD,2026-02-24T14:18:22,cancelled,mobile
o008195,c00445,SKU0409,3,9921,USD,2026-02-26T17:50:42,refunded,web
o008196,c00551,SKU0089,1,1836,USD,2026-03-05T01:33:17,completed,web
o008197,c00269,SKU0291,2,3122,USD,2026-04-06T03:46:15,refunded,web
o008198,c00425,SKU0395,1,2169,USD,2026-03-13T04:47:26,completed,web
o008199,c00254,SKU0122,1,531,USD,2026-03-28T04:26:49,refunded,web
o008200,c00758,SKU0116,1,2671,USD,2026-02-14T20:29:50,shipped,web
o008201,c00132,SKU0447,3,15477,USD,2026-01-28T07:37:58,refunded,web
o008202,c00429,SKU0250,1,1834,USD,2026-04-14T02:27:34,cancelled,web
o008203,c00882,SKU0429,1,428,USD,2026-04-21T11:43:18,completed,api
o008204,c00182,SKU0173,3,2136,USD,2026-01-11T14:15:03,refunded,mobile
o008205,c00466,SKU0132,4,12700,USD,2026-04-06T19:13:55,refunded,marketplace
o008206,c00245,SKU0247,1,1622,USD,2026-03-26T14:27:37,shipped,web
o008207,c00833,SKU0168,3,5427,USD,2025-12-19T22:41:23,completed,web
o008208,c00571,SKU0136,1,704,USD,2026-03-04T09:39:38,completed,web
o008209,c00869,SKU0252,3,1794,USD,2026-01-29T15:09:48,refunded,web
o008210,c00631,SKU0107,1,1345,USD,2026-04-22T15:23:33,shipped,mobile
o008211,c00432,SKU0471,1,796,USD,2026-04-28T19:10:35,refunded,web
o008212,c00724,SKU0059,2,2420,USD,2026-03-28T22:05:12,refunded,web
o008213,c00441,SKU0348,1,3302,USD,2026-04-19T00:25:24,completed,mobile
o008214,c00255,SKU0012,1,541,USD,2026-04-08T17:15:04,refunded,mobile
o008215,c00863,SKU0182,1,1302,USD,2026-04-06T08:44:17,refunded,mobile
o008216,c00677,SKU0061,5,17335,USD,2026-03-26T10:38:01,completed,web
o008217,c00971,SKU0432,2,8740,USD,2026-02-02T07:52:51,shipped,mobile
o008218,c00282,SKU0283,2,3050,USD,2025-12-05T13:51:20,cancelled,mobile
o008219,c00943,SKU0143,1,1386,USD,2026-03-29T00:45:03,completed,web
o008220,c00266,SKU0305,4,6468,USD,2026-04-19T14:51:32,refunded,web
o008221,c00967,SKU0332,3,11208,USD,2026-02-10T14:49:25,completed,web
o008222,c00051,SKU0486,2,1864,USD,2026-04-20T09:58:01,completed,web
o008223,c00851,SKU0186,2,5450,USD,2026-05-08T00:57:52,refunded,web
o008224,c00852,SKU0491,1,770,USD,2026-04-20T11:14:14,completed,mobile
o008225,c00149,SKU0272,3,4707,USD,2026-02-14T16:20:59,shipped,web
o008226,c00053,SKU0002,1,1981,USD,2026-04-16T07:02:38,refunded,mobile
o008227,c00156,SKU0156,1,671,USD,2026-04-08T17:24:34,shipped,web
o008228,c00069,SKU0237,1,2864,USD,2026-03-24T02:14:38,completed,mobile
o008229,c00540,SKU0456,3,5274,USD,2025-12-27T17:15:05,completed,web
o008230,c00937,SKU0068,1,782,USD,2026-02-24T13:03:30,shipped,web
o008231,c00861,SKU0300,2,22456,USD,2026-01-03T17:21:42,cancelled,mobile
o008232,c00158,SKU0158,1,902,USD,2026-03-02T01:57:15,completed,web
o008233,c00564,SKU0261,2,1912,USD,2026-02-04T15:59:08,completed,web
o008234,c00951,SKU0078,2,1838,USD,2026-01-24T18:54:31,refunded,mobile
o008235,c00172,SKU0039,4,13248,USD,2026-01-16T01:06:25,shipped,web
o008236,c00662,SKU0096,2,1422,USD,2026-04-16T06:39:01,refunded,web
o008237,c00171,SKU0051,1,380,USD,2026-03-11T06:03:32,completed,mobile
o008238,c00647,SKU0205,2,3660,USD,2026-01-22T10:32:13,completed,web
o008239,c00353,SKU0493,1,823,USD,2026-02-05T00:48:26,cancelled,mobile
o008240,c00167,SKU0096,2,1422,USD,2026-02-07T21:39:15,refunded,mobile
o008241,c00669,SKU0498,1,2150,USD,2026-02-21T15:23:12,shipped,api
o008242,c00748,SKU0087,1,3000,USD,2026-02-11T15:41:02,completed,web
o008243,c00062,SKU0451,1,2349,USD,2026-04-16T17:53:02,completed,web
o008244,c00935,SKU0010,1,1092,USD,2026-02-06T19:24:18,shipped,web
o008245,c00454,SKU0437,1,458,USD,2026-04-15T08:30:30,completed,web
o008246,c00178,SKU0012,1,541,USD,2026-04-06T03:30:43,completed,mobile
o008247,c00654,SKU0043,1,2980,USD,2026-01-09T12:31:22,completed,web
o008248,c00743,SKU0237,1,2864,USD,2026-02-28T03:41:14,refunded,web
o008249,c00138,SKU0230,4,5600,USD,2026-05-04T02:29:32,refunded,web
o008250,c00858,SKU0106,1,4932,USD,2026-05-14T14:10:00,completed,mobile
o008251,c00579,SKU0007,1,619,USD,2026-03-23T04:44:34,shipped,mobile
o008252,c00453,SKU0354,1,2674,USD,2026-02-08T10:31:44,completed,mobile
o008253,c00363,SKU0133,2,4510,USD,2026-02-12T00:54:58,completed,web
o008254,c00558,SKU0341,1,1378,USD,2026-01-28T22:50:10,shipped,web
o008255,c00532,SKU0210,1,2346,USD,2026-04-15T08:48:32,completed,api
o008256,c00449,SKU0156,3,2013,USD,2026-01-27T10:30:43,shipped,web
o008257,c00139,SKU0282,1,1147,USD,2026-05-04T09:58:07,completed,mobile
o008258,c00331,SKU0203,5,18090,USD,2026-04-08T22:28:28,completed,web
o008259,c00040,SKU0287,1,741,USD,2026-04-01T06:08:25,completed,web
o008260,c00066,SKU0355,1,1097,USD,2026-05-04T02:30:38,cancelled,web
o008261,c00614,SKU0304,2,4296,USD,2026-01-28T08:37:39,completed,web
o008262,c00659,SKU0174,1,4357,USD,2026-01-19T09:16:05,completed,mobile
o008263,c00469,SKU0287,4,2964,USD,2026-04-29T18:58:49,completed,web
o008264,c00337,SKU0364,1,855,USD,2026-04-15T08:54:05,completed,mobile
o008265,c00460,SKU0135,2,5148,USD,2026-01-27T08:25:26,refunded,mobile
o008266,c00071,SKU0499,1,1836,USD,2025-12-19T16:07:49,cancelled,web
o008267,c00482,SKU0036,1,1224,USD,2026-05-08T04:07:43,completed,web
o008268,c00137,SKU0461,1,3114,USD,2026-04-29T00:23:43,completed,marketplace
o008269,c00152,SKU0121,1,969,USD,2026-02-07T13:25:45,completed,web
o008270,c00784,SKU0292,1,1752,USD,2025-12-29T04:04:45,shipped,mobile
o008271,c00033,SKU0357,3,1875,USD,2026-02-17T10:42:56,refunded,web
o008272,c00857,SKU0315,5,13740,USD,2026-04-13T20:49:58,cancelled,api
o008273,c00041,SKU0092,1,924,USD,2026-02-12T02:40:15,shipped,web
o008274,c00452,SKU0353,3,5169,USD,2026-02-16T03:35:23,completed,mobile
o008275,c00437,SKU0084,3,2358,USD,2026-04-25T04:18:22,refunded,mobile
o008276,c00438,SKU0264,2,6886,USD,2026-01-03T15:34:39,completed,mobile
o008277,c00842,SKU0126,2,6528,USD,2026-02-28T07:21:44,completed,marketplace
o008278,c00631,SKU0265,3,6819,USD,2026-03-20T05:27:51,shipped,marketplace
o008279,c00756,SKU0183,3,3258,USD,2026-02-14T14:23:32,completed,web
o008280,c00464,SKU0159,1,1000,USD,2026-02-25T09:47:23,cancelled,web
o008281,c00842,SKU0140,1,2907,USD,2026-04-18T15:07:12,completed,marketplace
o008282,c00624,SKU0211,2,2104,USD,2025-12-02T13:11:04,completed,web
o008283,c00062,SKU0160,4,4364,USD,2026-01-11T12:50:10,cancelled,web
o008284,c00742,SKU0139,1,965,USD,2026-03-06T06:23:44,completed,web
o008285,c00450,SKU0324,1,596,USD,2026-01-01T04:57:16,shipped,web
o008286,c00557,SKU0386,4,7632,USD,2026-01-24T02:48:31,cancelled,web
o008287,c00452,SKU0003,1,581,USD,2026-03-28T07:08:14,completed,web
o008288,c00137,SKU0026,1,1628,USD,2026-03-23T03:44:37,completed,web
o008289,c00673,SKU0164,1,2416,USD,2026-04-26T19:30:31,refunded,web
o008290,c00061,SKU0097,1,4465,USD,2026-04-20T03:17:49,refunded,web
o008291,c00369,SKU0365,1,4993,USD,2026-01-16T22:03:53,completed,web
o008292,c00362,SKU0321,2,2106,USD,2026-03-10T22:43:34,completed,mobile
o008293,c00428,SKU0333,1,1813,USD,2026-04-13T02:32:16,completed,mobile
o008294,c00646,SKU0040,1,697,USD,2026-04-21T03:04:45,completed,web
o008295,c00853,SKU0012,1,541,USD,2026-02-17T02:46:37,completed,mobile
o008296,c00470,SKU0006,1,1173,USD,2026-01-08T09:04:23,completed,web
o008297,c00655,SKU0450,2,9334,USD,2026-01-30T06:20:18,cancelled,marketplace
o008298,c00043,SKU0492,1,1008,USD,2026-01-29T00:00:03,completed,web
o008299,c00154,SKU0265,1,2273,USD,2026-02-15T23:46:35,refunded,mobile
o008300,c00840,SKU0008,3,7824,USD,2026-05-01T14:28:17,completed,mobile
o008301,c00939,SKU0438,2,3570,USD,2026-04-26T14:44:11,completed,mobile
o008302,c00620,SKU0396,1,1193,USD,2026-03-17T02:13:54,completed,web
o008303,c00941,SKU0245,2,3204,USD,2026-02-06T20:07:31,completed,web
o008304,c00137,SKU0085,2,1458,USD,2026-03-07T14:34:02,completed,web
o008305,c00856,SKU0358,1,4889,USD,2026-04-08T03:13:34,shipped,api
o008306,c00656,SKU0170,1,1911,USD,2026-04-11T05:22:45,refunded,web
o008307,c00340,SKU0123,3,10353,USD,2026-03-29T06:36:10,completed,mobile
o008308,c00837,SKU0195,4,8896,USD,2026-03-29T16:58:29,completed,web
o008309,c00294,SKU0361,1,3303,USD,2026-03-03T16:31:48,shipped,marketplace
o008310,c00340,SKU0428,2,2986,USD,2026-04-22T10:08:25,refunded,mobile
o008311,c00554,SKU0341,1,1378,USD,2026-04-19T15:49:17,cancelled,web
o008312,c00435,SKU0336,1,634,USD,2026-04-18T20:59:06,refunded,mobile
o008313,c00149,SKU0415,2,3588,USD,2026-04-14T12:21:21,shipped,web
o008314,c00659,SKU0112,3,3396,USD,2026-04-11T10:03:05,completed,web
o008315,c00268,SKU0452,1,2546,USD,2026-02-12T08:02:56,shipped,mobile
o008316,c00555,SKU0490,3,3687,USD,2026-03-27T11:07:15,completed,web
o008317,c00459,SKU0355,2,2194,USD,2026-03-15T09:47:32,completed,mobile
o008318,c00167,SKU0009,1,2365,USD,2026-04-17T22:55:18,completed,web
o008319,c00866,SKU0138,1,1820,USD,2026-04-08T18:17:43,cancelled,marketplace
o008320,c00016,SKU0214,2,3810,USD,2026-02-18T04:25:36,completed,api
o008321,c00977,SKU0086,4,4988,USD,2026-05-05T09:10:32,completed,web
o008322,c00655,SKU0454,2,3144,USD,2025-12-07T09:19:17,completed,web
o008323,c00238,SKU0455,1,426,USD,2025-11-28T10:09:13,completed,mobile
o008324,c00776,SKU0302,1,1627,USD,2026-01-11T07:46:51,shipped,web
o008325,c00544,SKU0372,1,1174,USD,2026-02-28T09:28:43,refunded,web
o008326,c00067,SKU0324,2,1192,USD,2026-04-26T00:28:26,completed,web
o008327,c00748,SKU0105,3,4401,USD,2026-04-29T14:21:47,completed,web
o008328,c00363,SKU0028,2,2282,USD,2026-04-18T22:43:33,completed,web
o008329,c00336,SKU0395,1,2169,USD,2026-05-09T02:29:45,cancelled,web
o008330,c00851,SKU0452,1,2546,USD,2026-04-14T03:36:57,completed,mobile
o008331,c00437,SKU0428,1,1493,USD,2026-03-16T14:11:54,shipped,web
o008332,c00855,SKU0227,4,4020,USD,2026-04-30T19:03:14,shipped,web
o008333,c00674,SKU0379,1,1948,USD,2025-12-16T03:44:46,cancelled,mobile
o008334,c00963,SKU0479,3,10824,USD,2026-04-07T19:14:46,completed,web
o008335,c00854,SKU0360,1,2885,USD,2026-03-03T14:34:13,refunded,web
o008336,c00257,SKU0274,1,3293,USD,2026-04-20T17:21:50,completed,web
o008337,c00323,SKU0046,1,838,USD,2026-03-12T00:01:02,shipped,mobile
o008338,c00744,SKU0276,1,1601,USD,2026-03-22T18:05:31,cancelled,web
o008339,c00152,SKU0367,4,4768,USD,2026-01-01T20:52:31,completed,mobile
o008340,c00468,SKU0300,1,11228,USD,2026-03-19T23:14:31,refunded,web
o008341,c00346,SKU0311,2,3810,USD,2026-01-18T20:56:48,completed,marketplace
o008342,c00067,SKU0355,2,2194,USD,2026-04-13T00:09:37,cancelled,web
o008343,c00807,SKU0476,5,7755,USD,2026-02-16T01:44:18,completed,web
o008344,c00035,SKU0474,1,977,USD,2026-02-25T23:28:22,shipped,web
o008345,c00982,SKU0036,2,2448,USD,2026-04-16T13:51:18,refunded,mobile
o008346,c00773,SKU0281,5,8525,USD,2026-02-15T03:05:27,completed,web
o008347,c00959,SKU0212,2,2750,USD,2026-01-28T00:16:40,completed,web
o008348,c00850,SKU0386,1,1908,USD,2026-03-16T21:08:53,completed,web
o008349,c00191,SKU0451,1,2349,USD,2026-02-22T00:58:30,refunded,web
o008350,c00057,SKU0149,5,1730,USD,2026-01-26T02:12:44,shipped,web
o008351,c00751,SKU0223,1,3828,USD,2026-04-21T21:41:21,cancelled,web
o008352,c00239,SKU0442,1,1767,USD,2026-04-23T11:48:04,completed,web
o008353,c00747,SKU0125,2,12508,USD,2026-03-01T22:16:47,shipped,mobile
o008354,c00232,SKU0191,1,338,USD,2026-02-23T04:51:47,cancelled,web
o008355,c00155,SKU0005,3,6318,USD,2026-04-05T08:53:21,completed,web
o008356,c00940,SKU0162,4,5104,USD,2026-02-15T16:48:13,refunded,mobile
o008357,c00562,SKU0040,2,1394,USD,2026-01-23T06:45:19,completed,mobile
o008358,c00536,SKU0070,2,2702,USD,2026-03-29T11:49:38,completed,web
o008359,c00635,SKU0058,2,7488,USD,2026-01-23T08:18:01,completed,web
o008360,c00875,SKU0370,4,4104,USD,2026-04-15T06:42:34,cancelled,web
o008361,c00645,SKU0478,5,6365,USD,2026-03-09T23:41:56,shipped,web
o008362,c00419,SKU0105,1,1467,USD,2026-04-24T00:54:41,refunded,mobile
o008363,c00866,SKU0351,1,2459,USD,2026-03-19T03:49:38,cancelled,marketplace
o008364,c00926,SKU0216,1,2606,USD,2026-03-26T07:17:29,completed,web
o008365,c00680,SKU0284,2,3822,USD,2026-02-09T12:48:47,completed,web
o008366,c00033,SKU0473,1,582,USD,2026-04-25T12:22:51,refunded,marketplace
o008367,c00760,SKU0160,1,1091,USD,2026-03-31T05:52:41,completed,web
o008368,c00568,SKU0220,1,1024,USD,2026-03-24T01:02:21,shipped,mobile
o008369,c00146,SKU0216,2,5212,USD,2026-02-01T23:41:09,completed,web
o008370,c00817,SKU0478,1,1273,USD,2026-04-29T17:08:27,completed,mobile
o008371,c00653,SKU0382,2,6148,USD,2026-03-15T21:51:55,completed,web
o008372,c00025,SKU0461,1,3114,USD,2026-02-16T23:04:45,refunded,mobile
o008373,c00554,SKU0380,1,2803,USD,2025-12-25T11:37:41,cancelled,web
o008374,c00158,SKU0349,1,1056,USD,2026-03-11T23:09:59,completed,mobile
o008375,c00948,SKU0105,1,1467,USD,2026-03-27T04:13:12,completed,marketplace
o008376,c00245,SKU0073,1,5362,USD,2026-04-17T03:03:06,completed,web
o008377,c00642,SKU0203,1,3618,USD,2026-01-06T12:07:14,completed,web
o008378,c00253,SKU0150,1,735,USD,2026-02-26T00:43:01,completed,mobile
o008379,c00382,SKU0466,1,2349,USD,2026-01-15T04:41:25,completed,web
o008380,c00448,SKU0367,1,1192,USD,2026-02-06T11:47:29,shipped,web
o008381,c00853,SKU0143,1,1386,USD,2026-03-25T12:42:03,cancelled,marketplace
o008382,c00853,SKU0476,1,1551,USD,2026-01-03T10:52:31,refunded,web
o008383,c00622,SKU0045,1,1704,USD,2026-02-24T20:35:14,completed,web
o008384,c00568,SKU0409,4,13228,USD,2026-04-11T15:16:28,refunded,web
o008385,c00276,SKU0159,1,1000,USD,2026-02-07T13:52:19,completed,web
o008386,c00746,SKU0117,1,1902,USD,2026-05-03T09:53:10,completed,web
o008387,c00578,SKU0163,3,2181,USD,2026-02-14T12:23:42,completed,web
o008388,c00631,SKU0025,1,951,USD,2026-04-17T19:49:32,completed,web
o008389,c00680,SKU0036,5,6120,USD,2026-02-13T05:06:32,completed,web
o008390,c00449,SKU0166,1,1353,USD,2026-01-25T01:32:46,refunded,marketplace
o008391,c00262,SKU0336,2,1268,USD,2026-03-15T12:52:20,refunded,web
o008392,c00743,SKU0097,1,4465,USD,2026-02-16T09:26:00,completed,web
o008393,c00458,SKU0310,2,5550,USD,2026-04-19T11:10:23,completed,mobile
o008394,c00423,SKU0312,1,1317,USD,2026-04-11T16:54:07,shipped,web
o008395,c00938,SKU0212,2,2750,USD,2026-05-01T03:15:24,cancelled,web
o008396,c00237,SKU0095,1,2196,USD,2026-01-05T17:39:13,completed,web
o008397,c00561,SKU0165,2,848,USD,2026-01-24T14:39:05,completed,marketplace
o008398,c00371,SKU0074,1,679,USD,2026-02-20T06:54:27,refunded,web
o008399,c00548,SKU0111,3,7776,USD,2026-04-04T04:15:23,shipped,web
o008400,c00954,SKU0055,1,1225,USD,2026-03-04T22:00:03,completed,web
o008401,c00468,SKU0425,1,3532,USD,2026-02-01T05:13:43,completed,web
o008402,c00668,SKU0398,1,3476,USD,2026-03-24T18:45:55,cancelled,mobile
o008403,c00072,SKU0150,1,735,USD,2026-04-16T04:40:26,completed,mobile
o008404,c00350,SKU0241,1,770,USD,2026-01-18T17:46:49,refunded,web
o008405,c00623,SKU0043,1,2980,USD,2026-02-10T00:39:50,cancelled,web
o008406,c00141,SKU0013,1,4784,USD,2026-01-20T05:50:39,completed,web
o008407,c00875,SKU0406,1,1940,USD,2026-03-20T05:58:41,completed,mobile
o008408,c00047,SKU0495,2,4100,USD,2026-03-06T14:01:58,refunded,mobile
o008409,c00728,SKU0203,5,18090,USD,2026-03-29T09:28:34,refunded,marketplace
o008410,c00970,SKU0466,1,2349,USD,2026-01-22T22:07:28,completed,web
o008411,c00038,SKU0328,2,3004,USD,2026-05-02T00:40:44,completed,web
o008412,c00661,SKU0319,3,6783,USD,2026-01-05T15:42:01,refunded,mobile
o008413,c00153,SKU0245,1,1602,USD,2026-02-12T19:57:18,completed,web
o008414,c00035,SKU0025,1,951,USD,2026-04-16T13:52:21,completed,web
o008415,c00857,SKU0393,1,1733,USD,2026-04-30T05:09:02,completed,web
o008416,c00769,SKU0160,3,3273,USD,2026-04-18T12:12:03,completed,marketplace
o008417,c00856,SKU0225,2,3106,USD,2026-02-28T18:02:18,completed,web
o008418,c00037,SKU0248,2,2356,USD,2026-04-15T16:41:28,cancelled,web
o008419,c00948,SKU0179,5,27715,USD,2026-04-09T17:53:04,cancelled,web
o008420,c00349,SKU0066,4,10500,USD,2026-04-25T10:54:57,completed,web
o008421,c00830,SKU0403,4,29124,USD,2026-05-01T17:44:52,refunded,api
o008422,c00828,SKU0330,1,2419,USD,2026-01-22T00:37:14,completed,web
o008423,c00160,SKU0057,3,1554,USD,2026-02-20T20:42:42,shipped,mobile
o008424,c00913,SKU0186,1,2725,USD,2026-03-18T22:53:36,completed,marketplace
o008425,c00295,SKU0015,1,3301,USD,2026-01-04T17:45:33,completed,mobile
o008426,c00043,SKU0229,5,6375,USD,2026-02-17T06:03:51,completed,marketplace
o008427,c00748,SKU0325,2,4822,USD,2026-05-05T21:45:23,shipped,web
o008428,c00932,SKU0249,1,12261,USD,2025-12-27T19:05:15,completed,web
o008429,c00657,SKU0409,1,3307,USD,2026-02-15T05:42:00,completed,web
o008430,c00457,SKU0210,1,2346,USD,2026-04-24T20:17:21,completed,mobile
o008431,c00875,SKU0151,2,6840,USD,2026-03-07T08:58:45,completed,web
o008432,c00544,SKU0016,1,701,USD,2026-04-06T02:52:26,refunded,web
o008433,c00325,SKU0429,4,1712,USD,2026-05-06T00:10:44,shipped,mobile
o008434,c00659,SKU0438,1,1785,USD,2026-03-26T12:46:34,completed,web
o008435,c00019,SKU0210,1,2346,USD,2026-04-17T02:41:38,cancelled,web
o008436,c00949,SKU0276,1,1601,USD,2026-04-18T03:01:43,completed,web
o008437,c00349,SKU0229,4,5100,USD,2026-02-14T19:41:36,cancelled,web
o008438,c00188,SKU0061,1,3467,USD,2026-04-22T13:42:12,cancelled,marketplace
o008439,c00268,SKU0273,2,2764,USD,2026-04-18T05:58:30,refunded,mobile
o008440,c00233,SKU0344,2,5714,USD,2026-04-01T03:28:32,completed,web
o008441,c00271,SKU0228,3,3426,USD,2026-03-03T21:20:45,completed,mobile
o008442,c00545,SKU0331,1,1453,USD,2026-01-13T13:18:58,cancelled,marketplace
o008443,c00848,SKU0232,1,1604,USD,2026-02-20T00:00:56,completed,mobile
o008444,c00871,SKU0130,1,2599,USD,2026-04-19T06:49:34,cancelled,mobile
o008445,c00045,SKU0174,2,8714,USD,2026-04-22T05:39:55,completed,web
o008446,c00572,SKU0177,1,8166,USD,2026-03-13T21:35:56,completed,web
o008447,c00155,SKU0307,5,5480,USD,2026-04-25T09:56:27,completed,web
o008448,c00758,SKU0377,1,1540,USD,2026-01-09T06:21:37,cancelled,api
o008449,c00365,SKU0137,1,1772,USD,2026-01-05T02:17:41,completed,web
o008450,c00333,SKU0377,1,1540,USD,2026-04-11T11:41:56,completed,web
o008451,c00439,SKU0169,1,1349,USD,2026-03-25T22:37:58,completed,web
o008452,c00650,SKU0313,1,3012,USD,2026-02-15T16:25:55,completed,web
o008453,c00564,SKU0054,1,2172,USD,2026-02-17T22:29:22,shipped,web
o008454,c00850,SKU0150,1,735,USD,2026-05-10T22:10:39,completed,web
o008455,c00945,SKU0394,1,967,USD,2026-02-03T19:12:00,completed,web
o008456,c00818,SKU0262,4,2792,USD,2026-03-04T05:35:10,completed,mobile
o008457,c00938,SKU0217,3,7590,USD,2026-04-12T10:15:35,completed,marketplace
o008458,c00157,SKU0362,2,3480,USD,2026-02-23T22:49:29,cancelled,web
o008459,c00327,SKU0353,1,1723,USD,2026-03-31T04:05:48,completed,mobile
o008460,c00950,SKU0465,1,2443,USD,2026-03-07T22:32:50,shipped,mobile
o008461,c00058,SKU0127,3,10617,USD,2026-03-06T18:19:36,shipped,mobile
o008462,c00251,SKU0088,1,1407,USD,2026-04-11T16:52:01,shipped,web
o008463,c00838,SKU0247,1,1622,USD,2026-03-15T14:21:49,refunded,mobile
o008464,c00958,SKU0192,2,2964,USD,2026-01-10T02:45:21,shipped,web
o008465,c00170,SKU0264,1,3443,USD,2026-01-22T04:21:27,completed,web
o008466,c00247,SKU0263,4,4892,USD,2026-03-24T01:52:54,refunded,api
o008467,c00045,SKU0396,1,1193,USD,2026-02-24T18:39:09,shipped,marketplace
o008468,c00947,SKU0145,2,6902,USD,2026-01-25T18:55:02,shipped,web
o008469,c00530,SKU0227,1,1005,USD,2026-03-10T10:21:23,completed,web
o008470,c00451,SKU0345,5,12930,USD,2026-01-22T03:30:07,completed,web
o008471,c00863,SKU0183,2,2172,USD,2026-02-25T12:27:23,shipped,mobile
o008472,c00273,SKU0116,1,2671,USD,2026-03-14T18:12:27,completed,mobile
o008473,c00239,SKU0446,1,2851,USD,2026-02-20T14:28:03,completed,mobile
o008474,c00370,SKU0095,1,2196,USD,2026-03-30T10:05:42,completed,mobile
o008475,c00178,SKU0439,5,9225,USD,2026-01-12T03:14:04,completed,web
o008476,c00562,SKU0442,4,7068,USD,2026-03-08T06:03:12,completed,web
o008477,c00939,SKU0376,1,1624,USD,2026-04-04T09:17:06,refunded,web
o008478,c00159,SKU0403,5,36405,USD,2025-12-19T12:53:04,cancelled,web
o008479,c00224,SKU0320,1,601,USD,2026-02-12T21:07:07,cancelled,mobile
o008480,c00958,SKU0130,1,2599,USD,2026-01-22T14:30:43,completed,web
o008481,c00330,SKU0031,1,1331,USD,2026-05-01T17:47:12,completed,mobile
o008482,c00440,SKU0215,2,4592,USD,2026-02-10T20:50:30,completed,mobile
o008483,c00129,SKU0350,1,3604,USD,2026-03-01T14:34:17,completed,mobile
o008484,c00846,SKU0309,2,4204,USD,2026-04-26T07:33:13,completed,web
o008485,c00552,SKU0296,2,3012,USD,2026-04-11T16:18:20,refunded,marketplace
o008486,c00243,SKU0004,4,13384,USD,2026-01-30T11:08:32,completed,mobile
o008487,c00750,SKU0237,2,5728,USD,2026-01-15T04:01:28,completed,mobile
o008488,c00279,SKU0288,1,471,USD,2026-04-07T21:22:35,completed,marketplace
o008489,c00256,SKU0077,5,14385,USD,2026-03-10T05:09:25,completed,web
o008490,c00952,SKU0500,1,1641,USD,2025-12-31T02:43:29,completed,web
o008491,c00012,SKU0445,1,2862,USD,2026-04-15T19:10:33,completed,mobile
o008492,c00827,SKU0100,2,2862,USD,2026-03-27T04:15:36,completed,web
o008493,c00259,SKU0020,1,6142,USD,2026-01-24T18:35:07,shipped,web
o008494,c00254,SKU0217,3,7590,USD,2026-03-24T16:20:13,completed,mobile
o008495,c00864,SKU0291,2,3122,USD,2026-01-14T17:37:29,cancelled,web
o008496,c00073,SKU0141,2,9300,USD,2026-04-14T01:58:31,shipped,web
o008497,c00743,SKU0307,1,1096,USD,2026-01-17T19:18:59,refunded,mobile
o008498,c00880,SKU0356,2,1684,USD,2026-03-01T16:26:23,completed,web
o008499,c00965,SKU0217,3,7590,USD,2026-05-02T05:50:08,cancelled,web
o008500,c00541,SKU0005,2,4212,USD,2026-03-10T14:28:06,refunded,mobile
o008501,c00425,SKU0377,1,1540,USD,2026-03-24T01:46:53,completed,web
o008502,c00546,SKU0105,1,1467,USD,2026-03-23T01:09:19,refunded,web
o008503,c00965,SKU0379,2,3896,USD,2026-04-15T14:59:00,completed,web
o008504,c00273,SKU0347,2,2348,USD,2026-03-18T23:59:03,cancelled,web
o008505,c00354,SKU0054,1,2172,USD,2026-04-25T16:56:17,refunded,mobile
o008506,c00150,SKU0250,1,1834,USD,2026-03-08T19:25:25,refunded,web
o008507,c00872,SKU0194,1,1743,USD,2026-03-20T04:01:47,completed,web
o008508,c00058,SKU0158,4,3608,USD,2026-04-02T14:42:18,cancelled,web
o008509,c00753,SKU0224,5,30755,USD,2026-03-09T10:52:48,completed,web
o008510,c00256,SKU0037,3,5670,USD,2026-04-04T07:43:02,completed,mobile
o008511,c00353,SKU0162,3,3828,USD,2026-04-06T12:57:49,completed,web
o008512,c00331,SKU0105,1,1467,USD,2025-12-11T03:12:56,completed,web
o008513,c00871,SKU0086,1,1247,USD,2026-03-16T12:24:24,shipped,mobile
o008514,c00555,SKU0196,2,2480,USD,2026-04-09T19:15:18,completed,web
o008515,c00174,SKU0072,4,3996,USD,2026-04-18T18:43:06,completed,api
o008516,c00656,SKU0230,1,1400,USD,2026-03-11T01:18:45,completed,mobile
o008517,c00356,SKU0216,1,2606,USD,2025-12-27T12:22:14,completed,mobile
o008518,c00934,SKU0434,4,5868,USD,2026-04-26T06:14:41,completed,web
o008519,c00080,SKU0206,4,3624,USD,2025-12-18T07:45:46,refunded,mobile
o008520,c00831,SKU0322,3,1722,USD,2026-05-02T13:11:23,refunded,web
o008521,c00453,SKU0361,2,6606,USD,2026-03-01T17:41:16,completed,web
o008522,c00274,SKU0463,2,4200,USD,2026-03-29T21:08:07,completed,web
o008523,c00037,SKU0472,1,562,USD,2026-03-02T03:14:37,cancelled,marketplace
o008524,c00982,SKU0353,1,1723,USD,2025-12-31T12:26:13,completed,web
o008525,c00169,SKU0210,2,4692,USD,2025-12-10T10:47:40,completed,mobile
o008526,c00946,SKU0164,2,4832,USD,2026-04-06T03:16:23,completed,web
o008527,c00443,SKU0337,1,533,USD,2026-04-25T02:03:25,completed,mobile
o008528,c00545,SKU0320,2,1202,USD,2026-04-25T22:23:59,cancelled,mobile
o008529,c00182,SKU0299,1,2090,USD,2026-03-29T01:33:40,shipped,mobile
o008530,c00776,SKU0154,1,1745,USD,2026-03-24T05:25:09,shipped,web
o008531,c00888,SKU0213,1,2828,USD,2026-04-14T21:52:19,shipped,web
o008532,c00268,SKU0256,5,7395,USD,2026-01-12T03:44:24,completed,web
o008533,c00566,SKU0312,3,3951,USD,2026-02-25T13:37:33,shipped,web
o008534,c00139,SKU0004,1,3346,USD,2026-04-09T23:24:26,completed,web
o008535,c00838,SKU0264,1,3443,USD,2026-04-10T14:56:12,completed,api
o008536,c00876,SKU0071,1,1302,USD,2026-03-27T21:52:14,completed,web
o008537,c00758,SKU0187,1,846,USD,2026-02-28T23:08:03,cancelled,mobile
o008538,c00861,SKU0125,2,12508,USD,2026-04-13T06:08:43,completed,web
o008539,c00166,SKU0081,5,10975,USD,2026-03-15T10:24:51,completed,web
o008540,c00543,SKU0118,5,8945,USD,2026-01-01T01:33:03,refunded,web
o008541,c00159,SKU0327,5,2655,USD,2026-02-15T16:47:27,completed,marketplace
o008542,c00026,SKU0061,1,3467,USD,2026-03-17T00:17:17,completed,mobile
o008543,c00969,SKU0320,5,3005,USD,2026-02-17T17:06:22,completed,web
o008544,c00262,SKU0465,2,4886,USD,2026-03-24T19:23:21,shipped,web
o008545,c00799,SKU0392,1,1840,USD,2025-12-25T17:11:20,completed,mobile
o008546,c00967,SKU0281,1,1705,USD,2026-03-04T22:21:03,shipped,web
o008547,c00916,SKU0448,1,535,USD,2026-03-23T08:39:19,cancelled,web
o008548,c00437,SKU0387,1,671,USD,2026-02-08T00:41:26,completed,marketplace
o008549,c00864,SKU0158,1,902,USD,2026-03-19T01:02:35,completed,web
o008550,c00555,SKU0096,1,711,USD,2026-02-26T02:22:42,completed,marketplace
o008551,c00171,SKU0037,2,3780,USD,2026-03-15T19:53:42,cancelled,web
o008552,c00839,SKU0421,2,1116,USD,2026-02-15T02:54:50,completed,web
o008553,c00824,SKU0160,2,2182,USD,2026-04-06T23:58:00,refunded,web
o008554,c00259,SKU0484,1,1657,USD,2026-03-03T02:42:34,refunded,web
o008555,c00342,SKU0404,1,2548,USD,2026-04-16T12:04:45,completed,web
o008556,c00735,SKU0244,4,33440,USD,2026-03-26T15:25:17,completed,web
o008557,c00650,SKU0035,1,539,USD,2026-04-06T15:52:11,completed,web
o008558,c00383,SKU0266,3,7086,USD,2026-02-12T22:24:49,cancelled,marketplace
o008559,c00169,SKU0292,1,1752,USD,2026-02-21T08:00:31,shipped,web
o008560,c00038,SKU0164,1,2416,USD,2026-04-15T12:14:35,completed,web
o008561,c00157,SKU0343,2,4496,USD,2026-03-04T10:18:42,refunded,web
o008562,c00749,SKU0187,1,846,USD,2026-02-04T08:58:03,completed,mobile
o008563,c00751,SKU0207,1,5675,USD,2026-04-14T16:12:00,completed,mobile
o008564,c00567,SKU0222,1,1102,USD,2026-04-25T15:38:12,refunded,web
o008565,c00056,SKU0474,1,977,USD,2026-03-09T21:59:56,completed,mobile
o008566,c00974,SKU0199,4,4612,USD,2026-03-14T02:37:58,shipped,web
o008567,c00428,SKU0002,2,3962,USD,2026-03-17T01:57:08,refunded,web
o008568,c00040,SKU0141,3,13950,USD,2026-04-14T00:27:07,completed,web
o008569,c00454,SKU0426,1,868,USD,2026-02-14T15:45:49,cancelled,web
o008570,c00424,SKU0448,5,2675,USD,2026-01-30T00:17:27,completed,web
o008571,c00436,SKU0256,2,2958,USD,2026-04-20T01:08:48,shipped,web
o008572,c00939,SKU0090,2,1220,USD,2026-02-26T08:38:01,cancelled,mobile
o008573,c00344,SKU0109,1,2192,USD,2026-03-25T03:26:15,completed,web
o008574,c00949,SKU0413,4,22164,USD,2026-02-19T17:00:41,completed,web
o008575,c00167,SKU0338,3,10488,USD,2026-04-08T12:04:57,completed,mobile
o008576,c00498,SKU0285,1,1369,USD,2026-02-16T20:20:16,completed,web
o008577,c00565,SKU0244,1,8360,USD,2026-01-02T18:11:10,completed,mobile
o008578,c00135,SKU0210,1,2346,USD,2026-04-18T15:12:54,completed,web
o008579,c00842,SKU0254,1,1186,USD,2026-05-10T12:40:25,completed,mobile
o008580,c00535,SKU0038,1,564,USD,2026-03-20T10:03:07,refunded,web
o008581,c00257,SKU0400,1,1781,USD,2026-05-01T10:02:31,shipped,web
o008582,c00634,SKU0457,3,2358,USD,2026-03-27T18:46:33,completed,web
o008583,c00654,SKU0440,1,2439,USD,2026-03-05T00:39:55,completed,web
o008584,c00180,SKU0217,1,2530,USD,2026-03-22T19:28:24,completed,mobile
o008585,c00057,SKU0446,1,2851,USD,2026-04-25T23:09:39,refunded,api
o008586,c00407,SKU0230,4,5600,USD,2026-04-01T12:06:01,cancelled,web
o008587,c00649,SKU0031,1,1331,USD,2026-03-23T17:46:33,completed,web
o008588,c00251,SKU0303,3,2739,USD,2026-04-17T07:25:44,completed,web
o008589,c00743,SKU0056,1,770,USD,2026-03-19T15:27:35,refunded,mobile
o008590,c00770,SKU0176,1,2164,USD,2026-04-13T19:24:14,shipped,mobile
o008591,c00148,SKU0023,2,5230,USD,2026-02-20T06:23:03,cancelled,web
o008592,c00844,SKU0215,1,2296,USD,2025-11-20T17:46:16,shipped,mobile
o008593,c00726,SKU0255,1,3512,USD,2026-03-18T21:51:16,completed,web
o008594,c00076,SKU0019,2,4078,USD,2026-01-21T04:52:04,completed,mobile
o008595,c00440,SKU0244,3,25080,USD,2026-02-10T02:05:11,refunded,marketplace
o008596,c00359,SKU0148,2,8140,USD,2026-04-23T09:49:18,completed,mobile
o008597,c00944,SKU0166,2,2706,USD,2026-01-31T01:25:31,completed,mobile
o008598,c00845,SKU0303,1,913,USD,2026-01-27T02:02:47,refunded,mobile
o008599,c00981,SKU0340,2,6924,USD,2025-12-21T19:06:34,refunded,web
o008600,c00850,SKU0499,2,3672,USD,2026-02-18T05:15:12,cancelled,web
o008601,c00543,SKU0093,3,1662,USD,2026-02-23T13:31:41,completed,web
o008602,c00271,SKU0337,1,533,USD,2026-03-03T21:27:14,shipped,marketplace
o008603,c00059,SKU0333,2,3626,USD,2026-02-25T11:43:17,completed,web
o008604,c00253,SKU0166,3,4059,USD,2026-02-18T03:14:29,refunded,web
o008605,c00261,SKU0490,1,1229,USD,2025-12-21T17:17:51,refunded,marketplace
o008606,c00923,SKU0277,3,4971,USD,2026-03-05T11:47:29,completed,mobile
o008607,c00530,SKU0086,1,1247,USD,2026-03-03T02:18:44,completed,web
o008608,c00134,SKU0408,1,695,USD,2026-04-13T02:51:54,completed,marketplace
o008609,c00680,SKU0180,1,2228,USD,2026-02-06T14:14:47,shipped,web
o008610,c00866,SKU0248,1,1178,USD,2026-04-16T16:26:23,shipped,mobile
o008611,c00819,SKU0283,1,1525,USD,2026-04-25T06:55:19,completed,web
o008612,c00634,SKU0156,4,2684,USD,2026-05-03T18:30:00,cancelled,mobile
o008613,c00682,SKU0313,2,6024,USD,2026-04-09T01:42:29,refunded,web
o008614,c00735,SKU0447,2,10318,USD,2026-03-19T00:12:33,refunded,api
o008615,c00154,SKU0162,1,1276,USD,2025-12-15T05:13:30,shipped,web
o008616,c00982,SKU0195,3,6672,USD,2026-02-02T05:12:03,completed,web
o008617,c00353,SKU0010,1,1092,USD,2026-01-26T16:46:49,completed,mobile
o008618,c00753,SKU0436,2,13190,USD,2026-03-16T19:43:19,shipped,web
o008619,c00764,SKU0308,1,539,USD,2026-03-15T22:48:30,completed,mobile
o008620,c00025,SKU0110,1,1834,USD,2026-02-07T03:14:41,refunded,web
o008621,c00458,SKU0494,1,832,USD,2026-04-27T18:18:41,cancelled,web
o008622,c00268,SKU0474,3,2931,USD,2026-02-17T12:44:37,cancelled,mobile
o008623,c00119,SKU0068,2,1564,USD,2026-01-30T21:09:06,completed,web
o008624,c00239,SKU0327,2,1062,USD,2026-03-06T08:53:41,completed,web
o008625,c00337,SKU0252,1,598,USD,2026-02-16T23:42:09,completed,marketplace
o008626,c00169,SKU0248,1,1178,USD,2026-01-25T20:12:47,refunded,api
o008627,c00175,SKU0108,1,4019,USD,2026-03-12T05:29:12,shipped,web
o008628,c00168,SKU0087,1,3000,USD,2026-03-28T10:05:33,completed,web
o008629,c00730,SKU0266,3,7086,USD,2026-01-10T09:59:27,cancelled,web
o008630,c00747,SKU0430,1,6918,USD,2026-04-19T19:05:52,completed,mobile
o008631,c00864,SKU0298,1,877,USD,2026-04-05T00:07:19,completed,web
o008632,c00443,SKU0498,1,2150,USD,2026-02-18T09:28:42,refunded,web
o008633,c00653,SKU0134,1,2059,USD,2026-04-03T21:23:10,completed,web
o008634,c00738,SKU0201,2,1334,USD,2026-04-03T06:34:24,completed,mobile
o008635,c00821,SKU0134,1,2059,USD,2026-03-23T20:25:56,completed,mobile
o008636,c00739,SKU0038,1,564,USD,2026-04-22T11:35:41,shipped,web
o008637,c00852,SKU0314,1,4489,USD,2026-05-01T07:28:26,completed,web
o008638,c00050,SKU0190,2,3864,USD,2026-04-29T04:08:11,completed,web
o008639,c00531,SKU0420,1,660,USD,2026-03-30T16:45:30,completed,mobile
o008640,c00033,SKU0197,3,4371,USD,2026-02-15T06:19:53,cancelled,mobile
o008641,c00353,SKU0052,1,2897,USD,2026-04-30T13:49:35,shipped,web
o008642,c00569,SKU0056,1,770,USD,2026-03-17T16:00:47,refunded,web
o008643,c00833,SKU0202,2,1400,USD,2026-01-16T21:04:50,cancelled,web
o008644,c00469,SKU0187,3,2538,USD,2026-04-14T07:39:12,shipped,mobile
o008645,c00285,SKU0372,1,1174,USD,2026-01-27T22:14:08,shipped,mobile
o008646,c00471,SKU0355,4,4388,USD,2026-03-19T05:40:42,shipped,web
o008647,c00005,SKU0455,1,426,USD,2026-03-25T03:42:37,completed,web
o008648,c00952,SKU0098,1,657,USD,2026-03-04T23:25:07,cancelled,marketplace
o008649,c00923,SKU0062,2,7308,USD,2026-02-21T02:09:17,completed,web
o008650,c00960,SKU0043,1,2980,USD,2026-02-23T06:59:06,cancelled,web
o008651,c00655,SKU0356,1,842,USD,2026-01-02T05:20:33,completed,api
o008652,c00236,SKU0363,1,2194,USD,2026-02-04T15:26:01,cancelled,web
o008653,c00455,SKU0311,1,1905,USD,2026-01-26T00:56:20,refunded,api
o008654,c00856,SKU0263,4,4892,USD,2025-12-28T20:39:44,completed,web
o008655,c00060,SKU0379,1,1948,USD,2026-03-06T01:59:31,completed,mobile
o008656,c00858,SKU0034,1,1736,USD,2026-03-12T04:56:16,completed,marketplace
o008657,c00179,SKU0350,1,3604,USD,2026-03-15T23:11:22,completed,mobile
o008658,c00079,SKU0063,2,3678,USD,2026-04-21T22:51:02,completed,web
o008659,c00655,SKU0182,2,2604,USD,2026-04-21T17:24:03,refunded,marketplace
o008660,c00133,SKU0063,1,1839,USD,2026-04-26T04:22:15,completed,mobile
o008661,c00947,SKU0239,1,1011,USD,2026-05-05T01:53:57,cancelled,mobile
o008662,c00744,SKU0076,2,2094,USD,2026-02-12T05:11:11,completed,web
o008663,c00945,SKU0109,1,2192,USD,2026-04-18T05:03:00,completed,mobile
o008664,c00767,SKU0402,1,2854,USD,2026-04-13T03:43:29,completed,web
o008665,c00729,SKU0418,2,1186,USD,2026-02-12T03:21:59,completed,web
o008666,c00130,SKU0151,1,3420,USD,2026-03-15T18:03:56,completed,mobile
o008667,c00638,SKU0451,1,2349,USD,2026-01-26T01:24:28,completed,web
o008668,c00257,SKU0420,1,660,USD,2026-03-14T14:23:29,completed,mobile
o008669,c00634,SKU0485,2,5442,USD,2026-04-26T09:39:50,completed,marketplace
o008670,c00645,SKU0093,1,554,USD,2026-01-31T13:54:50,completed,web
o008671,c00746,SKU0176,2,4328,USD,2026-02-22T21:44:46,cancelled,api
o008672,c00720,SKU0231,5,22710,USD,2026-01-06T05:02:18,cancelled,web
o008673,c00840,SKU0240,5,8725,USD,2026-04-09T18:25:08,completed,mobile
o008674,c00933,SKU0435,2,4960,USD,2026-04-29T11:43:39,cancelled,mobile
o008675,c00268,SKU0248,1,1178,USD,2026-03-12T18:16:12,shipped,web
o008676,c00152,SKU0227,1,1005,USD,2026-03-04T11:02:07,cancelled,marketplace
o008677,c00563,SKU0229,4,5100,USD,2026-03-26T17:45:26,completed,web
o008678,c00956,SKU0021,1,731,USD,2026-03-28T00:02:11,refunded,mobile
o008679,c00567,SKU0308,2,1078,USD,2026-03-03T17:32:43,completed,web
o008680,c00658,SKU0357,3,1875,USD,2025-12-24T12:22:19,completed,web
o008681,c00974,SKU0014,1,2243,USD,2026-03-20T02:58:14,refunded,web
o008682,c00191,SKU0274,1,3293,USD,2026-04-04T10:49:14,completed,web
o008683,c00871,SKU0386,1,1908,USD,2026-04-26T19:08:09,completed,marketplace
o008684,c00246,SKU0165,1,424,USD,2026-03-31T01:40:05,completed,marketplace
o008685,c00630,SKU0296,1,1506,USD,2026-01-01T03:00:37,completed,web
o008686,c00683,SKU0350,1,3604,USD,2026-03-30T21:42:09,completed,web
o008687,c00632,SKU0247,1,1622,USD,2026-01-26T12:35:34,completed,mobile
o008688,c00656,SKU0189,2,3076,USD,2026-03-04T16:24:08,refunded,web
o008689,c00228,SKU0436,3,19785,USD,2026-02-02T02:47:59,completed,web
o008690,c00845,SKU0249,3,36783,USD,2026-01-04T10:42:02,completed,mobile
o008691,c00147,SKU0444,1,858,USD,2026-04-10T19:58:35,shipped,web
o008692,c00556,SKU0092,3,2772,USD,2026-02-26T23:21:20,completed,web
o008693,c00251,SKU0257,3,16692,USD,2026-04-27T06:05:22,refunded,mobile
o008694,c00822,SKU0008,3,7824,USD,2025-12-31T15:45:09,completed,marketplace
o008695,c00357,SKU0143,1,1386,USD,2026-05-06T06:53:34,completed,web
o008696,c00839,SKU0227,4,4020,USD,2026-02-21T02:12:20,completed,marketplace
o008697,c00949,SKU0214,1,1905,USD,2026-02-21T22:59:11,completed,web
o008698,c00258,SKU0119,1,1634,USD,2026-02-20T13:35:43,completed,web
o008699,c00120,SKU0390,1,1831,USD,2026-02-13T01:49:41,completed,web
o008700,c00049,SKU0457,1,786,USD,2026-03-27T15:16:49,completed,web
o008701,c00654,SKU0077,1,2877,USD,2026-03-04T16:13:12,shipped,web
o008702,c00186,SKU0420,1,660,USD,2026-04-26T20:43:46,completed,web
o008703,c00034,SKU0164,2,4832,USD,2025-12-02T20:19:00,completed,mobile
o008704,c00456,SKU0040,1,697,USD,2026-02-07T17:15:27,completed,web
o008705,c00872,SKU0127,2,7078,USD,2026-04-08T13:54:23,shipped,mobile
o008706,c00647,SKU0447,2,10318,USD,2026-02-08T09:30:05,completed,web
o008707,c00044,SKU0195,1,2224,USD,2026-02-01T23:42:52,shipped,mobile
o008708,c00736,SKU0176,5,10820,USD,2026-02-06T14:03:32,completed,web
o008709,c00262,SKU0157,2,2912,USD,2026-01-29T22:05:23,completed,marketplace
o008710,c00250,SKU0303,2,1826,USD,2026-03-16T07:07:12,completed,web
o008711,c00640,SKU0137,2,3544,USD,2026-02-14T16:56:03,shipped,web
o008712,c00649,SKU0488,1,2001,USD,2026-04-27T12:46:46,cancelled,web
o008713,c00126,SKU0292,1,1752,USD,2026-03-25T23:39:17,completed,web
o008714,c00062,SKU0422,1,1034,USD,2026-03-21T12:08:26,completed,web
o008715,c00524,SKU0278,3,8808,USD,2025-12-14T12:17:33,completed,web
o008716,c00278,SKU0464,1,1982,USD,2026-03-27T03:16:32,completed,mobile
o008717,c00944,SKU0160,2,2182,USD,2026-04-06T16:04:42,shipped,web
o008718,c00627,SKU0325,3,7233,USD,2026-04-28T20:46:14,cancelled,marketplace
o008719,c00362,SKU0276,1,1601,USD,2026-03-27T23:07:59,shipped,mobile
o008720,c00263,SKU0256,2,2958,USD,2026-02-06T17:26:17,completed,mobile
o008721,c00272,SKU0433,1,3034,USD,2025-12-03T04:18:41,completed,web
o008722,c00548,SKU0011,4,12960,USD,2026-03-04T17:51:57,completed,marketplace
o008723,c00775,SKU0067,1,2579,USD,2026-03-16T17:36:28,refunded,web
o008724,c00166,SKU0253,2,2042,USD,2026-02-23T13:23:02,cancelled,web
o008725,c00782,SKU0377,1,1540,USD,2026-04-02T04:30:23,refunded,web
o008726,c00974,SKU0070,1,1351,USD,2026-03-06T14:19:48,cancelled,web
o008727,c00671,SKU0419,3,3912,USD,2026-03-25T14:24:30,completed,web
o008728,c00570,SKU0127,2,7078,USD,2026-01-22T01:18:52,completed,web
o008729,c00552,SKU0205,4,7320,USD,2026-05-02T11:58:42,completed,web
o008730,c00236,SKU0148,4,16280,USD,2026-05-10T06:41:25,completed,marketplace
o008731,c00104,SKU0464,4,7928,USD,2025-12-16T23:55:58,refunded,web
o008732,c00152,SKU0432,1,4370,USD,2026-04-13T18:23:00,completed,mobile
o008733,c00882,SKU0085,2,1458,USD,2025-12-18T07:48:45,refunded,mobile
o008734,c00536,SKU0211,1,1052,USD,2026-05-04T05:08:24,completed,web
o008735,c00672,SKU0378,1,4682,USD,2026-04-10T15:43:50,completed,web
o008736,c00857,SKU0493,1,823,USD,2026-01-20T04:13:23,completed,web
o008737,c00449,SKU0302,1,1627,USD,2026-03-21T14:52:39,completed,web
o008738,c00560,SKU0041,1,2840,USD,2026-02-28T16:31:04,cancelled,mobile
o008739,c00570,SKU0011,1,3240,USD,2026-03-05T16:13:38,shipped,mobile
o008740,c00461,SKU0284,3,5733,USD,2026-02-06T16:32:01,completed,web
o008741,c00741,SKU0023,2,5230,USD,2026-02-26T04:42:59,completed,web
o008742,c00759,SKU0253,1,1021,USD,2026-04-22T02:45:18,completed,web
o008743,c00558,SKU0045,1,1704,USD,2025-11-24T19:00:31,completed,marketplace
o008744,c00245,SKU0468,2,1476,USD,2026-01-20T23:25:33,refunded,web
o008745,c00629,SKU0003,4,2324,USD,2026-02-22T13:42:24,refunded,mobile
o008746,c00546,SKU0491,2,1540,USD,2026-03-26T07:34:54,completed,marketplace
o008747,c00450,SKU0334,4,5612,USD,2026-02-17T11:24:48,completed,web
o008748,c00450,SKU0206,1,906,USD,2026-03-29T09:33:27,refunded,web
o008749,c00259,SKU0305,1,1617,USD,2026-03-04T16:52:17,completed,mobile
o008750,c00755,SKU0132,5,15875,USD,2026-03-31T10:30:28,refunded,web
o008751,c00381,SKU0033,1,981,USD,2025-12-26T10:23:13,shipped,web
o008752,c00230,SKU0414,1,3365,USD,2026-04-23T00:32:20,shipped,web
o008753,c00948,SKU0055,1,1225,USD,2026-03-02T10:38:02,cancelled,mobile
o008754,c00086,SKU0081,2,4390,USD,2026-02-20T21:56:35,completed,web
o008755,c00446,SKU0168,1,1809,USD,2026-01-22T22:48:31,shipped,web
o008756,c00474,SKU0210,1,2346,USD,2026-03-18T06:28:12,completed,mobile
o008757,c00324,SKU0406,2,3880,USD,2026-03-30T18:50:41,completed,marketplace
o008758,c00352,SKU0191,1,338,USD,2026-01-15T11:26:42,completed,marketplace
o008759,c00331,SKU0014,2,4486,USD,2026-04-20T08:51:58,cancelled,marketplace
o008760,c00057,SKU0226,1,1523,USD,2026-01-29T00:06:06,refunded,web
o008761,c00736,SKU0444,1,858,USD,2026-03-21T15:23:28,shipped,web
o008762,c00920,SKU0156,2,1342,USD,2026-04-02T19:23:35,completed,web
o008763,c00533,SKU0068,5,3910,USD,2026-03-11T07:42:40,completed,web
o008764,c00954,SKU0150,3,2205,USD,2026-04-16T19:41:31,cancelled,web
o008765,c00661,SKU0148,1,4070,USD,2026-04-05T21:39:52,refunded,marketplace
o008766,c00776,SKU0291,2,3122,USD,2026-02-27T12:47:54,refunded,web
o008767,c00219,SKU0174,1,4357,USD,2025-12-29T19:36:09,completed,web
o008768,c00536,SKU0131,1,838,USD,2026-04-05T15:15:23,refunded,web
o008769,c00159,SKU0445,1,2862,USD,2026-03-18T07:59:20,completed,mobile
o008770,c00148,SKU0388,1,2098,USD,2026-04-10T03:58:39,completed,web
o008771,c00317,SKU0355,1,1097,USD,2026-02-10T18:12:48,completed,web
o008772,c00525,SKU0199,1,1153,USD,2025-12-24T18:22:53,completed,mobile
o008773,c00235,SKU0318,1,2809,USD,2025-12-13T22:10:24,completed,marketplace
o008774,c00952,SKU0335,2,3054,USD,2026-04-29T04:57:17,refunded,web
o008775,c00260,SKU0022,1,890,USD,2026-03-10T03:03:40,completed,mobile
o008776,c00038,SKU0320,1,601,USD,2026-03-06T11:14:18,cancelled,mobile
o008777,c00226,SKU0159,2,2000,USD,2026-04-02T11:38:21,refunded,mobile
o008778,c00844,SKU0202,1,700,USD,2026-04-16T23:04:32,completed,web
o008779,c00776,SKU0302,1,1627,USD,2026-04-01T07:58:46,refunded,web
o008780,c00134,SKU0325,2,4822,USD,2026-04-10T09:53:02,completed,marketplace
o008781,c00945,SKU0480,2,2040,USD,2026-04-08T12:08:10,shipped,mobile
o008782,c00232,SKU0008,2,5216,USD,2026-04-14T22:25:29,completed,web
o008783,c00239,SKU0065,4,3796,USD,2026-01-22T21:29:26,cancelled,web
o008784,c00338,SKU0408,2,1390,USD,2026-02-24T15:24:38,completed,web
o008785,c00269,SKU0167,1,1826,USD,2025-12-26T23:29:35,completed,mobile
o008786,c00006,SKU0098,3,1971,USD,2026-03-19T21:36:34,completed,web
o008787,c00681,SKU0439,1,1845,USD,2026-03-22T22:23:14,cancelled,web
o008788,c00858,SKU0268,2,3314,USD,2026-04-17T22:56:17,shipped,api
o008789,c00551,SKU0282,1,1147,USD,2026-04-30T20:36:17,cancelled,mobile
o008790,c00604,SKU0294,2,4356,USD,2026-02-19T22:13:10,completed,mobile
o008791,c00937,SKU0429,1,428,USD,2026-03-05T21:51:32,shipped,marketplace
o008792,c00182,SKU0311,1,1905,USD,2026-03-29T09:59:11,completed,web
o008793,c00362,SKU0490,1,1229,USD,2026-04-17T20:20:45,completed,marketplace
o008794,c00526,SKU0158,2,1804,USD,2026-03-08T13:57:43,cancelled,marketplace
o008795,c00966,SKU0141,2,9300,USD,2026-01-11T07:20:21,completed,web
o008796,c00090,SKU0165,1,424,USD,2026-03-19T19:25:52,completed,web
o008797,c00149,SKU0053,2,3608,USD,2026-04-28T20:42:23,shipped,web
o008798,c00156,SKU0467,1,1461,USD,2026-04-24T10:55:39,completed,web
o008799,c00785,SKU0300,1,11228,USD,2026-01-31T21:15:42,completed,web
o008800,c00948,SKU0175,2,2804,USD,2026-03-25T11:36:43,cancelled,mobile
o008801,c00853,SKU0270,1,671,USD,2026-01-26T19:32:46,completed,web
o008802,c00847,SKU0079,1,1146,USD,2026-02-17T13:43:18,completed,web
o008803,c00264,SKU0430,1,6918,USD,2026-02-23T20:28:57,shipped,marketplace
o008804,c00415,SKU0107,3,4035,USD,2026-03-01T01:06:00,completed,web
o008805,c00740,SKU0147,1,1012,USD,2026-04-30T19:27:00,shipped,marketplace
o008806,c00165,SKU0120,2,3748,USD,2026-01-20T11:58:31,completed,mobile
o008807,c00616,SKU0461,2,6228,USD,2026-03-21T12:56:00,completed,web
o008808,c00614,SKU0443,1,973,USD,2026-04-18T16:21:12,completed,mobile
o008809,c00528,SKU0483,4,2744,USD,2026-04-11T00:22:29,shipped,web
o008810,c00268,SKU0493,1,823,USD,2026-04-20T08:01:20,cancelled,web
o008811,c00142,SKU0072,1,999,USD,2026-02-28T20:54:39,completed,mobile
o008812,c00260,SKU0200,3,7467,USD,2026-04-12T23:16:31,completed,web
o008813,c00746,SKU0410,1,1417,USD,2026-02-04T21:44:55,cancelled,web
o008814,c00942,SKU0174,2,8714,USD,2026-02-07T07:26:10,completed,web
o008815,c00044,SKU0466,2,4698,USD,2026-04-06T11:16:57,cancelled,web
o008816,c00356,SKU0202,1,700,USD,2026-03-07T08:26:25,completed,web
o008817,c00064,SKU0040,2,1394,USD,2025-12-27T22:12:41,completed,mobile
o008818,c00940,SKU0277,1,1657,USD,2026-04-13T03:45:05,cancelled,mobile
o008819,c00659,SKU0416,2,912,USD,2026-04-07T08:17:04,shipped,web
o008820,c00246,SKU0080,2,5344,USD,2026-02-01T03:47:38,refunded,mobile
o008821,c00230,SKU0277,1,1657,USD,2026-01-11T12:20:46,shipped,mobile
o008822,c00415,SKU0231,1,4542,USD,2026-01-09T06:18:55,completed,web
o008823,c00021,SKU0098,2,1314,USD,2026-03-14T20:35:17,completed,web
o008824,c00062,SKU0343,1,2248,USD,2026-02-19T09:20:52,completed,web
o008825,c00652,SKU0393,1,1733,USD,2025-12-13T05:32:22,completed,mobile
o008826,c00544,SKU0290,1,1927,USD,2026-04-07T05:45:03,completed,web
o008827,c00546,SKU0452,1,2546,USD,2026-02-10T06:21:50,completed,web
o008828,c00381,SKU0169,4,5396,USD,2026-03-21T05:27:57,completed,web
o008829,c00431,SKU0454,2,3144,USD,2026-01-16T15:54:02,completed,mobile
o008830,c00644,SKU0144,5,2355,USD,2026-03-31T01:13:37,completed,mobile
o008831,c00769,SKU0103,1,380,USD,2025-12-31T06:42:44,completed,web
o008832,c00032,SKU0472,3,1686,USD,2025-12-09T12:29:52,completed,web
o008833,c00970,SKU0054,4,8688,USD,2026-04-02T18:56:47,cancelled,mobile
o008834,c00223,SKU0112,1,1132,USD,2026-04-01T12:59:23,refunded,web
o008835,c00877,SKU0167,1,1826,USD,2026-03-25T06:23:08,shipped,web
o008836,c00178,SKU0022,4,3560,USD,2026-04-27T10:48:03,shipped,web
o008837,c00559,SKU0104,2,3524,USD,2026-03-13T08:09:21,cancelled,web
o008838,c00939,SKU0174,2,8714,USD,2026-01-13T00:55:05,refunded,mobile
o008839,c00357,SKU0160,1,1091,USD,2026-02-17T05:28:48,completed,mobile
o008840,c00644,SKU0134,2,4118,USD,2026-01-15T23:04:23,completed,web
o008841,c00648,SKU0247,1,1622,USD,2026-03-24T22:22:56,cancelled,web
o008842,c00236,SKU0128,2,5586,USD,2026-04-15T18:10:36,completed,mobile
o008843,c00661,SKU0153,1,2502,USD,2026-03-07T17:38:13,completed,web
o008844,c00243,SKU0399,1,2588,USD,2026-02-17T12:44:08,completed,mobile
o008845,c00253,SKU0049,2,2806,USD,2026-03-22T00:50:41,cancelled,web
o008846,c00266,SKU0392,1,1840,USD,2026-02-25T13:34:34,completed,marketplace
o008847,c00577,SKU0067,2,5158,USD,2026-04-04T23:02:55,refunded,web
o008848,c00271,SKU0328,2,3004,USD,2026-03-10T02:14:57,completed,mobile
o008849,c00801,SKU0383,1,1534,USD,2026-03-16T17:14:52,completed,mobile
o008850,c00618,SKU0217,2,5060,USD,2026-01-23T15:38:50,refunded,mobile
o008851,c00635,SKU0030,1,2323,USD,2026-04-19T09:52:24,completed,web
o008852,c00064,SKU0019,1,2039,USD,2026-01-22T02:43:23,completed,web
o008853,c00353,SKU0406,3,5820,USD,2026-04-07T22:47:36,shipped,mobile
o008854,c00457,SKU0038,1,564,USD,2026-01-25T04:32:43,completed,web
o008855,c00639,SKU0285,3,4107,USD,2026-04-03T09:33:14,completed,web
o008856,c00945,SKU0116,2,5342,USD,2026-02-25T12:58:31,completed,web
o008857,c00146,SKU0150,4,2940,USD,2025-12-22T03:59:59,completed,web
o008858,c00150,SKU0441,2,2862,USD,2025-12-31T01:10:25,completed,mobile
o008859,c00058,SKU0277,1,1657,USD,2026-04-20T18:44:22,refunded,web
o008860,c00453,SKU0080,1,2672,USD,2026-03-27T13:20:06,completed,mobile
o008861,c00835,SKU0170,1,1911,USD,2026-04-04T13:37:35,cancelled,web
o008862,c00958,SKU0431,1,1233,USD,2026-03-26T21:55:03,completed,mobile
o008863,c00940,SKU0349,5,5280,USD,2026-03-12T10:09:11,cancelled,marketplace
o008864,c00643,SKU0376,1,1624,USD,2026-01-27T17:41:12,completed,marketplace
o008865,c00156,SKU0259,1,1983,USD,2026-01-29T15:04:26,cancelled,web
o008866,c00239,SKU0045,4,6816,USD,2026-03-03T21:43:57,completed,web
o008867,c00739,SKU0481,3,2754,USD,2026-02-08T03:13:22,cancelled,web
o008868,c00371,SKU0421,1,558,USD,2026-02-05T06:14:01,completed,web
o008869,c00879,SKU0378,1,4682,USD,2026-02-17T14:42:47,shipped,web
o008870,c00059,SKU0495,2,4100,USD,2026-02-24T16:12:14,completed,web
o008871,c00934,SKU0391,2,12518,USD,2025-11-27T20:45:27,shipped,web
o008872,c00541,SKU0491,2,1540,USD,2026-04-11T16:48:57,completed,mobile
o008873,c00250,SKU0467,1,1461,USD,2026-03-02T21:20:09,completed,web
o008874,c00625,SKU0256,1,1479,USD,2026-01-03T14:53:21,completed,web
o008875,c00978,SKU0315,1,2748,USD,2026-04-17T02:24:35,completed,web
o008876,c00464,SKU0362,2,3480,USD,2026-04-16T19:55:46,refunded,mobile
o008877,c00754,SKU0162,2,2552,USD,2026-04-15T12:53:22,completed,web
o008878,c00667,SKU0332,3,11208,USD,2026-04-17T03:11:26,shipped,web
o008879,c00351,SKU0253,1,1021,USD,2026-04-14T22:19:12,completed,mobile
o008880,c00526,SKU0427,1,3498,USD,2026-01-11T21:57:35,completed,web
o008881,c00581,SKU0118,1,1789,USD,2026-04-18T18:58:29,completed,mobile
o008882,c00555,SKU0305,1,1617,USD,2026-04-27T09:30:31,shipped,web
o008883,c00248,SKU0273,2,2764,USD,2025-12-21T01:06:11,completed,web
o008884,c00071,SKU0237,1,2864,USD,2026-03-07T05:49:45,shipped,web
o008885,c00760,SKU0093,1,554,USD,2026-02-14T04:25:32,refunded,web
o008886,c00244,SKU0362,1,1740,USD,2026-03-29T13:22:20,shipped,web
o008887,c00548,SKU0107,2,2690,USD,2026-02-28T15:01:42,refunded,mobile
o008888,c00222,SKU0328,1,1502,USD,2026-05-06T11:27:25,completed,web
o008889,c00545,SKU0268,5,8285,USD,2026-02-18T01:47:58,cancelled,web
o008890,c00440,SKU0261,3,2868,USD,2026-03-06T18:05:38,completed,web
o008891,c00136,SKU0417,3,4326,USD,2026-02-02T17:43:02,shipped,mobile
o008892,c00835,SKU0196,2,2480,USD,2026-03-18T01:16:27,completed,web
o008893,c00425,SKU0463,1,2100,USD,2026-04-12T21:30:12,completed,mobile
o008894,c00953,SKU0300,1,11228,USD,2026-02-11T06:26:30,cancelled,web
o008895,c00379,SKU0384,1,2176,USD,2026-02-08T10:32:39,cancelled,mobile
o008896,c00450,SKU0358,2,9778,USD,2026-03-30T18:44:34,completed,web
o008897,c00145,SKU0329,1,3345,USD,2026-03-19T17:21:01,completed,web
o008898,c00684,SKU0097,1,4465,USD,2026-03-25T23:45:59,completed,web
o008899,c00363,SKU0392,3,5520,USD,2026-03-11T15:16:15,cancelled,web
o008900,c00074,SKU0349,2,2112,USD,2026-04-03T04:47:13,shipped,web
o008901,c00038,SKU0050,1,5065,USD,2026-01-02T07:25:47,refunded,web
o008902,c00447,SKU0334,3,4209,USD,2026-04-01T23:46:16,shipped,web
o008903,c00850,SKU0311,1,1905,USD,2025-12-17T16:37:07,cancelled,web
o008904,c00366,SKU0085,1,729,USD,2025-12-07T11:01:56,completed,web
o008905,c00475,SKU0447,2,10318,USD,2025-12-27T16:02:48,cancelled,web
o008906,c00130,SKU0148,1,4070,USD,2026-03-13T01:42:08,refunded,api
o008907,c00049,SKU0004,1,3346,USD,2026-01-21T03:07:44,shipped,mobile
o008908,c00762,SKU0382,1,3074,USD,2026-01-07T18:08:11,refunded,mobile
o008909,c00660,SKU0215,2,4592,USD,2026-02-07T11:59:06,completed,web
o008910,c00168,SKU0220,2,2048,USD,2026-03-22T15:31:40,completed,web
o008911,c00784,SKU0395,1,2169,USD,2026-04-02T16:33:57,completed,web
o008912,c00944,SKU0370,1,1026,USD,2026-02-05T04:10:48,refunded,mobile
o008913,c00541,SKU0452,3,7638,USD,2025-12-10T03:15:38,shipped,web
o008914,c00569,SKU0390,3,5493,USD,2026-03-28T14:29:33,refunded,marketplace
o008915,c00957,SKU0040,2,1394,USD,2026-01-10T13:26:40,completed,web
o008916,c00430,SKU0259,1,1983,USD,2026-04-16T00:42:43,completed,mobile
o008917,c00839,SKU0171,2,2300,USD,2025-12-26T08:37:12,completed,mobile
o008918,c00545,SKU0406,3,5820,USD,2026-03-13T19:22:29,completed,web
o008919,c00843,SKU0327,1,531,USD,2025-12-07T19:31:01,completed,web
o008920,c00383,SKU0146,2,2556,USD,2026-02-16T12:06:55,completed,web
o008921,c00056,SKU0268,2,3314,USD,2026-03-17T08:40:43,shipped,web
o008922,c00730,SKU0256,2,2958,USD,2026-04-06T18:04:14,completed,mobile
o008923,c00417,SKU0047,2,3470,USD,2026-04-24T02:38:28,refunded,web
o008924,c00168,SKU0282,1,1147,USD,2026-03-08T22:38:21,completed,web
o008925,c00031,SKU0426,1,868,USD,2026-03-03T19:59:09,completed,web
o008926,c00258,SKU0340,3,10386,USD,2026-04-25T08:36:38,completed,web
o008927,c00025,SKU0383,2,3068,USD,2026-03-28T12:05:26,completed,mobile
o008928,c00647,SKU0110,1,1834,USD,2026-04-06T22:34:25,refunded,mobile
o008929,c00562,SKU0013,1,4784,USD,2026-04-08T11:38:48,completed,mobile
o008930,c00329,SKU0491,1,770,USD,2026-04-04T06:52:34,completed,web
o008931,c00551,SKU0066,1,2625,USD,2026-01-31T02:25:20,shipped,web
o008932,c00638,SKU0072,1,999,USD,2026-03-28T22:25:39,completed,web
o008933,c00954,SKU0031,5,6655,USD,2026-02-10T10:54:46,cancelled,web
o008934,c00159,SKU0362,2,3480,USD,2026-03-23T04:06:58,shipped,mobile
o008935,c00249,SKU0429,1,428,USD,2026-03-11T10:54:21,completed,web
o008936,c00349,SKU0086,1,1247,USD,2026-03-16T17:51:48,refunded,web
o008937,c00750,SKU0152,1,6433,USD,2026-04-04T01:19:58,cancelled,api
o008938,c00459,SKU0456,1,1758,USD,2026-04-05T17:41:35,cancelled,mobile
o008939,c00776,SKU0430,1,6918,USD,2026-04-15T18:44:56,completed,mobile
o008940,c00487,SKU0176,1,2164,USD,2026-02-20T04:56:03,completed,mobile
o008941,c00564,SKU0468,2,1476,USD,2026-01-28T17:10:57,completed,web
o008942,c00747,SKU0273,2,2764,USD,2026-02-05T03:56:26,shipped,mobile
o008943,c00634,SKU0047,1,1735,USD,2026-02-23T18:12:12,completed,web
o008944,c00551,SKU0103,2,760,USD,2026-04-08T00:36:14,refunded,api
o008945,c00836,SKU0199,1,1153,USD,2026-01-20T08:56:46,completed,mobile
o008946,c00638,SKU0094,1,956,USD,2026-03-23T11:43:45,completed,mobile
o008947,c00338,SKU0221,1,1253,USD,2026-01-16T02:08:20,shipped,mobile
o008948,c00475,SKU0293,4,12704,USD,2026-01-06T20:46:06,completed,mobile
o008949,c00762,SKU0233,2,5146,USD,2026-03-08T03:57:53,completed,web
o008950,c00056,SKU0298,1,877,USD,2026-04-20T09:50:12,completed,web
o008951,c00670,SKU0076,1,1047,USD,2026-02-13T02:43:41,cancelled,web
o008952,c00151,SKU0061,1,3467,USD,2026-01-06T04:38:41,shipped,mobile
o008953,c00948,SKU0364,2,1710,USD,2026-01-01T17:15:31,completed,web
o008954,c00634,SKU0035,2,1078,USD,2026-02-14T15:39:42,completed,web
o008955,c00236,SKU0052,3,8691,USD,2026-04-03T15:56:20,completed,web
o008956,c00054,SKU0228,2,2284,USD,2026-01-31T07:32:00,shipped,api
o008957,c00378,SKU0198,1,1230,USD,2026-04-14T10:41:20,refunded,mobile
o008958,c00982,SKU0235,1,245,USD,2026-01-24T06:13:34,cancelled,web
o008959,c00337,SKU0008,1,2608,USD,2026-04-18T12:27:29,completed,mobile
o008960,c00444,SKU0012,1,541,USD,2026-04-02T15:05:57,cancelled,mobile
o008961,c00824,SKU0103,2,760,USD,2026-02-20T05:37:19,refunded,mobile
o008962,c00674,SKU0165,1,424,USD,2025-12-01T04:43:37,completed,web
o008963,c00344,SKU0255,1,3512,USD,2026-01-06T18:11:46,completed,web
o008964,c00258,SKU0476,1,1551,USD,2026-04-06T02:36:44,completed,mobile
o008965,c00543,SKU0162,2,2552,USD,2025-12-10T16:00:25,completed,mobile
o008966,c00063,SKU0003,1,581,USD,2026-04-25T02:38:19,completed,mobile
o008967,c00664,SKU0456,1,1758,USD,2026-03-18T21:44:49,completed,mobile
o008968,c00515,SKU0047,2,3470,USD,2026-01-17T05:29:56,cancelled,mobile
o008969,c00345,SKU0264,1,3443,USD,2026-02-02T10:06:19,completed,web
o008970,c00627,SKU0263,4,4892,USD,2026-01-31T05:43:52,completed,web
o008971,c00261,SKU0460,2,812,USD,2026-03-25T17:01:48,shipped,mobile
o008972,c00431,SKU0234,1,1499,USD,2026-03-08T20:00:30,refunded,marketplace
o008973,c00081,SKU0381,2,10128,USD,2026-03-04T03:09:32,completed,web
o008974,c00466,SKU0071,2,2604,USD,2026-04-22T00:16:40,shipped,web
o008975,c00926,SKU0252,1,598,USD,2026-03-19T09:07:41,completed,mobile
o008976,c00464,SKU0071,3,3906,USD,2026-01-30T09:08:42,shipped,web
o008977,c00039,SKU0468,2,1476,USD,2026-01-25T05:18:55,cancelled,web
o008978,c00472,SKU0181,1,895,USD,2026-05-01T20:58:09,cancelled,web
o008979,c00240,SKU0484,1,1657,USD,2026-03-03T14:41:14,completed,web
o008980,c00638,SKU0119,4,6536,USD,2026-03-28T17:43:20,completed,web
o008981,c00231,SKU0009,5,11825,USD,2026-02-20T05:55:18,cancelled,web
o008982,c00958,SKU0116,1,2671,USD,2026-02-10T17:54:03,completed,web
o008983,c00276,SKU0415,1,1794,USD,2026-03-05T12:47:35,completed,web
o008984,c00355,SKU0215,1,2296,USD,2026-04-20T18:07:22,completed,mobile
o008985,c00452,SKU0176,3,6492,USD,2026-04-25T05:08:58,completed,web
o008986,c00928,SKU0483,1,686,USD,2026-03-06T06:00:46,cancelled,mobile
o008987,c00754,SKU0416,1,456,USD,2026-04-09T22:01:30,completed,web
o008988,c00478,SKU0083,3,2973,USD,2026-01-24T08:42:50,completed,mobile
o008989,c00765,SKU0179,1,5543,USD,2026-03-25T09:08:19,cancelled,mobile
o008990,c00852,SKU0246,4,9152,USD,2026-04-09T13:17:05,refunded,mobile
o008991,c00323,SKU0499,4,7344,USD,2026-05-03T09:14:35,completed,mobile
o008992,c00073,SKU0160,2,2182,USD,2025-12-22T03:36:46,completed,web
o008993,c00681,SKU0070,1,1351,USD,2026-04-03T01:56:28,completed,web
o008994,c00377,SKU0083,2,1982,USD,2026-01-09T13:45:48,completed,web
o008995,c00963,SKU0147,1,1012,USD,2026-04-11T06:26:52,refunded,web
o008996,c00364,SKU0386,1,1908,USD,2026-02-06T00:26:13,completed,web
o008997,c00870,SKU0437,2,916,USD,2026-03-05T21:38:24,completed,web
o008998,c00943,SKU0399,1,2588,USD,2026-03-08T03:45:26,completed,web
o008999,c00996,SKU0001,2,1482,USD,2026-02-22T22:25:14,completed,web
o009000,c00170,SKU0099,2,908,USD,2026-04-30T15:05:53,refunded,mobile
o009001,c00980,SKU0435,2,4960,USD,2026-04-17T22:38:20,refunded,web
o009002,c00748,SKU0017,2,2920,USD,2026-03-06T17:25:51,cancelled,mobile
o009003,c00859,SKU0285,1,1369,USD,2026-04-21T19:33:15,completed,web
o009004,c00316,SKU0264,1,3443,USD,2026-04-02T11:29:38,completed,web
o009005,c00470,SKU0221,4,5012,USD,2026-05-01T15:52:56,completed,mobile
o009006,c00969,SKU0241,1,770,USD,2026-04-17T12:43:30,refunded,web
o009007,c00840,SKU0142,2,2354,USD,2026-03-09T21:00:49,completed,mobile
o009008,c00187,SKU0422,1,1034,USD,2026-03-11T22:17:35,cancelled,marketplace
o009009,c00580,SKU0044,1,2482,USD,2026-01-19T11:30:39,cancelled,web
o009010,c00581,SKU0441,1,1431,USD,2026-04-29T18:01:43,completed,web
o009011,c00838,SKU0104,1,1762,USD,2026-03-28T02:03:31,refunded,marketplace
o009012,c00749,SKU0010,2,2184,USD,2026-03-05T03:21:41,completed,web
o009013,c00347,SKU0274,2,6586,USD,2026-01-13T10:31:08,refunded,marketplace
o009014,c00856,SKU0486,2,1864,USD,2026-05-02T00:30:25,completed,web
o009015,c00640,SKU0345,1,2586,USD,2026-04-28T19:06:02,completed,web
o009016,c00027,SKU0326,1,1576,USD,2025-12-28T09:49:16,shipped,web
o009017,c00057,SKU0281,1,1705,USD,2026-04-14T02:18:00,refunded,web
o009018,c00450,SKU0277,2,3314,USD,2026-01-28T08:44:17,completed,mobile
o009019,c00462,SKU0090,2,1220,USD,2026-01-31T08:26:53,completed,mobile
o009020,c00077,SKU0011,1,3240,USD,2026-02-27T01:06:43,completed,web
o009021,c00735,SKU0202,2,1400,USD,2026-04-16T15:00:34,completed,web
o009022,c00240,SKU0139,1,965,USD,2026-03-26T20:22:03,shipped,web
o009023,c00638,SKU0007,1,619,USD,2026-01-05T05:42:25,refunded,web
o009024,c00652,SKU0406,1,1940,USD,2026-02-12T09:49:52,cancelled,mobile
o009025,c00448,SKU0355,1,1097,USD,2026-01-04T13:40:29,completed,mobile
o009026,c00741,SKU0455,1,426,USD,2026-04-21T22:14:57,shipped,web
o009027,c00064,SKU0168,1,1809,USD,2026-01-21T09:07:56,completed,web
o009028,c00341,SKU0299,1,2090,USD,2026-03-22T21:52:37,completed,marketplace
o009029,c00063,SKU0094,1,956,USD,2026-03-30T10:25:31,refunded,mobile
o009030,c00179,SKU0166,1,1353,USD,2025-12-29T23:10:46,completed,web
o009031,c00679,SKU0085,3,2187,USD,2026-04-06T08:47:56,completed,web
o009032,c00267,SKU0220,3,3072,USD,2026-02-04T08:45:57,completed,web
o009033,c00321,SKU0053,5,9020,USD,2026-03-08T09:49:55,cancelled,web
o009034,c00545,SKU0210,5,11730,USD,2026-02-02T11:46:24,completed,mobile
o009035,c00749,SKU0294,2,4356,USD,2026-04-28T12:27:16,cancelled,web
o009036,c00851,SKU0047,3,5205,USD,2025-12-17T22:49:01,completed,mobile
o009037,c00852,SKU0111,1,2592,USD,2026-04-27T11:23:57,completed,web
o009038,c00724,SKU0337,4,2132,USD,2026-04-20T08:28:42,completed,web
o009039,c00758,SKU0080,1,2672,USD,2026-03-29T07:30:18,refunded,mobile
o009040,c00434,SKU0375,1,2929,USD,2026-03-16T18:02:02,cancelled,web
o009041,c00369,SKU0434,1,1467,USD,2026-02-01T19:36:19,completed,web
o009042,c00582,SKU0246,1,2288,USD,2026-05-06T05:00:03,completed,web
o009043,c00247,SKU0270,1,671,USD,2026-02-22T01:24:00,refunded,web
o009044,c00555,SKU0443,1,973,USD,2026-02-15T11:32:06,completed,web
o009045,c00660,SKU0375,5,14645,USD,2026-02-15T09:15:57,completed,web
o009046,c00473,SKU0258,2,2732,USD,2026-02-18T05:46:45,shipped,web
o009047,c00352,SKU0495,2,4100,USD,2026-03-05T08:14:44,cancelled,mobile
o009048,c00740,SKU0301,1,616,USD,2026-04-07T00:35:04,cancelled,web
o009049,c00379,SKU0230,2,2800,USD,2026-03-15T04:24:50,completed,web
o009050,c00821,SKU0175,1,1402,USD,2026-03-07T07:18:56,shipped,api
o009051,c00238,SKU0013,1,4784,USD,2026-03-11T20:37:57,completed,mobile
o009052,c00646,SKU0300,1,11228,USD,2026-04-28T03:15:06,refunded,web
o009053,c00637,SKU0352,4,11756,USD,2025-12-17T14:17:07,shipped,web
o009054,c00242,SKU0132,3,9525,USD,2026-01-26T10:59:47,refunded,web
o009055,c00172,SKU0482,5,5185,USD,2026-02-22T03:13:46,refunded,marketplace
o009056,c00030,SKU0426,1,868,USD,2026-03-28T22:25:11,completed,web
o009057,c00233,SKU0238,1,665,USD,2026-03-23T13:27:40,completed,web
o009058,c00841,SKU0088,3,4221,USD,2026-01-08T00:42:12,completed,marketplace
o009059,c00360,SKU0326,1,1576,USD,2026-03-23T23:09:21,completed,web
o009060,c00122,SKU0255,1,3512,USD,2026-04-16T11:00:00,completed,web
o009061,c00517,SKU0068,1,782,USD,2026-04-21T17:11:05,completed,web
o009062,c00746,SKU0474,2,1954,USD,2026-02-23T00:39:32,completed,web
o009063,c00148,SKU0352,2,5878,USD,2026-03-12T23:57:16,completed,mobile
o009064,c00149,SKU0497,3,2688,USD,2026-03-04T12:42:00,cancelled,web
o009065,c00656,SKU0155,1,683,USD,2026-01-25T12:04:57,completed,web
o009066,c00243,SKU0299,1,2090,USD,2026-01-02T12:44:14,refunded,web
o009067,c00669,SKU0371,2,4200,USD,2026-02-12T02:08:09,completed,web
o009068,c00339,SKU0035,2,1078,USD,2026-03-29T09:51:02,completed,mobile
o009069,c00263,SKU0082,4,3076,USD,2025-12-11T00:58:40,completed,mobile
o009070,c00445,SKU0126,1,3264,USD,2026-04-12T11:38:53,completed,mobile
o009071,c00574,SKU0358,4,19556,USD,2026-02-05T23:39:47,completed,mobile
o009072,c00222,SKU0335,3,4581,USD,2026-03-28T14:34:00,refunded,web
o009073,c00263,SKU0034,5,8680,USD,2026-02-02T18:09:56,completed,web
o009074,c00942,SKU0177,2,16332,USD,2026-01-13T20:25:03,completed,web
o009075,c00776,SKU0456,5,8790,USD,2026-03-28T21:07:39,completed,web
o009076,c00327,SKU0230,2,2800,USD,2026-03-23T12:16:42,completed,web
o009077,c00257,SKU0187,2,1692,USD,2026-04-22T03:56:12,shipped,mobile
o009078,c00236,SKU0172,1,6055,USD,2026-02-17T10:40:31,completed,web
o009079,c00854,SKU0495,1,2050,USD,2026-04-23T10:38:23,shipped,mobile
o009080,c00370,SKU0488,1,2001,USD,2026-02-20T15:24:39,completed,web
o009081,c00724,SKU0070,4,5404,USD,2026-04-12T19:00:18,completed,web
o009082,c00783,SKU0212,2,2750,USD,2026-02-26T17:26:35,refunded,mobile
o009083,c00880,SKU0378,2,9364,USD,2026-03-15T05:15:52,refunded,mobile
o009084,c00934,SKU0436,3,19785,USD,2026-02-21T18:01:34,completed,mobile
o009085,c00533,SKU0426,1,868,USD,2026-04-07T04:38:08,shipped,web
o009086,c00635,SKU0215,2,4592,USD,2026-04-04T01:44:29,completed,mobile
o009087,c00727,SKU0358,4,19556,USD,2026-03-09T00:36:35,refunded,web
o009088,c00030,SKU0166,1,1353,USD,2026-01-11T20:02:18,completed,web
o009089,c00241,SKU0458,2,2314,USD,2026-03-19T19:23:44,refunded,web
o009090,c00355,SKU0272,2,3138,USD,2026-01-18T16:31:27,cancelled,mobile
o009091,c00898,SKU0092,1,924,USD,2026-02-26T20:05:26,completed,mobile
o009092,c00425,SKU0210,3,7038,USD,2025-12-14T19:57:55,shipped,mobile
o009093,c00963,SKU0413,5,27705,USD,2026-04-11T00:16:43,completed,web
o009094,c00756,SKU0024,3,4752,USD,2026-03-13T08:56:52,completed,marketplace
o009095,c00862,SKU0232,1,1604,USD,2026-03-27T03:50:39,cancelled,mobile
o009096,c00834,SKU0335,2,3054,USD,2026-02-16T01:17:37,refunded,web
o009097,c00852,SKU0431,1,1233,USD,2026-02-10T13:28:37,refunded,web
o009098,c00154,SKU0394,1,967,USD,2026-01-09T01:46:59,cancelled,web
o009099,c00559,SKU0006,3,3519,USD,2025-12-10T17:32:37,completed,web
o009100,c00055,SKU0406,1,1940,USD,2026-03-02T04:36:17,completed,web
o009101,c00956,SKU0114,1,2959,USD,2026-03-12T17:18:04,cancelled,web
o009102,c00977,SKU0496,3,14085,USD,2026-04-18T02:31:35,refunded,web
o009103,c00178,SKU0017,5,7300,USD,2026-03-21T00:33:23,completed,web
o009104,c00250,SKU0247,3,4866,USD,2026-03-05T03:57:19,shipped,web
o009105,c00372,SKU0171,2,2300,USD,2026-01-05T08:13:14,completed,web
o009106,c00931,SKU0112,2,2264,USD,2026-04-14T16:55:28,completed,mobile
o009107,c00639,SKU0139,4,3860,USD,2026-04-18T21:20:30,cancelled,marketplace
o009108,c00171,SKU0320,4,2404,USD,2026-03-22T19:52:45,shipped,marketplace
o009109,c00449,SKU0206,1,906,USD,2026-04-13T23:58:23,completed,web
o009110,c00447,SKU0278,1,2936,USD,2026-03-10T09:40:53,shipped,web
o009111,c00127,SKU0224,1,6151,USD,2026-03-28T08:35:13,completed,mobile
o009112,c00047,SKU0393,5,8665,USD,2026-03-31T21:40:56,completed,web
o009113,c00958,SKU0338,1,3496,USD,2026-03-05T08:15:40,shipped,mobile
o009114,c00853,SKU0073,1,5362,USD,2026-04-08T16:49:13,completed,web
o009115,c00538,SKU0383,1,1534,USD,2026-04-06T16:21:59,shipped,api
o009116,c00954,SKU0328,1,1502,USD,2026-01-26T10:16:40,shipped,marketplace
o009117,c00530,SKU0349,2,2112,USD,2026-01-25T12:09:01,refunded,web
o009118,c00266,SKU0148,1,4070,USD,2026-03-14T14:10:37,completed,web
o009119,c00446,SKU0300,5,56140,USD,2026-04-05T07:05:21,completed,web
o009120,c00348,SKU0165,1,424,USD,2026-03-02T20:06:55,completed,mobile
o009121,c00651,SKU0170,2,3822,USD,2026-03-07T10:58:23,completed,mobile
o009122,c00770,SKU0430,1,6918,USD,2026-03-10T08:35:26,completed,web
o009123,c00762,SKU0462,1,1224,USD,2026-01-28T23:16:21,completed,web
o009124,c00861,SKU0412,1,1429,USD,2026-05-01T04:13:31,completed,mobile
o009125,c00567,SKU0472,2,1124,USD,2026-01-28T04:32:44,completed,mobile
o009126,c00245,SKU0312,5,6585,USD,2026-03-14T02:37:42,cancelled,web
o009127,c00174,SKU0251,2,5450,USD,2026-02-14T06:04:55,completed,mobile
o009128,c00269,SKU0305,4,6468,USD,2026-04-23T16:36:12,completed,mobile
o009129,c00556,SKU0204,1,7248,USD,2026-05-11T05:00:42,refunded,mobile
o009130,c00662,SKU0082,1,769,USD,2026-03-06T17:17:15,shipped,mobile
o009131,c00875,SKU0148,1,4070,USD,2026-04-24T22:13:51,refunded,web
o009132,c00940,SKU0476,2,3102,USD,2026-01-31T07:53:43,refunded,mobile
o009133,c00584,SKU0292,1,1752,USD,2026-04-05T09:04:40,completed,mobile
o009134,c00464,SKU0126,1,3264,USD,2026-01-16T14:33:14,shipped,mobile
o009135,c00362,SKU0420,5,3300,USD,2026-04-22T08:44:54,completed,web
o009136,c00417,SKU0487,2,8834,USD,2025-12-06T06:25:02,completed,web
o009137,c00717,SKU0403,1,7281,USD,2026-04-01T08:13:44,shipped,web
o009138,c00830,SKU0111,1,2592,USD,2026-04-26T19:37:34,cancelled,api
o009139,c00440,SKU0448,1,535,USD,2026-01-17T00:28:37,refunded,mobile
o009140,c00134,SKU0492,1,1008,USD,2026-03-31T14:17:00,completed,web
o009141,c00527,SKU0357,1,625,USD,2026-03-27T01:06:40,completed,mobile
o009142,c00148,SKU0151,3,10260,USD,2026-02-03T11:20:28,completed,mobile
o009143,c00443,SKU0383,1,1534,USD,2026-02-23T12:10:36,completed,web
o009144,c00941,SKU0129,1,1505,USD,2026-05-03T08:42:38,shipped,mobile
o009145,c00963,SKU0384,2,4352,USD,2026-03-17T00:01:47,completed,api
o009146,c00261,SKU0310,2,5550,USD,2026-04-21T02:56:46,completed,web
o009147,c00171,SKU0075,2,1940,USD,2026-04-11T10:37:15,completed,web
o009148,c00463,SKU0406,1,1940,USD,2026-01-08T16:03:14,refunded,web
o009149,c00379,SKU0277,1,1657,USD,2025-12-26T20:20:00,completed,web
o009150,c00774,SKU0034,1,1736,USD,2026-04-19T22:25:11,shipped,web
o009151,c00681,SKU0366,5,7390,USD,2026-03-28T10:03:40,completed,web
o009152,c00330,SKU0296,1,1506,USD,2026-04-25T21:55:06,completed,mobile
o009153,c00245,SKU0175,2,2804,USD,2026-02-25T02:08:31,completed,web
o009154,c00859,SKU0241,2,1540,USD,2026-02-28T13:17:02,completed,web
o009155,c00850,SKU0023,2,5230,USD,2026-02-27T08:37:35,shipped,web
o009156,c00551,SKU0417,1,1442,USD,2026-01-03T22:45:21,shipped,web
o009157,c00840,SKU0413,1,5541,USD,2026-03-24T17:26:03,shipped,mobile
o009158,c00260,SKU0445,3,8586,USD,2026-05-07T22:54:53,completed,web
o009159,c00136,SKU0216,1,2606,USD,2026-04-23T00:14:08,completed,web
o009160,c00251,SKU0450,2,9334,USD,2026-02-04T09:31:35,completed,mobile
o009161,c00236,SKU0499,2,3672,USD,2026-03-28T20:02:05,completed,mobile
o009162,c00338,SKU0020,2,12284,USD,2026-01-22T03:52:00,completed,mobile
o009163,c00163,SKU0485,1,2721,USD,2026-02-14T02:48:54,completed,web
o009164,c00047,SKU0071,1,1302,USD,2026-03-11T06:05:26,completed,web
o009165,c00932,SKU0500,2,3282,USD,2026-01-13T16:33:51,completed,mobile
o009166,c00337,SKU0198,1,1230,USD,2026-03-03T10:23:14,refunded,mobile
o009167,c00580,SKU0321,2,2106,USD,2026-02-21T20:56:35,refunded,web
o009168,c00721,SKU0141,1,4650,USD,2026-04-07T21:43:38,completed,mobile
o009169,c00853,SKU0285,1,1369,USD,2026-04-11T22:07:29,completed,web
o009170,c00296,SKU0274,2,6586,USD,2026-03-03T22:43:29,completed,mobile
o009171,c00049,SKU0335,1,1527,USD,2026-03-10T12:05:03,completed,web
o009172,c00575,SKU0226,4,6092,USD,2026-01-19T22:35:21,completed,web
o009173,c00751,SKU0388,1,2098,USD,2025-12-16T16:13:57,completed,web
o009174,c00630,SKU0256,2,2958,USD,2026-04-28T08:33:50,completed,web
o009175,c00961,SKU0196,2,2480,USD,2025-12-21T18:24:25,completed,marketplace
o009176,c00059,SKU0174,1,4357,USD,2026-02-18T15:30:29,refunded,mobile
o009177,c00655,SKU0026,2,3256,USD,2026-02-11T10:04:24,refunded,mobile
o009178,c00755,SKU0419,4,5216,USD,2026-01-13T17:31:56,completed,web
o009179,c00737,SKU0085,1,729,USD,2026-02-24T15:30:43,refunded,web
o009180,c00376,SKU0210,1,2346,USD,2026-05-08T16:06:17,completed,mobile
o009181,c00055,SKU0353,4,6892,USD,2026-04-01T21:05:21,completed,web
o009182,c00954,SKU0205,1,1830,USD,2026-01-30T06:12:59,cancelled,web
o009183,c00868,SKU0268,1,1657,USD,2026-02-09T15:31:06,shipped,web
o009184,c00952,SKU0064,1,3073,USD,2026-04-14T01:40:34,completed,web
o009185,c00762,SKU0080,1,2672,USD,2026-02-27T12:44:30,cancelled,api
o009186,c00116,SKU0012,1,541,USD,2026-03-18T23:51:21,completed,web
o009187,c00862,SKU0155,2,1366,USD,2026-03-20T13:19:43,completed,marketplace
o009188,c00173,SKU0281,4,6820,USD,2025-12-24T07:43:54,completed,api
o009189,c00049,SKU0019,1,2039,USD,2026-03-05T02:07:01,completed,mobile
o009190,c00658,SKU0358,2,9778,USD,2026-04-09T07:47:36,completed,web
o009191,c00836,SKU0210,1,2346,USD,2026-02-26T21:38:29,completed,mobile
o009192,c00738,SKU0119,1,1634,USD,2026-03-27T16:20:14,completed,web
o009193,c00073,SKU0079,1,1146,USD,2026-03-24T21:14:22,completed,web
o009194,c00928,SKU0021,2,1462,USD,2026-01-16T19:55:47,refunded,mobile
o009195,c00951,SKU0342,1,593,USD,2026-04-11T18:52:01,completed,web
o009196,c00367,SKU0382,1,3074,USD,2026-04-24T13:55:36,completed,web
o009197,c00641,SKU0084,1,786,USD,2026-04-11T07:47:33,completed,marketplace
o009198,c00887,SKU0454,2,3144,USD,2026-03-14T14:24:15,shipped,web
o009199,c00030,SKU0052,2,5794,USD,2026-03-26T15:20:49,refunded,mobile
o009200,c00129,SKU0326,3,4728,USD,2026-02-14T09:18:31,refunded,web
o009201,c00717,SKU0052,1,2897,USD,2025-12-23T04:57:10,completed,web
o009202,c00648,SKU0383,2,3068,USD,2026-04-09T05:03:35,completed,web
o009203,c00432,SKU0129,1,1505,USD,2026-04-04T11:10:56,completed,web
o009204,c00764,SKU0420,1,660,USD,2026-03-30T04:19:26,completed,web
o009205,c00854,SKU0249,1,12261,USD,2025-12-28T17:03:15,completed,web
o009206,c00353,SKU0013,1,4784,USD,2026-05-02T00:31:37,completed,mobile
o009207,c00731,SKU0396,2,2386,USD,2026-02-05T07:17:05,refunded,web
o009208,c00559,SKU0428,1,1493,USD,2026-02-11T15:56:41,refunded,web
o009209,c00646,SKU0310,2,5550,USD,2026-04-21T17:22:43,cancelled,web
o009210,c00379,SKU0235,1,245,USD,2026-02-28T22:50:49,completed,web
o009211,c00437,SKU0102,1,2017,USD,2026-03-14T01:52:20,refunded,web
o009212,c00518,SKU0386,5,9540,USD,2025-11-26T11:42:00,completed,mobile
o009213,c00542,SKU0013,2,9568,USD,2026-02-21T11:52:25,cancelled,web
o009214,c00929,SKU0071,2,2604,USD,2026-04-13T04:34:22,completed,web
o009215,c00339,SKU0074,1,679,USD,2026-04-16T11:57:25,completed,web
o009216,c00857,SKU0172,1,6055,USD,2026-04-16T06:59:01,refunded,web
o009217,c00827,SKU0496,3,14085,USD,2026-02-19T13:44:29,completed,web
o009218,c00555,SKU0242,2,2422,USD,2026-02-04T07:33:04,completed,marketplace
o009219,c00260,SKU0378,2,9364,USD,2026-04-06T01:47:42,cancelled,mobile
o009220,c00261,SKU0213,5,14140,USD,2025-12-26T20:36:51,completed,web
o009221,c00347,SKU0137,1,1772,USD,2026-03-03T04:29:40,completed,web
o009222,c00130,SKU0122,3,1593,USD,2026-04-17T23:56:01,shipped,web
o009223,c00250,SKU0133,4,9020,USD,2026-04-21T11:27:02,completed,mobile
o009224,c00370,SKU0038,4,2256,USD,2026-01-30T14:46:49,cancelled,mobile
o009225,c00462,SKU0031,1,1331,USD,2026-01-30T15:51:00,cancelled,web
o009226,c00547,SKU0372,3,3522,USD,2026-02-15T00:14:07,refunded,web
o009227,c00532,SKU0256,1,1479,USD,2026-05-11T00:14:48,completed,web
o009228,c00554,SKU0219,4,10280,USD,2026-04-10T03:44:34,completed,mobile
o009229,c00252,SKU0290,3,5781,USD,2026-01-31T19:02:29,cancelled,web
o009230,c00042,SKU0326,3,4728,USD,2026-04-23T01:41:28,completed,web
o009231,c00577,SKU0314,1,4489,USD,2026-05-04T19:59:47,completed,mobile
o009232,c00865,SKU0191,1,338,USD,2026-03-23T11:46:35,completed,mobile
o009233,c00456,SKU0273,2,2764,USD,2026-04-11T14:12:38,refunded,web
o009234,c00452,SKU0006,1,1173,USD,2026-03-06T18:49:00,completed,web
o009235,c00554,SKU0213,2,5656,USD,2026-04-15T04:01:22,refunded,web
o009236,c00778,SKU0301,2,1232,USD,2026-01-25T20:17:32,refunded,mobile
o009237,c00632,SKU0108,2,8038,USD,2026-02-01T13:04:36,completed,mobile
o009238,c00928,SKU0272,1,1569,USD,2026-04-22T14:15:24,shipped,web
o009239,c00561,SKU0265,4,9092,USD,2025-12-07T08:16:52,completed,web
o009240,c00669,SKU0204,1,7248,USD,2026-01-27T20:53:25,completed,api
o009241,c00786,SKU0493,4,3292,USD,2026-04-20T01:46:28,cancelled,web
o009242,c00857,SKU0272,2,3138,USD,2026-04-20T10:04:34,completed,web
o009243,c00370,SKU0168,1,1809,USD,2026-05-05T09:06:52,completed,web
o009244,c00384,SKU0120,1,1874,USD,2026-03-28T20:40:54,completed,web
o009245,c00348,SKU0109,1,2192,USD,2026-04-20T12:25:25,completed,web
o009246,c00380,SKU0339,3,2103,USD,2026-04-20T00:26:20,shipped,web
o009247,c00363,SKU0106,1,4932,USD,2026-04-18T06:24:39,completed,mobile
o009248,c00046,SKU0092,1,924,USD,2026-03-27T02:47:50,completed,mobile
o009249,c00611,SKU0244,1,8360,USD,2026-01-07T15:37:29,completed,web
o009250,c00442,SKU0447,2,10318,USD,2026-02-27T12:23:58,cancelled,mobile
o009251,c00954,SKU0349,3,3168,USD,2026-04-15T19:40:28,completed,web
o009252,c00044,SKU0202,3,2100,USD,2026-05-07T14:51:31,cancelled,web
o009253,c00726,SKU0463,1,2100,USD,2026-03-29T07:39:37,completed,mobile
o009254,c00041,SKU0141,1,4650,USD,2026-04-16T21:13:40,shipped,api
o009255,c00263,SKU0080,2,5344,USD,2026-04-19T19:17:18,completed,mobile
o009256,c00073,SKU0050,1,5065,USD,2026-02-18T05:32:33,completed,web
o009257,c00777,SKU0460,3,1218,USD,2026-04-29T19:59:13,completed,web
o009258,c00539,SKU0204,1,7248,USD,2026-04-25T23:36:55,completed,web
o009259,c00374,SKU0067,2,5158,USD,2026-03-11T07:31:49,completed,marketplace
o009260,c00646,SKU0029,2,1982,USD,2026-02-22T14:29:52,shipped,web
o009261,c00034,SKU0055,1,1225,USD,2026-04-02T07:49:40,refunded,mobile
o009262,c00948,SKU0231,3,13626,USD,2026-04-16T05:16:54,completed,marketplace
o009263,c00354,SKU0493,1,823,USD,2026-04-03T02:08:42,completed,mobile
o009264,c00439,SKU0141,1,4650,USD,2026-01-27T23:41:12,shipped,mobile
o009265,c00134,SKU0467,2,2922,USD,2026-03-07T06:17:43,refunded,web
o009266,c00035,SKU0239,1,1011,USD,2026-03-14T16:17:49,shipped,web
o009267,c00443,SKU0075,2,1940,USD,2025-12-28T02:24:33,shipped,web
o009268,c00052,SKU0169,1,1349,USD,2025-12-15T22:49:04,cancelled,marketplace
o009269,c00420,SKU0358,1,4889,USD,2026-04-21T02:44:54,completed,web
o009270,c00058,SKU0473,4,2328,USD,2026-04-15T04:32:26,completed,web
o009271,c00080,SKU0080,1,2672,USD,2026-03-13T04:26:50,completed,mobile
o009272,c00052,SKU0372,1,1174,USD,2026-03-22T20:09:39,completed,web
o009273,c00733,SKU0393,2,3466,USD,2026-01-27T15:43:56,shipped,marketplace
o009274,c00936,SKU0046,2,1676,USD,2026-04-18T17:36:11,refunded,web
o009275,c00237,SKU0055,1,1225,USD,2026-03-16T10:18:55,completed,web
o009276,c00650,SKU0157,3,4368,USD,2026-02-14T21:06:31,refunded,mobile
o009277,c00868,SKU0295,3,4518,USD,2026-02-17T00:47:40,refunded,api
o009278,c00942,SKU0258,1,1366,USD,2026-02-12T17:56:49,refunded,web
o009279,c00728,SKU0222,3,3306,USD,2026-05-04T02:57:58,completed,mobile
o009280,c00930,SKU0344,4,11428,USD,2026-01-23T05:47:16,completed,web
o009281,c00148,SKU0209,1,2692,USD,2026-03-02T01:02:25,refunded,web
o009282,c00634,SKU0345,1,2586,USD,2026-01-26T10:41:42,completed,web
o009283,c00349,SKU0099,2,908,USD,2026-02-13T00:30:55,refunded,web
o009284,c00075,SKU0335,1,1527,USD,2026-04-19T07:59:43,shipped,mobile
o009285,c00352,SKU0443,3,2919,USD,2026-02-19T22:26:40,completed,web
o009286,c00737,SKU0250,2,3668,USD,2026-01-02T04:10:20,completed,web
o009287,c00761,SKU0062,1,3654,USD,2026-04-29T13:34:03,completed,web
o009288,c00362,SKU0367,2,2384,USD,2026-02-12T19:40:30,cancelled,web
o009289,c00186,SKU0077,1,2877,USD,2026-02-17T11:54:30,shipped,web
o009290,c00742,SKU0293,1,3176,USD,2026-04-25T16:21:02,refunded,web
o009291,c00540,SKU0249,3,36783,USD,2026-04-05T12:04:21,refunded,web
o009292,c00949,SKU0467,4,5844,USD,2026-04-07T09:56:19,completed,web
o009293,c00863,SKU0061,1,3467,USD,2026-02-19T14:53:06,completed,web
o009294,c00532,SKU0300,1,11228,USD,2026-02-20T05:42:25,completed,web
o009295,c00046,SKU0359,2,5486,USD,2026-03-15T06:17:22,completed,web
o009296,c00284,SKU0430,1,6918,USD,2026-04-24T19:59:53,cancelled,mobile
o009297,c00678,SKU0420,1,660,USD,2026-01-06T02:52:02,completed,web
o009298,c00081,SKU0471,1,796,USD,2026-03-08T16:35:17,shipped,web
o009299,c00655,SKU0250,1,1834,USD,2026-04-14T05:26:12,completed,mobile
o009300,c00548,SKU0198,1,1230,USD,2026-04-14T04:40:38,shipped,web
o009301,c00739,SKU0257,1,5564,USD,2026-02-07T02:08:11,cancelled,mobile
o009302,c00759,SKU0022,3,2670,USD,2026-03-19T14:42:12,refunded,web
o009303,c00176,SKU0041,1,2840,USD,2026-03-27T05:12:58,refunded,marketplace
o009304,c00053,SKU0053,1,1804,USD,2026-01-01T15:17:11,refunded,web
o009305,c00571,SKU0011,4,12960,USD,2026-03-31T23:58:34,completed,web
o009306,c00033,SKU0215,1,2296,USD,2026-04-01T18:28:45,completed,web
o009307,c00143,SKU0184,1,1456,USD,2026-04-08T17:39:54,completed,web
o009308,c00136,SKU0305,1,1617,USD,2026-03-24T04:16:40,cancelled,mobile
o009309,c00450,SKU0389,2,832,USD,2026-04-14T12:55:52,completed,mobile
o009310,c00238,SKU0315,1,2748,USD,2026-02-28T00:57:20,cancelled,web
o009311,c00551,SKU0093,1,554,USD,2026-04-18T05:57:11,refunded,mobile
o009312,c00851,SKU0080,1,2672,USD,2026-02-16T14:04:55,cancelled,web
o009313,c00353,SKU0235,4,980,USD,2026-03-16T08:59:11,completed,api
o009314,c00066,SKU0199,2,2306,USD,2026-04-10T21:48:48,completed,web
o009315,c00760,SKU0390,1,1831,USD,2026-04-24T12:04:49,completed,mobile
o009316,c00581,SKU0224,2,12302,USD,2026-01-27T03:38:12,refunded,mobile
o009317,c00958,SKU0241,1,770,USD,2026-04-03T18:00:17,refunded,mobile
o009318,c00479,SKU0421,1,558,USD,2026-04-27T22:38:48,cancelled,web
o009319,c00682,SKU0066,3,7875,USD,2026-01-29T19:26:42,shipped,web
o009320,c00045,SKU0284,2,3822,USD,2026-03-26T06:49:56,shipped,marketplace
o009321,c00069,SKU0327,1,531,USD,2026-04-17T07:05:50,completed,mobile
o009322,c00476,SKU0462,1,1224,USD,2026-01-07T17:00:09,cancelled,mobile
o009323,c00434,SKU0018,1,1937,USD,2026-04-27T09:32:26,completed,web
o009324,c00540,SKU0277,1,1657,USD,2026-04-22T17:54:43,completed,web
o009325,c00045,SKU0030,2,4646,USD,2026-03-07T20:45:28,cancelled,web
o009326,c00182,SKU0439,3,5535,USD,2026-02-11T11:25:21,refunded,marketplace
o009327,c00728,SKU0198,1,1230,USD,2026-03-07T19:51:46,cancelled,web
o009328,c00540,SKU0070,2,2702,USD,2026-05-05T01:35:25,completed,mobile
o009329,c00837,SKU0323,1,731,USD,2026-04-12T18:55:17,completed,web
o009330,c00053,SKU0125,1,6254,USD,2025-12-29T12:36:17,refunded,mobile
o009331,c00529,SKU0063,2,3678,USD,2026-04-08T08:13:51,shipped,web
o009332,c00741,SKU0416,1,456,USD,2026-03-30T02:41:38,shipped,mobile
o009333,c00529,SKU0436,3,19785,USD,2026-04-12T10:28:51,completed,mobile
o009334,c00921,SKU0002,3,5943,USD,2026-03-10T06:08:59,refunded,api
o009335,c00762,SKU0043,1,2980,USD,2026-01-25T19:43:15,completed,mobile
o009336,c00598,SKU0154,3,5235,USD,2026-04-29T09:23:13,completed,web
o009337,c00556,SKU0305,1,1617,USD,2026-03-12T16:34:40,refunded,web
o009338,c00445,SKU0139,4,3860,USD,2026-02-27T09:13:20,completed,web
o009339,c00739,SKU0369,1,3586,USD,2026-03-19T01:58:35,completed,web
o009340,c00568,SKU0094,1,956,USD,2026-01-13T16:16:18,completed,mobile
o009341,c00783,SKU0095,1,2196,USD,2026-03-16T04:28:27,completed,mobile
o009342,c00868,SKU0310,1,2775,USD,2026-04-03T00:39:06,completed,web
o009343,c00933,SKU0036,1,1224,USD,2026-01-17T22:52:03,completed,web
o009344,c00735,SKU0112,1,1132,USD,2026-01-22T22:50:53,completed,mobile
o009345,c00440,SKU0165,3,1272,USD,2026-02-22T00:29:55,completed,web
o009346,c00241,SKU0359,1,2743,USD,2025-12-30T09:19:15,completed,web
o009347,c00833,SKU0255,2,7024,USD,2026-03-28T16:31:05,completed,web
o009348,c00735,SKU0298,1,877,USD,2026-01-10T14:55:09,shipped,mobile
o009349,c00160,SKU0399,2,5176,USD,2026-03-03T19:10:19,completed,mobile
o009350,c00342,SKU0035,1,539,USD,2026-04-23T21:11:40,completed,marketplace
o009351,c00954,SKU0216,2,5212,USD,2026-02-18T06:26:01,shipped,mobile
o009352,c00842,SKU0002,1,1981,USD,2025-12-18T22:30:24,completed,web
o009353,c00085,SKU0211,1,1052,USD,2026-02-09T08:42:41,completed,web
o009354,c00753,SKU0032,1,1223,USD,2026-03-31T15:24:01,completed,web
o009355,c00025,SKU0064,3,9219,USD,2026-02-07T07:41:54,completed,web
o009356,c00557,SKU0277,2,3314,USD,2026-03-14T22:49:05,refunded,marketplace
o009357,c00682,SKU0137,2,3544,USD,2026-03-29T13:33:51,shipped,web
o009358,c00935,SKU0315,3,8244,USD,2026-02-20T21:57:32,completed,mobile
o009359,c00347,SKU0369,3,10758,USD,2026-01-12T22:13:46,completed,web
o009360,c00477,SKU0460,1,406,USD,2026-02-03T19:48:36,completed,web
o009361,c00659,SKU0433,1,3034,USD,2026-01-21T08:25:14,shipped,web
o009362,c00465,SKU0411,1,4422,USD,2026-02-03T00:44:38,completed,web
o009363,c00026,SKU0186,2,5450,USD,2026-02-13T08:40:11,completed,web
o009364,c00364,SKU0424,1,2800,USD,2026-04-27T13:58:32,completed,web
o009365,c00663,SKU0118,1,1789,USD,2026-02-02T09:04:06,completed,web
o009366,c00548,SKU0333,1,1813,USD,2026-02-21T23:14:10,completed,web
o009367,c00449,SKU0163,1,727,USD,2026-01-17T05:15:20,completed,mobile
o009368,c00248,SKU0177,1,8166,USD,2025-12-12T17:26:15,completed,marketplace
o009369,c00350,SKU0148,1,4070,USD,2026-03-28T07:39:43,completed,marketplace
o009370,c00530,SKU0200,3,7467,USD,2026-04-27T22:27:19,cancelled,web
o009371,c00941,SKU0224,2,12302,USD,2026-01-28T06:09:31,completed,web
o009372,c00167,SKU0420,3,1980,USD,2026-04-17T10:23:57,completed,mobile
o009373,c00659,SKU0056,1,770,USD,2026-04-17T11:34:55,completed,mobile
o009374,c00452,SKU0313,3,9036,USD,2026-03-16T20:52:26,refunded,mobile
o009375,c00923,SKU0055,1,1225,USD,2026-02-19T21:11:59,cancelled,mobile
o009376,c00939,SKU0377,2,3080,USD,2025-12-15T03:02:37,completed,mobile
o009377,c00575,SKU0044,3,7446,USD,2026-01-22T21:16:05,refunded,web
o009378,c00442,SKU0072,1,999,USD,2025-12-14T06:54:33,completed,web
o009379,c00558,SKU0073,1,5362,USD,2026-01-03T09:11:37,completed,mobile
o009380,c00072,SKU0109,2,4384,USD,2026-04-09T11:05:51,shipped,mobile
o009381,c00456,SKU0386,2,3816,USD,2026-04-07T19:51:13,completed,mobile
o009382,c00752,SKU0321,1,1053,USD,2026-02-21T15:10:37,completed,web
o009383,c00927,SKU0382,2,6148,USD,2026-04-15T09:41:40,completed,web
o009384,c00362,SKU0378,5,23410,USD,2026-04-01T10:58:27,cancelled,web
o009385,c00941,SKU0211,3,3156,USD,2026-04-05T20:07:31,completed,mobile
o009386,c00843,SKU0067,1,2579,USD,2026-03-20T09:57:52,shipped,web
o009387,c00640,SKU0255,2,7024,USD,2025-12-24T16:26:10,completed,web
o009388,c00752,SKU0423,1,3461,USD,2026-04-12T05:35:10,refunded,web
o009389,c00258,SKU0192,1,1482,USD,2026-03-29T17:13:43,completed,web
o009390,c00922,SKU0450,1,4667,USD,2026-03-29T03:17:28,shipped,api
o009391,c00468,SKU0124,3,7374,USD,2026-03-13T16:13:34,refunded,marketplace
o009392,c00638,SKU0325,4,9644,USD,2026-02-28T05:52:11,completed,marketplace
o009393,c00467,SKU0284,1,1911,USD,2026-03-22T03:22:19,shipped,web
o009394,c00677,SKU0340,2,6924,USD,2026-04-01T19:10:01,shipped,mobile
o009395,c00265,SKU0222,3,3306,USD,2026-04-22T13:46:15,completed,mobile
o009396,c00446,SKU0291,1,1561,USD,2025-12-20T13:47:53,refunded,marketplace
o009397,c00966,SKU0424,2,5600,USD,2025-12-20T05:31:49,completed,web
o009398,c00449,SKU0289,1,1029,USD,2026-04-05T01:05:33,refunded,web
o009399,c00066,SKU0433,3,9102,USD,2026-03-15T14:13:17,completed,mobile
o009400,c00858,SKU0047,2,3470,USD,2026-02-23T16:02:30,refunded,mobile
o009401,c00346,SKU0095,3,6588,USD,2026-03-23T16:03:45,completed,mobile
o009402,c00400,SKU0468,3,2214,USD,2026-01-13T17:28:34,completed,web
o009403,c00919,SKU0036,1,1224,USD,2025-12-09T00:45:19,shipped,web
o009404,c00868,SKU0204,3,21744,USD,2026-01-07T21:54:18,completed,marketplace
o009405,c00434,SKU0284,2,3822,USD,2026-03-05T20:19:31,refunded,mobile
o009406,c00237,SKU0484,1,1657,USD,2026-02-24T20:54:07,completed,mobile
o009407,c00242,SKU0051,2,760,USD,2026-04-03T01:07:57,cancelled,mobile
o009408,c00253,SKU0181,3,2685,USD,2026-04-03T14:26:06,shipped,mobile
o009409,c00645,SKU0017,1,1460,USD,2026-02-16T19:48:06,completed,web
o009410,c00836,SKU0001,1,741,USD,2026-05-01T02:43:58,shipped,mobile
o009411,c00272,SKU0229,2,2550,USD,2026-03-24T14:48:49,completed,web
o009412,c00352,SKU0450,4,18668,USD,2026-04-16T16:57:07,cancelled,mobile
o009413,c00062,SKU0144,2,942,USD,2026-04-01T18:27:45,completed,web
o009414,c00928,SKU0124,1,2458,USD,2026-04-16T05:35:46,shipped,mobile
o009415,c00949,SKU0131,1,838,USD,2026-03-11T21:49:04,completed,web
o009416,c00953,SKU0132,4,12700,USD,2026-02-14T20:36:25,refunded,web
o009417,c00268,SKU0388,4,8392,USD,2026-03-26T08:53:29,cancelled,web
o009418,c00464,SKU0225,3,4659,USD,2026-02-11T15:11:13,cancelled,web
o009419,c00071,SKU0452,1,2546,USD,2026-03-25T10:46:34,completed,web
o009420,c00070,SKU0252,5,2990,USD,2026-04-30T11:17:04,shipped,web
o009421,c00583,SKU0165,1,424,USD,2026-05-03T17:00:53,completed,api
o009422,c00969,SKU0237,1,2864,USD,2026-02-27T13:01:39,cancelled,web
o009423,c00738,SKU0496,2,9390,USD,2026-04-17T13:13:26,completed,marketplace
o009424,c00626,SKU0229,1,1275,USD,2026-02-17T06:44:41,shipped,web
o009425,c00950,SKU0383,2,3068,USD,2026-04-20T01:49:39,cancelled,web
o009426,c00965,SKU0370,3,3078,USD,2026-02-20T15:00:25,cancelled,web
o009427,c00545,SKU0390,1,1831,USD,2026-05-01T12:50:59,cancelled,mobile
o009428,c00431,SKU0249,3,36783,USD,2026-02-20T15:02:51,shipped,web
o009429,c00683,SKU0355,1,1097,USD,2026-02-22T09:33:58,completed,web
o009430,c00266,SKU0007,1,619,USD,2026-02-10T09:13:16,shipped,web
o009431,c00042,SKU0103,5,1900,USD,2026-02-20T14:14:44,completed,marketplace
o009432,c00747,SKU0154,1,1745,USD,2025-12-22T05:56:38,completed,web
o009433,c00044,SKU0243,1,1894,USD,2026-03-29T07:37:31,cancelled,web
o009434,c00275,SKU0294,1,2178,USD,2026-04-11T11:42:03,cancelled,web
o009435,c00654,SKU0031,1,1331,USD,2025-12-15T23:43:54,completed,web
o009436,c00674,SKU0498,1,2150,USD,2026-03-02T11:39:30,refunded,mobile
o009437,c00653,SKU0373,2,1564,USD,2026-02-19T16:39:26,shipped,web
o009438,c00373,SKU0464,2,3964,USD,2026-04-16T14:49:25,completed,web
o009439,c00961,SKU0458,2,2314,USD,2026-01-11T20:01:28,completed,web
o009440,c00328,SKU0227,2,2010,USD,2025-12-23T21:04:34,completed,mobile
o009441,c00133,SKU0096,1,711,USD,2026-03-05T14:23:46,completed,mobile
o009442,c00059,SKU0124,1,2458,USD,2026-01-27T14:58:14,shipped,web
o009443,c00070,SKU0117,2,3804,USD,2026-04-28T01:38:27,refunded,marketplace
o009444,c00447,SKU0068,3,2346,USD,2026-03-14T18:00:34,shipped,mobile
o009445,c00177,SKU0375,1,2929,USD,2026-04-03T12:15:07,cancelled,web
o009446,c00682,SKU0420,2,1320,USD,2026-03-16T06:01:53,completed,mobile
o009447,c00042,SKU0042,2,4960,USD,2026-02-26T05:16:20,completed,mobile
o009448,c00441,SKU0321,2,2106,USD,2026-04-16T10:33:18,completed,mobile
o009449,c00835,SKU0446,1,2851,USD,2025-12-26T20:09:57,completed,web
o009450,c00255,SKU0483,1,686,USD,2026-03-16T04:23:36,completed,mobile
o009451,c00660,SKU0471,4,3184,USD,2026-04-11T18:37:36,completed,api
o009452,c00830,SKU0063,4,7356,USD,2026-04-14T05:21:44,completed,web
o009453,c00243,SKU0290,1,1927,USD,2026-03-09T15:09:54,completed,mobile
o009454,c00735,SKU0096,4,2844,USD,2026-01-14T00:45:26,cancelled,web
o009455,c00961,SKU0417,2,2884,USD,2026-03-16T06:57:07,completed,web
o009456,c00762,SKU0219,1,2570,USD,2026-03-22T20:36:35,refunded,web
o009457,c00053,SKU0287,1,741,USD,2026-01-26T23:28:36,completed,web
o009458,c00166,SKU0056,1,770,USD,2026-02-14T23:06:36,completed,mobile
o009459,c00019,SKU0032,1,1223,USD,2026-02-07T10:28:29,completed,web
o009460,c00352,SKU0020,2,12284,USD,2026-02-23T21:32:39,completed,web
o009461,c00089,SKU0219,3,7710,USD,2026-04-16T12:13:37,completed,marketplace
o009462,c00569,SKU0273,1,1382,USD,2026-03-10T22:27:55,completed,web
o009463,c00557,SKU0436,1,6595,USD,2026-02-25T03:48:45,completed,web
o009464,c00539,SKU0293,2,6352,USD,2026-02-14T16:50:04,shipped,web
o009465,c00641,SKU0052,1,2897,USD,2026-04-09T21:14:35,completed,web
o009466,c00271,SKU0014,1,2243,USD,2026-04-20T21:00:25,completed,web
o009467,c00325,SKU0110,3,5502,USD,2026-03-25T18:26:29,completed,web
o009468,c00682,SKU0207,1,5675,USD,2026-04-06T19:21:19,completed,mobile
o009469,c00063,SKU0110,1,1834,USD,2026-05-06T20:33:34,completed,web
o009470,c00551,SKU0331,1,1453,USD,2026-02-27T16:22:03,completed,web
o009471,c00646,SKU0216,2,5212,USD,2026-02-28T00:01:53,completed,web
o009472,c00349,SKU0474,1,977,USD,2026-03-10T05:43:19,cancelled,web
o009473,c00534,SKU0137,1,1772,USD,2026-04-20T17:37:09,cancelled,web
o009474,c00616,SKU0137,1,1772,USD,2026-03-23T13:53:03,refunded,mobile
o009475,c00665,SKU0119,1,1634,USD,2026-03-04T04:36:19,cancelled,mobile
o009476,c00334,SKU0286,3,7641,USD,2026-01-29T03:46:17,completed,web
o009477,c00648,SKU0448,3,1605,USD,2026-02-02T13:00:56,refunded,web
o009478,c00858,SKU0462,1,1224,USD,2026-03-09T18:32:39,refunded,mobile
o009479,c00047,SKU0058,2,7488,USD,2026-03-06T14:45:07,cancelled,mobile
o009480,c00969,SKU0478,3,3819,USD,2026-03-17T12:50:13,refunded,mobile
o009481,c00846,SKU0366,1,1478,USD,2026-03-19T12:46:23,completed,api
o009482,c00344,SKU0140,2,5814,USD,2026-04-17T02:21:24,shipped,mobile
o009483,c00980,SKU0021,1,731,USD,2026-04-26T18:52:10,completed,web
o009484,c00439,SKU0492,4,4032,USD,2026-03-05T08:09:44,completed,web
o009485,c00643,SKU0201,1,667,USD,2026-03-01T06:01:42,cancelled,mobile
o009486,c00860,SKU0410,4,5668,USD,2026-04-20T03:33:28,completed,web
o009487,c00940,SKU0077,3,8631,USD,2026-04-27T12:12:02,completed,web
o009488,c00380,SKU0469,2,3726,USD,2026-04-07T09:33:19,completed,web
o009489,c00477,SKU0001,5,3705,USD,2026-03-08T14:33:13,completed,web
o009490,c00667,SKU0409,1,3307,USD,2026-02-16T19:03:07,completed,mobile
o009491,c00645,SKU0407,1,2009,USD,2026-04-14T18:39:41,completed,marketplace
o009492,c00954,SKU0291,2,3122,USD,2026-01-15T08:32:44,completed,web
o009493,c00241,SKU0059,1,1210,USD,2026-03-26T09:29:28,shipped,web
o009494,c00839,SKU0102,5,10085,USD,2026-02-26T17:05:28,completed,web
o009495,c00221,SKU0352,4,11756,USD,2026-02-07T17:17:42,completed,mobile
o009496,c00935,SKU0241,2,1540,USD,2026-04-29T11:54:15,refunded,mobile
o009497,c00660,SKU0060,2,8350,USD,2026-04-17T15:41:13,completed,web
o009498,c00064,SKU0371,1,2100,USD,2026-01-20T10:46:09,completed,web
o009499,c00960,SKU0035,1,539,USD,2026-04-23T09:40:48,completed,api
o009500,c00458,SKU0305,1,1617,USD,2026-04-07T17:21:15,refunded,api
o009501,c00376,SKU0298,3,2631,USD,2026-02-26T19:00:17,completed,web
o009502,c00765,SKU0325,4,9644,USD,2026-03-30T23:15:34,completed,web
o009503,c00768,SKU0098,3,1971,USD,2026-03-11T09:16:03,refunded,web
o009504,c00544,SKU0210,1,2346,USD,2026-05-08T06:02:57,refunded,web
o009505,c00857,SKU0415,1,1794,USD,2026-04-12T03:56:51,shipped,web
o009506,c00743,SKU0093,1,554,USD,2026-04-11T16:50:11,cancelled,web
o009507,c00639,SKU0415,1,1794,USD,2026-03-09T03:32:07,cancelled,web
o009508,c00638,SKU0481,2,1836,USD,2026-04-20T21:44:24,shipped,mobile
o009509,c00643,SKU0098,1,657,USD,2026-03-05T06:56:06,completed,mobile
o009510,c00260,SKU0006,4,4692,USD,2026-01-14T21:52:44,shipped,mobile
o009511,c00950,SKU0218,1,401,USD,2026-02-09T05:01:31,shipped,web
o009512,c00930,SKU0427,2,6996,USD,2026-05-05T00:15:01,completed,mobile
o009513,c00344,SKU0452,2,5092,USD,2026-01-28T13:12:32,completed,api
o009514,c00898,SKU0050,3,15195,USD,2026-04-09T02:12:16,completed,web
o009515,c00869,SKU0336,1,634,USD,2026-04-17T20:11:17,cancelled,marketplace
o009516,c00021,SKU0423,1,3461,USD,2026-01-03T15:55:11,completed,mobile
o009517,c00740,SKU0109,5,10960,USD,2026-02-25T10:02:58,completed,web
o009518,c00537,SKU0044,1,2482,USD,2026-04-16T17:42:17,refunded,web
o009519,c00279,SKU0196,5,6200,USD,2026-02-03T13:09:46,completed,mobile
o009520,c00851,SKU0323,5,3655,USD,2026-04-26T23:08:03,completed,mobile
o009521,c00633,SKU0036,4,4896,USD,2026-02-02T19:23:35,completed,api
o009522,c00871,SKU0308,2,1078,USD,2026-04-30T09:56:35,shipped,web
o009523,c00826,SKU0261,1,956,USD,2026-04-17T13:01:13,completed,mobile
o009524,c00145,SKU0343,1,2248,USD,2026-02-24T19:30:09,cancelled,api
o009525,c00632,SKU0215,1,2296,USD,2026-04-23T04:05:16,completed,web
o009526,c00572,SKU0376,1,1624,USD,2026-02-25T18:44:52,cancelled,web
o009527,c00147,SKU0254,1,1186,USD,2026-03-24T10:19:08,completed,web
o009528,c00943,SKU0127,2,7078,USD,2026-03-31T00:12:56,cancelled,mobile
o009529,c00332,SKU0489,1,2358,USD,2026-04-13T04:05:38,refunded,web
o009530,c00766,SKU0452,2,5092,USD,2026-03-22T13:22:24,completed,web
o009531,c00947,SKU0027,2,1852,USD,2026-03-12T19:41:06,refunded,mobile
o009532,c00837,SKU0346,2,1146,USD,2026-03-21T18:04:12,shipped,web
o009533,c00933,SKU0365,1,4993,USD,2025-12-29T17:43:39,completed,mobile
o009534,c00539,SKU0386,3,5724,USD,2026-04-13T14:36:18,shipped,web
o009535,c00360,SKU0344,2,5714,USD,2026-01-28T10:57:47,completed,web
o009536,c00274,SKU0238,1,665,USD,2025-12-29T18:49:51,cancelled,web
o009537,c00651,SKU0392,1,1840,USD,2026-04-07T22:41:12,completed,mobile
o009538,c00437,SKU0205,1,1830,USD,2026-03-18T04:58:56,completed,web
o009539,c00434,SKU0118,1,1789,USD,2026-02-21T20:10:17,completed,web
o009540,c00454,SKU0207,1,5675,USD,2026-04-12T23:07:51,completed,web
o009541,c00055,SKU0315,1,2748,USD,2026-03-14T06:07:55,shipped,mobile
o009542,c00636,SKU0374,1,1350,USD,2026-04-16T07:37:04,completed,web
o009543,c00951,SKU0444,5,4290,USD,2026-02-21T08:31:28,completed,web
o009544,c00525,SKU0086,2,2494,USD,2026-04-01T10:53:16,completed,web
o009545,c00624,SKU0403,1,7281,USD,2026-03-25T03:35:38,completed,web
o009546,c00573,SKU0145,1,3451,USD,2025-12-31T13:09:30,refunded,web
o009547,c00154,SKU0485,2,5442,USD,2026-04-24T05:29:23,completed,api
o009548,c00682,SKU0395,1,2169,USD,2026-03-16T12:08:50,completed,web
o009549,c00744,SKU0262,2,1396,USD,2026-02-25T20:59:28,completed,mobile
o009550,c00125,SKU0083,3,2973,USD,2026-04-25T23:23:57,cancelled,mobile
o009551,c00449,SKU0335,1,1527,USD,2026-03-19T09:06:58,shipped,web
o009552,c00460,SKU0440,2,4878,USD,2025-12-04T01:48:45,completed,web
o009553,c00440,SKU0407,1,2009,USD,2026-03-16T06:27:20,shipped,web
o009554,c00653,SKU0405,4,4356,USD,2026-02-25T12:13:01,completed,mobile
o009555,c00888,SKU0145,1,3451,USD,2026-01-27T13:43:00,completed,mobile
o009556,c00226,SKU0402,1,2854,USD,2026-02-17T09:27:01,completed,web
o009557,c00463,SKU0221,4,5012,USD,2026-04-10T04:37:36,completed,mobile
o009558,c00653,SKU0052,1,2897,USD,2026-03-31T08:11:22,cancelled,web
o009559,c00144,SKU0318,1,2809,USD,2026-04-05T15:16:48,refunded,mobile
o009560,c00044,SKU0241,1,770,USD,2026-03-13T06:28:38,completed,mobile
o009561,c00866,SKU0437,3,1374,USD,2026-01-12T08:33:56,shipped,mobile
o009562,c00450,SKU0331,1,1453,USD,2026-03-29T05:30:29,completed,web
o009563,c00264,SKU0121,1,969,USD,2026-03-12T03:07:11,refunded,mobile
o009564,c00222,SKU0081,1,2195,USD,2026-03-21T06:54:47,completed,mobile
o009565,c00951,SKU0182,2,2604,USD,2026-03-27T11:19:09,completed,web
o009566,c00050,SKU0324,1,596,USD,2026-04-02T08:52:11,completed,web
o009567,c00819,SKU0103,1,380,USD,2026-02-27T20:04:30,cancelled,web
o009568,c00660,SKU0259,1,1983,USD,2026-04-26T13:27:00,completed,mobile
o009569,c00328,SKU0169,2,2698,USD,2026-03-10T10:09:17,completed,api
o009570,c00974,SKU0080,1,2672,USD,2026-01-29T05:30:24,completed,mobile
o009571,c00647,SKU0244,1,8360,USD,2026-04-29T12:37:43,completed,mobile
o009572,c00745,SKU0399,2,5176,USD,2026-03-22T21:33:03,completed,web
o009573,c00046,SKU0243,1,1894,USD,2026-01-05T18:35:30,completed,web
o009574,c00066,SKU0039,3,9936,USD,2026-04-02T13:18:12,completed,mobile
o009575,c00963,SKU0110,1,1834,USD,2026-04-15T12:00:56,completed,web
o009576,c00238,SKU0490,1,1229,USD,2026-01-19T18:37:20,shipped,mobile
o009577,c00736,SKU0243,1,1894,USD,2026-03-21T22:43:47,completed,web
o009578,c00942,SKU0189,3,4614,USD,2026-04-29T00:07:21,completed,web
o009579,c00778,SKU0466,2,4698,USD,2026-03-13T07:01:47,cancelled,web
o009580,c00895,SKU0039,2,6624,USD,2026-03-20T22:36:22,completed,web
o009581,c00656,SKU0027,1,926,USD,2026-02-01T07:32:25,completed,web
o009582,c00629,SKU0231,3,13626,USD,2026-01-24T18:47:35,completed,mobile
o009583,c00980,SKU0006,1,1173,USD,2026-04-24T05:17:28,completed,marketplace
o009584,c00536,SKU0356,1,842,USD,2026-01-24T19:41:15,completed,web
o009585,c00963,SKU0213,1,2828,USD,2026-03-30T05:02:36,shipped,web
o009586,c00831,SKU0482,1,1037,USD,2026-04-23T12:15:19,completed,mobile
o009587,c00827,SKU0382,1,3074,USD,2026-04-08T22:24:52,shipped,web
o009588,c00113,SKU0081,1,2195,USD,2026-03-11T15:18:18,completed,web
o009589,c00440,SKU0305,2,3234,USD,2026-03-11T03:40:09,completed,mobile
o009590,c00835,SKU0116,2,5342,USD,2026-03-28T22:46:42,completed,api
o009591,c00895,SKU0312,2,2634,USD,2026-03-23T03:45:19,completed,web
o009592,c00269,SKU0416,4,1824,USD,2026-01-16T04:51:06,completed,mobile
o009593,c00540,SKU0030,2,4646,USD,2026-01-29T23:02:22,refunded,mobile
o009594,c00043,SKU0067,1,2579,USD,2026-04-24T04:20:11,cancelled,web
o009595,c00337,SKU0260,2,2556,USD,2026-02-22T20:03:51,completed,mobile
o009596,c00235,SKU0348,1,3302,USD,2026-03-10T18:35:42,completed,web
o009597,c00359,SKU0235,3,735,USD,2026-03-17T23:50:11,completed,web
o009598,c00830,SKU0438,1,1785,USD,2026-02-20T22:45:47,cancelled,marketplace
o009599,c00244,SKU0312,1,1317,USD,2026-03-21T04:20:07,completed,web
o009600,c00053,SKU0110,1,1834,USD,2025-12-28T08:52:14,completed,web
o009601,c00364,SKU0336,1,634,USD,2026-04-22T06:09:42,refunded,web
o009602,c00114,SKU0495,1,2050,USD,2026-04-21T10:59:51,completed,web
o009603,c00552,SKU0020,1,6142,USD,2026-04-17T22:49:40,cancelled,mobile
o009604,c00057,SKU0020,2,12284,USD,2026-03-30T08:36:05,completed,mobile
o009605,c00041,SKU0087,1,3000,USD,2026-03-31T22:16:59,refunded,mobile
o009606,c00039,SKU0398,2,6952,USD,2026-03-31T21:15:43,completed,web
o009607,c00554,SKU0447,2,10318,USD,2026-04-20T05:48:25,completed,web
o009608,c00532,SKU0038,2,1128,USD,2026-05-02T09:50:04,completed,web
o009609,c00924,SKU0229,1,1275,USD,2026-02-22T04:10:17,completed,mobile
o009610,c00752,SKU0203,4,14472,USD,2025-11-29T12:54:52,shipped,mobile
o009611,c00342,SKU0333,1,1813,USD,2026-03-02T17:11:21,shipped,web
o009612,c00760,SKU0068,1,782,USD,2026-02-10T09:58:11,completed,mobile
o009613,c00856,SKU0155,1,683,USD,2026-03-11T21:10:00,refunded,web
o009614,c00232,SKU0012,2,1082,USD,2026-01-17T16:14:33,refunded,marketplace
o009615,c00350,SKU0259,1,1983,USD,2026-02-17T17:48:43,completed,mobile
o009616,c00826,SKU0060,1,4175,USD,2026-04-06T02:17:31,completed,mobile
o009617,c00483,SKU0302,1,1627,USD,2026-03-01T05:30:20,shipped,api
o009618,c00147,SKU0129,1,1505,USD,2026-01-31T19:04:25,shipped,web
o009619,c00964,SKU0086,2,2494,USD,2026-04-09T10:02:31,refunded,web
o009620,c00648,SKU0423,1,3461,USD,2026-03-23T02:59:49,refunded,web
o009621,c00964,SKU0129,1,1505,USD,2026-04-21T02:14:31,refunded,web
o009622,c00833,SKU0222,2,2204,USD,2026-04-08T00:27:07,refunded,mobile
o009623,c00781,SKU0223,1,3828,USD,2026-03-26T02:59:24,shipped,web
o009624,c00659,SKU0143,2,2772,USD,2026-02-10T01:46:37,shipped,mobile
o009625,c00066,SKU0013,1,4784,USD,2026-02-26T11:27:26,completed,web
o009626,c00128,SKU0427,5,17490,USD,2026-02-24T17:30:33,completed,mobile
o009627,c00940,SKU0229,1,1275,USD,2026-03-31T21:56:03,completed,marketplace
o009628,c00153,SKU0440,2,4878,USD,2026-02-06T18:08:23,cancelled,marketplace
o009629,c00157,SKU0375,2,5858,USD,2026-04-25T06:15:38,completed,web
o009630,c00516,SKU0264,1,3443,USD,2026-04-24T22:44:23,shipped,web
o009631,c00530,SKU0221,1,1253,USD,2026-02-28T12:06:34,completed,mobile
o009632,c00562,SKU0422,1,1034,USD,2026-03-23T21:08:18,shipped,web
o009633,c00135,SKU0131,1,838,USD,2026-04-14T22:44:34,completed,web
o009634,c00865,SKU0140,1,2907,USD,2026-03-17T17:28:45,shipped,marketplace
o009635,c00321,SKU0163,1,727,USD,2026-04-20T05:40:06,refunded,marketplace
o009636,c00054,SKU0010,1,1092,USD,2025-12-12T15:39:13,completed,web
o009637,c00657,SKU0049,1,1403,USD,2026-03-24T14:32:21,completed,mobile
o009638,c00549,SKU0295,1,1506,USD,2026-04-06T10:12:37,shipped,web
o009639,c00152,SKU0286,1,2547,USD,2025-12-22T02:20:47,cancelled,web
o009640,c00945,SKU0084,1,786,USD,2026-03-12T14:09:11,completed,web
o009641,c00461,SKU0033,1,981,USD,2026-01-24T10:20:28,shipped,mobile
o009642,c00838,SKU0460,1,406,USD,2026-01-02T09:49:30,completed,api
o009643,c00047,SKU0087,1,3000,USD,2026-04-02T23:37:24,completed,mobile
o009644,c00164,SKU0025,1,951,USD,2026-01-26T21:56:19,completed,web
o009645,c00447,SKU0448,1,535,USD,2026-03-01T13:26:15,completed,marketplace
o009646,c00557,SKU0086,2,2494,USD,2026-04-27T04:02:53,cancelled,web
o009647,c00565,SKU0495,5,10250,USD,2025-12-15T19:34:49,shipped,web
o009648,c00373,SKU0122,2,1062,USD,2026-04-14T01:29:56,completed,mobile
o009649,c00039,SKU0222,1,1102,USD,2026-04-07T14:23:37,cancelled,mobile
o009650,c00967,SKU0368,1,1423,USD,2026-01-26T23:38:35,completed,mobile
o009651,c00135,SKU0410,1,1417,USD,2026-02-14T18:33:13,completed,mobile
o009652,c00554,SKU0128,2,5586,USD,2026-03-09T18:38:47,shipped,web
o009653,c00562,SKU0299,1,2090,USD,2025-12-09T15:11:06,completed,mobile
o009654,c00152,SKU0291,2,3122,USD,2026-03-09T13:36:11,shipped,mobile
o009655,c00970,SKU0046,1,838,USD,2026-01-20T01:30:37,completed,mobile
o009656,c00113,SKU0484,1,1657,USD,2025-12-04T15:00:54,cancelled,web
o009657,c00651,SKU0255,1,3512,USD,2026-05-07T20:50:07,shipped,web
o009658,c00267,SKU0099,1,454,USD,2026-03-31T21:18:57,completed,mobile
o009659,c00048,SKU0211,2,2104,USD,2026-03-24T08:33:18,cancelled,marketplace
o009660,c00974,SKU0464,2,3964,USD,2026-02-11T07:13:21,completed,web
o009661,c00158,SKU0146,1,1278,USD,2026-01-10T20:10:52,completed,web
o009662,c00740,SKU0281,2,3410,USD,2026-04-27T17:12:18,shipped,web
o009663,c00256,SKU0058,3,11232,USD,2026-01-06T09:02:27,refunded,web
o009664,c00466,SKU0487,2,8834,USD,2026-04-17T15:35:51,cancelled,web
o009665,c00245,SKU0185,1,2209,USD,2026-04-20T16:44:12,completed,web
o009666,c00828,SKU0485,1,2721,USD,2026-02-20T13:12:23,shipped,mobile
o009667,c00584,SKU0304,2,4296,USD,2026-05-07T19:13:13,completed,web
o009668,c00976,SKU0370,4,4104,USD,2026-02-21T11:00:07,completed,web
o009669,c00734,SKU0401,1,908,USD,2026-02-28T09:40:55,completed,web
o009670,c00048,SKU0114,1,2959,USD,2026-03-26T12:46:09,completed,mobile
o009671,c00271,SKU0092,1,924,USD,2026-01-02T02:55:33,completed,web
o009672,c00951,SKU0426,1,868,USD,2026-03-12T15:03:04,completed,web
o009673,c00330,SKU0134,2,4118,USD,2026-04-25T07:59:51,refunded,web
o009674,c00244,SKU0139,2,1930,USD,2026-03-30T15:59:32,cancelled,web
o009675,c00248,SKU0267,1,2338,USD,2026-04-17T01:19:51,cancelled,web
o009676,c00755,SKU0130,1,2599,USD,2026-04-06T18:54:07,refunded,web
o009677,c00866,SKU0045,2,3408,USD,2026-04-21T10:02:46,completed,mobile
o009678,c00530,SKU0132,2,6350,USD,2026-03-18T06:20:05,completed,web
o009679,c00055,SKU0220,5,5120,USD,2026-04-08T06:33:40,cancelled,marketplace
o009680,c00651,SKU0126,4,13056,USD,2026-04-17T16:57:52,completed,mobile
o009681,c00178,SKU0233,1,2573,USD,2026-01-22T13:40:29,shipped,mobile
o009682,c00947,SKU0423,1,3461,USD,2026-03-11T03:08:41,completed,web
o009683,c00959,SKU0038,1,564,USD,2026-05-09T22:53:40,cancelled,mobile
o009684,c00730,SKU0168,1,1809,USD,2026-01-27T21:23:40,completed,web
o009685,c00423,SKU0361,2,6606,USD,2025-11-28T05:41:17,completed,web
o009686,c00447,SKU0457,2,1572,USD,2026-04-12T22:32:35,completed,web
o009687,c00624,SKU0384,3,6528,USD,2026-04-29T11:13:20,shipped,mobile
o009688,c00128,SKU0101,1,1816,USD,2026-02-11T14:31:31,completed,mobile
o009689,c00644,SKU0329,1,3345,USD,2026-01-07T09:37:23,refunded,mobile
o009690,c00765,SKU0035,3,1617,USD,2026-03-27T12:57:28,cancelled,mobile
o009691,c00789,SKU0262,2,1396,USD,2026-02-22T23:58:57,cancelled,web
o009692,c00430,SKU0362,1,1740,USD,2026-03-22T14:07:08,completed,marketplace
o009693,c00248,SKU0293,1,3176,USD,2026-04-28T05:27:00,completed,web
o009694,c00961,SKU0290,1,1927,USD,2026-03-10T16:17:47,shipped,web
o009695,c00479,SKU0138,2,3640,USD,2026-04-04T16:40:22,shipped,mobile
o009696,c00131,SKU0290,2,3854,USD,2026-03-30T14:05:39,completed,web
o009697,c00745,SKU0120,1,1874,USD,2026-02-18T17:46:01,completed,web
o009698,c00260,SKU0058,1,3744,USD,2026-05-09T11:28:53,completed,web
o009699,c00261,SKU0479,1,3608,USD,2026-04-03T20:15:07,shipped,mobile
o009700,c00333,SKU0412,4,5716,USD,2026-04-07T13:40:30,cancelled,web
o009701,c00659,SKU0400,2,3562,USD,2026-04-02T01:46:12,refunded,web
o009702,c00307,SKU0237,2,5728,USD,2026-04-27T06:37:15,completed,mobile
o009703,c00235,SKU0330,1,2419,USD,2025-12-29T13:48:28,completed,mobile
o009704,c00571,SKU0150,1,735,USD,2026-03-31T03:52:16,shipped,web
o009705,c00843,SKU0124,2,4916,USD,2026-04-09T07:09:10,refunded,web
o009706,c00479,SKU0200,1,2489,USD,2026-04-04T02:36:30,completed,marketplace
o009707,c00157,SKU0197,1,1457,USD,2026-03-20T10:17:46,refunded,web
o009708,c00332,SKU0308,2,1078,USD,2026-02-13T04:09:13,shipped,web
o009709,c00734,SKU0486,1,932,USD,2026-02-13T02:30:37,completed,web
o009710,c00178,SKU0275,1,1309,USD,2026-01-02T00:51:04,cancelled,web
o009711,c00227,SKU0392,2,3680,USD,2025-12-27T02:46:41,shipped,web
o009712,c00166,SKU0184,1,1456,USD,2026-04-03T09:27:46,completed,mobile
o009713,c00764,SKU0066,2,5250,USD,2026-03-05T06:13:38,shipped,mobile
o009714,c00943,SKU0406,1,1940,USD,2026-02-21T02:00:24,completed,mobile
o009715,c00747,SKU0268,1,1657,USD,2026-04-08T06:12:34,shipped,web
o009716,c00937,SKU0271,1,1269,USD,2026-02-20T18:40:35,completed,web
o009717,c00848,SKU0325,1,2411,USD,2026-04-04T08:34:31,refunded,web
o009718,c00649,SKU0414,1,3365,USD,2026-04-03T02:49:01,completed,mobile
o009719,c01000,SKU0080,3,8016,USD,2026-03-27T08:30:54,completed,web
o009720,c00438,SKU0446,1,2851,USD,2026-01-07T11:44:46,completed,mobile
o009721,c00469,SKU0119,1,1634,USD,2026-01-27T08:53:19,shipped,marketplace
o009722,c00875,SKU0157,5,7280,USD,2026-02-09T12:18:38,cancelled,web
o009723,c00148,SKU0127,2,7078,USD,2026-02-26T11:54:31,completed,web
o009724,c00454,SKU0320,3,1803,USD,2026-04-16T20:08:53,completed,web
o009725,c00569,SKU0070,1,1351,USD,2026-04-05T12:58:59,completed,mobile
o009726,c00055,SKU0170,1,1911,USD,2026-03-20T07:52:08,completed,web
o009727,c00031,SKU0051,1,380,USD,2026-04-12T16:53:45,completed,web
o009728,c00059,SKU0475,1,681,USD,2026-03-23T03:27:23,completed,mobile
o009729,c00669,SKU0389,1,416,USD,2026-03-23T15:12:48,cancelled,mobile
o009730,c00948,SKU0186,1,2725,USD,2026-04-11T23:33:48,completed,web
o009731,c00245,SKU0446,1,2851,USD,2026-03-03T13:07:02,completed,web
o009732,c00460,SKU0033,1,981,USD,2026-04-14T05:01:22,completed,web
o009733,c00334,SKU0228,4,4568,USD,2026-03-23T07:03:40,refunded,web
o009734,c00363,SKU0079,1,1146,USD,2026-04-13T04:35:05,refunded,web
o009735,c00043,SKU0373,2,1564,USD,2026-02-08T11:03:48,completed,web
o009736,c00163,SKU0233,1,2573,USD,2026-04-12T05:26:53,completed,api
o009737,c00576,SKU0150,2,1470,USD,2026-03-28T22:27:55,completed,web
o009738,c00552,SKU0370,1,1026,USD,2026-04-05T02:57:11,completed,mobile
o009739,c00370,SKU0323,1,731,USD,2026-01-23T11:13:55,completed,mobile
o009740,c00050,SKU0293,1,3176,USD,2026-01-10T09:36:14,completed,web
o009741,c00373,SKU0265,1,2273,USD,2026-02-04T07:15:23,cancelled,marketplace
o009742,c00627,SKU0229,2,2550,USD,2026-01-12T01:48:35,shipped,web
o009743,c00538,SKU0330,2,4838,USD,2026-03-13T10:24:29,shipped,mobile
o009744,c00146,SKU0373,1,782,USD,2026-05-05T03:55:06,completed,web
o009745,c00844,SKU0326,5,7880,USD,2026-02-15T15:49:09,completed,web
o009746,c00860,SKU0004,2,6692,USD,2026-01-03T13:16:12,completed,web
o009747,c00537,SKU0277,4,6628,USD,2026-04-15T21:07:21,completed,web
o009748,c00351,SKU0315,1,2748,USD,2026-02-13T11:55:41,cancelled,web
o009749,c00940,SKU0117,3,5706,USD,2026-03-01T11:27:56,refunded,web
o009750,c00963,SKU0168,1,1809,USD,2025-12-27T12:43:03,shipped,mobile
o009751,c00364,SKU0096,3,2133,USD,2026-04-22T03:45:29,refunded,mobile
o009752,c00153,SKU0104,3,5286,USD,2026-04-20T07:04:48,completed,mobile
o009753,c00873,SKU0476,1,1551,USD,2025-12-17T10:22:17,completed,mobile
o009754,c00859,SKU0033,1,981,USD,2026-01-31T11:20:23,shipped,web
o009755,c00644,SKU0468,1,738,USD,2026-04-29T05:11:04,cancelled,web
o009756,c00860,SKU0381,1,5064,USD,2026-01-03T13:19:19,cancelled,web
o009757,c00279,SKU0314,2,8978,USD,2026-02-12T07:43:48,cancelled,mobile
o009758,c00227,SKU0433,1,3034,USD,2026-04-10T12:11:51,cancelled,mobile
o009759,c00370,SKU0196,2,2480,USD,2026-02-26T02:21:26,completed,web
o009760,c00856,SKU0045,3,5112,USD,2026-01-20T00:45:57,cancelled,mobile
o009761,c00364,SKU0213,2,5656,USD,2026-02-11T11:24:37,completed,mobile
o009762,c00149,SKU0483,1,686,USD,2026-04-16T16:05:23,shipped,web
o009763,c00137,SKU0094,1,956,USD,2026-03-17T16:17:42,cancelled,web
o009764,c00870,SKU0427,1,3498,USD,2026-01-18T21:35:49,shipped,mobile
o009765,c00964,SKU0380,1,2803,USD,2026-02-24T03:50:07,shipped,web
o009766,c00759,SKU0236,2,3706,USD,2026-02-17T04:12:37,completed,web
o009767,c00337,SKU0477,1,874,USD,2026-02-15T13:51:37,cancelled,mobile
o009768,c00421,SKU0102,1,2017,USD,2026-05-06T08:18:34,refunded,web
o009769,c00922,SKU0001,3,2223,USD,2026-04-06T12:12:13,completed,web
o009770,c00156,SKU0249,2,24522,USD,2026-04-23T18:52:00,completed,web
o009771,c00627,SKU0179,1,5543,USD,2026-03-23T19:11:52,cancelled,mobile
o009772,c00681,SKU0087,2,6000,USD,2026-04-25T23:54:40,shipped,web
o009773,c00675,SKU0369,3,10758,USD,2025-12-11T04:17:19,completed,marketplace
o009774,c00269,SKU0153,2,5004,USD,2026-03-28T10:31:19,completed,mobile
o009775,c00840,SKU0106,3,14796,USD,2026-02-27T09:01:23,completed,mobile
o009776,c00724,SKU0325,1,2411,USD,2026-02-11T19:21:31,completed,mobile
o009777,c00775,SKU0133,5,11275,USD,2026-02-07T15:41:47,completed,web
o009778,c00063,SKU0304,2,4296,USD,2026-03-24T09:20:40,completed,web
o009779,c00663,SKU0091,2,2632,USD,2026-02-20T03:14:53,cancelled,web
o009780,c00343,SKU0257,2,11128,USD,2026-03-13T18:06:30,completed,web
o009781,c00169,SKU0209,2,5384,USD,2026-03-29T19:03:25,shipped,web
o009782,c00469,SKU0380,2,5606,USD,2026-04-12T09:58:21,completed,mobile
o009783,c00060,SKU0219,2,5140,USD,2026-04-12T22:45:18,cancelled,mobile
o009784,c00032,SKU0011,2,6480,USD,2026-02-11T08:47:46,completed,web
o009785,c00380,SKU0123,2,6902,USD,2026-01-19T17:26:29,completed,web
o009786,c00853,SKU0123,2,6902,USD,2026-01-10T21:42:45,refunded,web
o009787,c00077,SKU0362,1,1740,USD,2025-12-27T15:06:58,refunded,marketplace
o009788,c00640,SKU0475,1,681,USD,2026-04-15T23:34:17,completed,web
o009789,c00227,SKU0295,1,1506,USD,2026-02-12T22:41:29,completed,web
o009790,c00444,SKU0443,3,2919,USD,2026-02-07T07:52:51,cancelled,api
o009791,c00848,SKU0001,3,2223,USD,2026-05-05T16:33:29,completed,mobile
o009792,c00758,SKU0011,1,3240,USD,2025-11-29T08:29:40,completed,web
o009793,c00255,SKU0438,2,3570,USD,2026-03-25T01:03:07,cancelled,mobile
o009794,c00943,SKU0472,1,562,USD,2026-03-06T20:46:02,shipped,web
o009795,c00983,SKU0062,1,3654,USD,2026-03-23T10:47:37,completed,mobile
o009796,c00549,SKU0050,1,5065,USD,2026-03-16T16:48:09,completed,web
o009797,c00923,SKU0338,1,3496,USD,2026-04-18T11:57:10,completed,web
o009798,c00873,SKU0119,3,4902,USD,2026-03-20T20:34:39,completed,mobile
o009799,c00755,SKU0336,1,634,USD,2026-03-05T19:06:46,completed,web
o009800,c00540,SKU0276,4,6404,USD,2026-01-18T14:29:04,completed,mobile
o009801,c00731,SKU0422,1,1034,USD,2026-04-10T11:09:43,completed,mobile
o009802,c00833,SKU0194,2,3486,USD,2026-04-27T10:12:27,completed,marketplace
o009803,c00829,SKU0465,2,4886,USD,2026-04-19T10:51:34,completed,web
o009804,c00836,SKU0335,3,4581,USD,2026-05-03T12:49:11,completed,web
o009805,c00594,SKU0328,1,1502,USD,2026-02-15T20:29:49,completed,web
o009806,c00256,SKU0201,1,667,USD,2026-04-06T08:45:10,refunded,mobile
o009807,c00876,SKU0261,1,956,USD,2026-03-09T23:41:59,completed,web
o009808,c00148,SKU0437,1,458,USD,2026-02-10T03:40:11,shipped,marketplace
o009809,c00747,SKU0076,1,1047,USD,2026-01-28T02:17:09,refunded,web
o009810,c00554,SKU0295,2,3012,USD,2026-02-20T10:26:48,cancelled,marketplace
o009811,c00726,SKU0134,1,2059,USD,2026-04-05T06:46:40,completed,mobile
o009812,c00952,SKU0105,2,2934,USD,2026-04-24T22:56:03,completed,web
o009813,c00343,SKU0178,1,2459,USD,2025-12-25T14:10:31,completed,web
o009814,c00928,SKU0238,3,1995,USD,2026-04-07T02:38:33,completed,web
o009815,c00736,SKU0079,1,1146,USD,2026-05-01T03:28:12,completed,mobile
o009816,c00372,SKU0374,5,6750,USD,2026-04-28T17:38:03,completed,web
o009817,c00163,SKU0283,1,1525,USD,2026-02-15T16:38:49,completed,mobile
o009818,c00256,SKU0309,2,4204,USD,2026-02-28T08:16:58,cancelled,mobile
o009819,c00051,SKU0317,3,17715,USD,2026-02-07T14:21:36,cancelled,web
o009820,c00268,SKU0208,4,5036,USD,2026-03-22T02:18:04,completed,web
o009821,c00755,SKU0120,1,1874,USD,2026-02-28T06:41:14,completed,web
o009822,c00557,SKU0244,1,8360,USD,2026-05-01T13:11:00,cancelled,web
o009823,c00142,SKU0409,1,3307,USD,2026-03-22T19:50:49,refunded,web
o009824,c00048,SKU0011,1,3240,USD,2026-02-05T18:46:17,cancelled,marketplace
o009825,c00680,SKU0202,1,700,USD,2026-04-04T19:13:25,completed,web
o009826,c00356,SKU0447,2,10318,USD,2026-04-18T21:50:57,cancelled,mobile
o009827,c00253,SKU0195,1,2224,USD,2026-02-01T13:30:06,cancelled,mobile
o009828,c00458,SKU0236,1,1853,USD,2025-12-14T16:08:47,refunded,web
o009829,c00532,SKU0331,1,1453,USD,2026-05-02T16:55:16,shipped,marketplace
o009830,c00908,SKU0225,1,1553,USD,2026-02-01T05:31:46,cancelled,mobile
o009831,c00833,SKU0388,2,4196,USD,2025-12-30T04:18:44,completed,web
o009832,c00762,SKU0267,1,2338,USD,2026-02-07T03:26:33,completed,mobile
o009833,c00862,SKU0425,1,3532,USD,2026-04-04T20:24:22,completed,web
o009834,c00469,SKU0475,2,1362,USD,2026-01-30T12:43:57,completed,api
o009835,c00568,SKU0005,2,4212,USD,2026-03-15T00:19:44,completed,web
o009836,c00747,SKU0030,1,2323,USD,2026-04-21T09:02:24,refunded,web
o009837,c00181,SKU0207,5,28375,USD,2026-04-04T22:43:37,completed,marketplace
o009838,c00447,SKU0128,1,2793,USD,2026-04-10T10:03:06,refunded,web
o009839,c00037,SKU0126,1,3264,USD,2026-02-16T16:43:58,refunded,mobile
o009840,c00455,SKU0032,1,1223,USD,2025-12-17T15:03:10,completed,mobile
o009841,c00971,SKU0077,2,5754,USD,2026-02-03T18:30:46,completed,mobile
o009842,c00955,SKU0272,1,1569,USD,2026-04-15T09:04:09,completed,mobile
o009843,c00384,SKU0434,1,1467,USD,2026-02-27T14:41:50,refunded,web
o009844,c00149,SKU0008,1,2608,USD,2026-04-17T17:32:08,shipped,mobile
o009845,c00565,SKU0167,1,1826,USD,2026-02-16T16:36:44,completed,web
o009846,c00856,SKU0065,1,949,USD,2026-04-29T05:53:43,completed,web
o009847,c00540,SKU0414,3,10095,USD,2026-03-22T13:44:50,completed,marketplace
o009848,c00868,SKU0222,2,2204,USD,2026-03-18T13:20:59,completed,api
o009849,c00053,SKU0046,1,838,USD,2026-05-01T11:03:41,completed,web
o009850,c00427,SKU0046,1,838,USD,2026-02-25T21:44:41,shipped,web
o009851,c00542,SKU0115,2,5832,USD,2026-01-21T15:36:14,completed,api
o009852,c00243,SKU0479,1,3608,USD,2026-04-16T05:33:02,completed,web
o009853,c00931,SKU0428,1,1493,USD,2026-04-20T18:49:06,cancelled,mobile
o009854,c00544,SKU0408,1,695,USD,2026-03-13T21:58:49,shipped,web
o009855,c00228,SKU0319,1,2261,USD,2026-03-13T21:45:40,completed,api
o009856,c00884,SKU0032,2,2446,USD,2026-05-05T13:03:40,shipped,web
o009857,c00755,SKU0136,3,2112,USD,2026-03-30T12:15:56,refunded,web
o009858,c00966,SKU0379,3,5844,USD,2025-11-28T11:29:17,shipped,web
o009859,c00340,SKU0465,1,2443,USD,2026-04-11T20:03:51,shipped,mobile
o009860,c00038,SKU0468,1,738,USD,2026-03-05T23:42:27,cancelled,web
o009861,c00377,SKU0273,1,1382,USD,2026-04-03T13:36:03,completed,web
o009862,c00950,SKU0088,3,4221,USD,2026-01-08T03:12:12,completed,web
o009863,c00342,SKU0339,5,3505,USD,2026-04-18T06:47:37,cancelled,mobile
o009864,c00251,SKU0229,1,1275,USD,2026-04-04T23:40:48,refunded,mobile
o009865,c00040,SKU0096,3,2133,USD,2026-04-04T07:48:08,refunded,mobile
o009866,c00450,SKU0189,2,3076,USD,2026-01-28T00:02:11,refunded,web
o009867,c00742,SKU0189,1,1538,USD,2026-01-21T08:50:05,shipped,web
o009868,c00556,SKU0239,2,2022,USD,2026-03-27T11:10:00,shipped,web
o009869,c00177,SKU0135,3,7722,USD,2026-04-24T11:31:12,completed,mobile
o009870,c00234,SKU0350,2,7208,USD,2026-04-01T17:46:00,shipped,web
o009871,c00231,SKU0117,1,1902,USD,2026-02-18T15:07:30,completed,web
o009872,c00936,SKU0473,2,1164,USD,2026-05-02T02:27:32,completed,api
o009873,c00631,SKU0228,3,3426,USD,2026-01-01T18:14:50,completed,web
o009874,c00483,SKU0371,1,2100,USD,2026-02-18T05:24:45,shipped,web
o009875,c00451,SKU0003,1,581,USD,2026-05-05T14:06:42,completed,mobile
o009876,c00864,SKU0241,2,1540,USD,2026-04-13T19:51:15,completed,mobile
o009877,c00164,SKU0016,1,701,USD,2026-03-03T22:31:04,completed,mobile
o009878,c00961,SKU0414,1,3365,USD,2026-03-14T10:15:09,completed,web
o009879,c00270,SKU0140,4,11628,USD,2026-04-11T22:27:46,shipped,web
o009880,c00556,SKU0229,2,2550,USD,2026-01-02T08:14:28,refunded,web
o009881,c00346,SKU0163,1,727,USD,2026-01-27T16:56:06,cancelled,mobile
o009882,c00130,SKU0227,1,1005,USD,2026-02-28T09:16:24,completed,web
o009883,c00313,SKU0188,1,1669,USD,2026-03-30T00:38:11,completed,mobile
o009884,c00352,SKU0169,2,2698,USD,2026-03-07T17:30:49,completed,mobile
o009885,c00245,SKU0491,1,770,USD,2025-12-01T13:38:09,shipped,web
o009886,c00256,SKU0174,1,4357,USD,2026-03-10T08:32:27,refunded,web
o009887,c00469,SKU0274,1,3293,USD,2026-03-03T13:01:48,cancelled,mobile
o009888,c00465,SKU0185,5,11045,USD,2026-02-07T18:46:50,completed,mobile
o009889,c00558,SKU0255,1,3512,USD,2026-03-21T23:05:27,completed,web
o009890,c00757,SKU0033,1,981,USD,2025-12-16T09:45:12,shipped,web
o009891,c00762,SKU0163,2,1454,USD,2026-04-27T19:53:06,completed,web
o009892,c00583,SKU0340,1,3462,USD,2026-03-17T03:01:01,completed,marketplace
o009893,c00860,SKU0067,1,2579,USD,2026-01-19T10:24:03,refunded,web
o009894,c00334,SKU0336,2,1268,USD,2026-02-06T04:15:41,completed,web
o009895,c00596,SKU0394,1,967,USD,2026-05-04T18:35:49,completed,mobile
o009896,c00976,SKU0350,1,3604,USD,2026-03-05T22:32:24,shipped,web
o009897,c00564,SKU0342,2,1186,USD,2025-12-08T02:02:43,completed,web
o009898,c00349,SKU0222,5,5510,USD,2026-04-04T14:16:43,cancelled,mobile
o009899,c00269,SKU0463,1,2100,USD,2026-03-05T18:03:35,completed,web
o009900,c00876,SKU0214,4,7620,USD,2026-03-13T12:12:49,completed,marketplace
o009901,c00465,SKU0023,1,2615,USD,2026-04-24T18:47:40,completed,web
o009902,c00253,SKU0020,1,6142,USD,2026-02-18T01:19:04,completed,mobile
o009903,c00655,SKU0164,1,2416,USD,2026-02-25T05:15:19,completed,web
o009904,c00347,SKU0339,2,1402,USD,2026-01-11T22:41:22,completed,mobile
o009905,c00950,SKU0078,3,2757,USD,2025-12-30T04:45:48,shipped,mobile
o009906,c00423,SKU0281,2,3410,USD,2025-12-27T14:51:40,completed,mobile
o009907,c00645,SKU0172,1,6055,USD,2026-03-27T04:44:29,shipped,api
o009908,c00233,SKU0256,2,2958,USD,2026-05-08T16:56:00,cancelled,mobile
o009909,c00555,SKU0071,2,2604,USD,2026-05-04T10:44:40,completed,mobile
o009910,c00440,SKU0172,3,18165,USD,2026-01-25T06:45:42,refunded,web
o009911,c00467,SKU0317,4,23620,USD,2026-01-26T04:52:52,shipped,web
o009912,c00251,SKU0092,2,1848,USD,2026-02-16T11:45:31,completed,web
o009913,c00840,SKU0316,1,1284,USD,2026-04-27T07:02:00,completed,web
o009914,c00182,SKU0374,4,5400,USD,2026-04-16T21:52:29,completed,mobile
o009915,c00440,SKU0478,1,1273,USD,2026-01-18T12:37:55,cancelled,web
o009916,c00247,SKU0276,2,3202,USD,2026-02-01T06:43:57,cancelled,web
o009917,c00944,SKU0019,2,4078,USD,2025-12-29T18:31:27,shipped,web
o009918,c00033,SKU0059,4,4840,USD,2025-12-09T02:40:40,completed,mobile
o009919,c00351,SKU0152,1,6433,USD,2026-03-09T03:57:47,completed,mobile
o009920,c00453,SKU0161,1,1717,USD,2026-04-19T08:22:41,completed,web
o009921,c00562,SKU0414,4,13460,USD,2026-01-22T10:43:31,refunded,web
o009922,c00754,SKU0125,1,6254,USD,2026-01-30T02:35:14,completed,web
o009923,c00562,SKU0425,2,7064,USD,2026-04-11T19:29:38,refunded,mobile
o009924,c00056,SKU0349,2,2112,USD,2026-04-21T09:09:51,completed,api
o009925,c00752,SKU0407,1,2009,USD,2026-03-24T02:43:00,completed,web
o009926,c00640,SKU0237,4,11456,USD,2025-12-19T01:06:04,completed,web
o009927,c00742,SKU0402,1,2854,USD,2026-04-12T11:06:13,completed,web
o009928,c00879,SKU0045,5,8520,USD,2026-02-02T14:36:23,completed,web
o009929,c00143,SKU0440,1,2439,USD,2026-03-22T17:03:39,completed,web
o009930,c00184,SKU0276,1,1601,USD,2025-12-17T12:23:17,cancelled,mobile
o009931,c00823,SKU0489,1,2358,USD,2026-03-12T12:22:23,shipped,web
o009932,c00240,SKU0114,2,5918,USD,2026-03-31T21:03:12,completed,mobile
o009933,c00539,SKU0040,1,697,USD,2026-04-29T13:16:32,cancelled,web
o009934,c00849,SKU0151,2,6840,USD,2026-04-24T20:48:15,refunded,web
o009935,c00665,SKU0235,1,245,USD,2025-12-21T16:19:02,completed,web
o009936,c00960,SKU0046,2,1676,USD,2026-04-13T20:06:26,completed,mobile
o009937,c00946,SKU0225,1,1553,USD,2026-01-23T09:32:14,completed,mobile
o009938,c00751,SKU0164,1,2416,USD,2026-03-18T03:06:22,cancelled,mobile
o009939,c00688,SKU0442,1,1767,USD,2026-04-21T14:28:04,completed,web
o009940,c00332,SKU0069,3,11943,USD,2026-02-08T00:03:49,cancelled,marketplace
o009941,c00721,SKU0434,1,1467,USD,2026-03-17T08:07:33,refunded,web
o009942,c00721,SKU0418,2,1186,USD,2025-12-23T22:48:50,completed,web
o009943,c00421,SKU0238,1,665,USD,2026-04-05T21:48:15,refunded,web
o009944,c00141,SKU0408,2,1390,USD,2026-03-10T01:19:00,completed,web
o009945,c00643,SKU0286,1,2547,USD,2026-03-10T03:53:38,completed,api
o009946,c00968,SKU0393,1,1733,USD,2026-04-15T21:05:01,completed,web
o009947,c00265,SKU0051,1,380,USD,2026-02-07T23:27:47,refunded,web
o009948,c00536,SKU0031,1,1331,USD,2026-04-15T19:11:30,completed,web
o009949,c00131,SKU0461,1,3114,USD,2026-03-31T19:55:38,completed,web
o009950,c00555,SKU0233,2,5146,USD,2026-03-11T08:41:38,refunded,web
o009951,c00339,SKU0209,2,5384,USD,2026-03-10T12:57:10,refunded,mobile
o009952,c00350,SKU0442,1,1767,USD,2026-02-16T16:12:25,completed,web
o009953,c00854,SKU0415,1,1794,USD,2026-03-30T14:45:43,cancelled,web
o009954,c00651,SKU0001,1,741,USD,2026-03-27T05:37:39,completed,web
o009955,c00246,SKU0293,1,3176,USD,2026-03-23T00:43:04,shipped,web
o009956,c00840,SKU0391,1,6259,USD,2026-03-09T05:38:01,refunded,web
o009957,c00137,SKU0124,1,2458,USD,2025-12-09T11:28:54,cancelled,web
o009958,c00256,SKU0045,4,6816,USD,2026-03-09T13:22:47,completed,web
o009959,c00071,SKU0073,3,16086,USD,2026-04-23T18:11:12,cancelled,web
o009960,c00834,SKU0009,1,2365,USD,2026-02-17T13:43:27,completed,web
o009961,c00823,SKU0050,1,5065,USD,2026-03-21T00:09:38,completed,marketplace
o009962,c00081,SKU0271,1,1269,USD,2026-03-28T03:52:27,cancelled,web
o009963,c00650,SKU0093,1,554,USD,2026-02-06T19:26:48,completed,web
o009964,c00548,SKU0379,4,7792,USD,2026-03-18T01:22:33,completed,web
o009965,c00774,SKU0371,3,6300,USD,2026-04-27T11:50:51,completed,api
o009966,c00453,SKU0172,1,6055,USD,2026-03-18T10:00:14,completed,web
o009967,c00376,SKU0368,1,1423,USD,2026-02-21T18:17:17,cancelled,web
o009968,c00049,SKU0412,1,1429,USD,2026-03-15T06:19:19,completed,mobile
o009969,c00353,SKU0036,1,1224,USD,2026-02-23T23:14:43,completed,marketplace
o009970,c00349,SKU0043,1,2980,USD,2026-02-23T20:21:13,refunded,web
o009971,c00350,SKU0427,1,3498,USD,2026-03-12T01:22:39,completed,marketplace
o009972,c00965,SKU0211,1,1052,USD,2026-01-27T02:25:16,refunded,web
o009973,c00445,SKU0022,1,890,USD,2026-04-19T07:38:41,shipped,mobile
o009974,c00355,SKU0432,1,4370,USD,2026-03-11T12:57:42,completed,web
o009975,c00650,SKU0069,1,3981,USD,2026-01-05T15:14:37,completed,mobile
o009976,c00139,SKU0352,3,8817,USD,2026-03-12T02:26:19,refunded,web
o009977,c00484,SKU0146,3,3834,USD,2026-03-20T02:49:47,shipped,marketplace
o009978,c00734,SKU0010,2,2184,USD,2026-02-10T12:54:29,completed,mobile
o009979,c00650,SKU0021,3,2193,USD,2026-02-05T02:47:32,completed,mobile
o009980,c00877,SKU0414,4,13460,USD,2026-04-03T09:43:01,cancelled,web
o009981,c00141,SKU0310,1,2775,USD,2026-02-24T07:14:09,completed,web
o009982,c00335,SKU0463,4,8400,USD,2026-04-27T09:35:55,refunded,web
o009983,c00333,SKU0338,3,10488,USD,2026-04-22T00:08:43,shipped,web
o009984,c00878,SKU0140,3,8721,USD,2026-05-10T04:00:25,shipped,web
o009985,c00878,SKU0049,1,1403,USD,2026-04-09T19:42:36,cancelled,marketplace
o009986,c00341,SKU0422,1,1034,USD,2026-03-08T13:41:03,completed,api
o009987,c00321,SKU0257,1,5564,USD,2026-04-02T05:20:31,cancelled,web
o009988,c00847,SKU0354,1,2674,USD,2026-02-15T19:21:28,completed,mobile
o009989,c00165,SKU0045,2,3408,USD,2026-03-04T07:46:21,completed,mobile
o009990,c00549,SKU0032,5,6115,USD,2026-01-26T11:14:34,shipped,mobile
o009991,c00450,SKU0166,3,4059,USD,2026-04-23T11:39:01,refunded,web
o009992,c00960,SKU0402,2,5708,USD,2026-01-16T05:49:04,completed,web
o009993,c00068,SKU0360,1,2885,USD,2026-03-19T01:23:04,completed,web
o009994,c00460,SKU0033,3,2943,USD,2026-02-18T14:21:14,completed,mobile
o009995,c00654,SKU0060,3,12525,USD,2026-03-20T01:43:04,completed,web
o009996,c00229,SKU0166,1,1353,USD,2026-02-15T13:01:02,completed,mobile
o009997,c00854,SKU0020,2,12284,USD,2026-01-04T19:18:01,cancelled,mobile
o009998,c00284,SKU0173,1,712,USD,2026-04-23T19:28:22,cancelled,web
o009999,c00160,SKU0211,2,2104,USD,2026-02-20T02:17:13,refunded,api
o010000,c00014,SKU0490,2,2458,USD,2026-02-18T22:43:03,completed,mobile
